txn_id,customer_id,account_number,date_time,channel,direction,amount_naira,counterparty,counterparty_bank,narration,status,debited,beneficiary_credited,on_us,reversal_status,reversal_due,reversal_completed_at,reference,balance_after
TXN-003729,CUS-0302,9916038871,2026-07-23 21:29,USSD,debit,500,Airtime (fictional network),,Airtime purchase,successful,yes,,,,,,ENT695741174345,399500
TXN-001276,CUS-0105,9972234888,2026-07-23 22:29,TRANSFER,debit,50000,Yusuf B****y,Quick Fictional Bank,Transfer,successful,yes,yes,,,,,ENT690514974589,485000
TXN-005796,CUS-0469,9968933238,2026-07-24 00:09,POS,debit,7800,Bolt-like Rides (fictional),,POS purchase,successful,yes,,,,,,ENT673938288379,142200
TXN-000263,CUS-0022,9965384535,2026-07-24 00:21,POS,debit,22000,Mama Put Kitchen,,POS purchase,successful,yes,,,,,,ENT212356437626,378000
TXN-003733,CUS-0302,9916038871,2026-07-24 01:08,POS,debit,22000,Filling Station (fictional),,POS purchase,successful,yes,,,,,,ENT939701924954,377500
TXN-001293,CUS-0107,9961387303,2026-07-24 02:14,POS,debit,3500,Lekki Luxury Stores,,POS purchase,successful,yes,,,,,,ENT476486018131,146500
TXN-003294,CUS-0266,9911157896,2026-07-24 03:35,ATM,debit,40000,ENTIN ATM,,ATM withdrawal,successful,yes,,yes,,,,ENT921567306861,860000
TXN-004547,CUS-0369,9982914423,2026-07-24 03:45,POS,debit,22000,Lekki Luxury Stores,,POS purchase,successful,yes,,,,,,ENT488217050888,378000
TXN-006001,CUS-0485,9974291653,2026-07-24 04:17,WEB,debit,2500,StreamFlix (fictional),,Online card payment,successful,yes,,,,,,ENT218681934355,2497500
TXN-000499,CUS-0042,9938560739,2026-07-24 04:49,USSD,debit,5000,Airtime (fictional network),,Airtime purchase,successful,yes,,,,,,ENT402566388632,2495000
TXN-002162,CUS-0176,9948340783,2026-07-24 05:37,POS,debit,22000,Pharmacy Plus (fictional),,POS purchase,successful,yes,,,,,,ENT115166164753,58000
TXN-002541,CUS-0206,9960946297,2026-07-24 05:49,TRANSFER,debit,20000,Ikenna A*****e,Demo Microfinance Bank,Transfer,successful,yes,yes,,,,,ENT845410781269,15000
TXN-005690,CUS-0461,9906704957,2026-07-24 06:15,POS,debit,1500,Filling Station (fictional),,POS purchase,successful,yes,,,,,,ENT411867409337,148500
TXN-006048,CUS-0489,9904477391,2026-07-24 06:40,ATM,debit,10000,Other bank ATM,,ATM withdrawal,successful,yes,,no,,,,ENT129349409580,25000
TXN-002281,CUS-0186,9978728285,2026-07-24 07:33,TRANSFER,debit,10000,Bukola O***e,Quick Fictional Bank,Transfer,successful,yes,yes,,,,,ENT123750077677,2490000
TXN-003623,CUS-0293,9928185458,2026-07-24 08:02,POS,debit,1500,Lekki Luxury Stores,,POS purchase,successful,yes,,,,,,ENT804407589016,78500
TXN-004366,CUS-0355,9924902182,2026-07-24 08:10,USSD,debit,500,Airtime (fictional network),,Airtime purchase,successful,yes,,,,,,ENT537736071104,79500
TXN-000582,CUS-0048,9972987112,2026-07-24 08:23,WEB,debit,9900,Bolt-like Rides (fictional),,Online card payment,successful,yes,,,,,,ENT783904044832,2490100
TXN-000467,CUS-0039,9960824456,2026-07-24 08:52,ATM,debit,10000,Other bank ATM,,ATM withdrawal,successful,yes,,no,,,,ENT400493231490,140000
TXN-002530,CUS-0206,9960946297,2026-07-24 08:55,USSD,debit,500,Airtime (fictional network),,Airtime purchase,successful,yes,,,,,,ENT367987493060,14500
TXN-005403,CUS-0437,9935652556,2026-07-24 09:05,POS,debit,3500,QuickBuy Online (fictional),,POS purchase,successful,yes,,,,,,ENT869180379579,146500
TXN-001833,CUS-0150,9986703642,2026-07-24 09:39,USSD,debit,1000,Airtime (fictional network),,Airtime purchase,successful,yes,,,,,,ENT968274678839,34000
TXN-000792,CUS-0066,9915141363,2026-07-24 09:47,POS,debit,22000,Bolt-like Rides (fictional),,POS purchase,successful,yes,,,,,,ENT398967742193,2478000
TXN-002575,CUS-0209,9986925245,2026-07-24 10:12,USSD,debit,2000,Airtime (fictional network),,Airtime purchase,successful,yes,,,,,,ENT336709068892,33000
TXN-005563,CUS-0451,9961219558,2026-07-24 10:16,POS,debit,45000,Lekki Luxury Stores,,POS purchase,successful,yes,,,,,,ENT706424059834,35000
TXN-001802,CUS-0148,9929634769,2026-07-24 10:25,TRANSFER,debit,5000,Blessing O*****o,Fictional Trust Bank,Transfer,successful,yes,yes,,,,,ENT428062923920,395000
TXN-004270,CUS-0347,9910644250,2026-07-24 10:53,TRANSFER,debit,100000,Idara O******e,Quick Fictional Bank,Transfer,successful,yes,yes,,,,,ENT100195702894,300000
TXN-006155,CUS-0497,9975222469,2026-07-24 10:57,USSD,debit,2000,Airtime (fictional network),,Airtime purchase,successful,yes,,,,,,ENT148382698579,33000
TXN-004727,CUS-0383,9903971634,2026-07-24 11:04,TRANSFER,debit,10000,Nnamdi B****e,Sample Savings Bank,Transfer,successful,yes,yes,,,,,ENT367421011806,890000
TXN-000281,CUS-0023,9902145842,2026-07-24 11:09,USSD,debit,5000,Airtime (fictional network),,Airtime purchase,successful,yes,,,,,,ENT975692872250,75000
TXN-003682,CUS-0298,9994675331,2026-07-24 11:29,ATM,debit,40000,Other bank ATM,,ATM withdrawal,successful,yes,,no,,,,ENT634082203970,495000
TXN-005983,CUS-0484,9979764044,2026-07-24 11:32,POS,debit,22000,Filling Station (fictional),,POS purchase,successful,yes,,,,,,ENT495163817990,13000
TXN-006110,CUS-0494,9961232402,2026-07-24 12:41,POS,debit,1500,ShopRite-like Store (fictional),,POS purchase,successful,yes,,,,,,ENT398137405055,78500
TXN-002106,CUS-0172,9933836620,2026-07-24 12:44,ATM,debit,40000,Other bank ATM,,ATM withdrawal,successful,yes,,no,,,,ENT916554684041,860000
TXN-004555,CUS-0370,9934238589,2026-07-24 12:49,POS,debit,3500,QuickBuy Online (fictional),,POS purchase,successful,yes,,,,,,ENT616309672337,896500
TXN-004054,CUS-0329,9953759147,2026-07-24 13:29,USSD,debit,500,Airtime (fictional network),,Airtime purchase,successful,yes,,,,,,ENT603123533466,79500
TXN-002879,CUS-0233,9907462096,2026-07-24 13:48,POS,debit,12500,Pharmacy Plus (fictional),,POS purchase,successful,yes,,,,,,ENT652053935416,67500
TXN-002401,CUS-0195,9911125736,2026-07-24 14:10,TRANSFER,debit,100000,Grace F*****a,Placeholder Bank,Transfer,successful,yes,yes,,,,,ENT501017721300,2400000
TXN-000337,CUS-0028,9955696327,2026-07-24 14:16,TRANSFER,debit,35000,Maryam I***s,Demo Microfinance Bank,Transfer,successful,yes,yes,,,,,ENT376735730890,115000
TXN-005865,CUS-0475,9942169114,2026-07-24 14:23,POS,debit,3500,Lekki Luxury Stores,,POS purchase,successful,yes,,,,,,ENT145629551715,146500
TXN-003042,CUS-0245,9974242558,2026-07-24 15:01,TRANSFER,debit,5000,Segun F*****a,Quick Fictional Bank,Transfer,successful,yes,yes,,,,,ENT322118945248,2495000
TXN-000881,CUS-0073,9929770579,2026-07-24 15:21,TRANSFER,debit,10000,Kemi D*****a,Fictional Trust Bank,Transfer,successful,yes,yes,,,,,ENT736643020323,890000
TXN-001967,CUS-0161,9950062013,2026-07-24 15:42,ATM,debit,40000,Other bank ATM,,ATM withdrawal,successful,yes,,no,,,,ENT595223465387,2460000
TXN-003969,CUS-0322,9949912955,2026-07-24 16:08,POS,debit,7800,Bolt-like Rides (fictional),,POS purchase,successful,yes,,,,,,ENT588223568582,2492200
TXN-003591,CUS-0290,9927406438,2026-07-24 16:12,TRANSFER,debit,50000,Ese N***u,Fictional Trust Bank,Transfer,successful,yes,yes,,,,,ENT988113648538,350000
TXN-004630,CUS-0375,9951549033,2026-07-24 16:16,TRANSFER,debit,50000,Chinedu A***u,Fictional Trust Bank,Transfer,successful,yes,yes,,,,,ENT456280341081,100000
TXN-000423,CUS-0035,9955689832,2026-07-24 16:58,ATM,debit,40000,ENTIN ATM,,ATM withdrawal,successful,yes,,yes,,,,ENT199545988884,2460000
TXN-003851,CUS-0312,9975337207,2026-07-24 16:59,WEB,debit,15000,Lekki Luxury Stores,,Online card payment,successful,yes,,,,,,ENT118404992824,135000
TXN-003147,CUS-0253,9919879915,2026-07-24 17:16,TRANSFER,debit,5000,Gerald I*e,Fictional Trust Bank,Transfer,successful,yes,yes,,,,,ENT371904032371,30000
TXN-003599,CUS-0291,9978065578,2026-07-24 17:25,USSD,debit,500,Airtime (fictional network),,Airtime purchase,successful,yes,,,,,,ENT385237435361,149500
TXN-005346,CUS-0433,9973633995,2026-07-24 17:32,TRANSFER,debit,100000,Godwin N***u,Fictional Trust Bank,Transfer,successful,yes,yes,,,,,ENT244201021304,800000
TXN-000297,CUS-0025,9948452630,2026-07-24 17:34,TRANSFER,debit,100000,Aminu A***u,Fictional Trust Bank,Transfer,successful,yes,yes,,,,,ENT552314072960,300000
TXN-004311,CUS-0350,9941377678,2026-07-24 17:34,TRANSFER,debit,100000,Godwin I***s,Placeholder Bank,Transfer,successful,yes,yes,,,,,ENT127970641002,800000
TXN-002833,CUS-0229,9993322503,2026-07-24 17:37,USSD,debit,1000,Airtime (fictional network),,Airtime purchase,successful,yes,,,,,,ENT721091718946,399000
TXN-001271,CUS-0105,9972234888,2026-07-24 17:39,WEB,debit,9900,Lekki Luxury Stores,,Online card payment,successful,yes,,,,,,ENT441270427434,475100
TXN-001782,CUS-0146,9915789794,2026-07-24 17:54,POS,debit,3500,QuickBuy Online (fictional),,POS purchase,successful,yes,,,,,,ENT675602595085,76500
TXN-005637,CUS-0456,9972514839,2026-07-24 18:38,WEB,debit,15000,QuickBuy Online (fictional),,Online card payment,successful,yes,,,,,,ENT689611412123,20000
TXN-001386,CUS-0114,9944317367,2026-07-24 19:09,POS,debit,1500,Pharmacy Plus (fictional),,POS purchase,successful,yes,,,,,,ENT821627047359,78500
TXN-005465,CUS-0443,9932469947,2026-07-24 19:10,POS,debit,12500,ShopRite-like Store (fictional),,POS purchase,successful,yes,,,,,,ENT343520074455,22500
TXN-004095,CUS-0333,9934134297,2026-07-24 19:39,TRANSFER,debit,10000,Yemisi L***l,Quick Fictional Bank,Transfer,successful,yes,yes,,,,,ENT294505272086,140000
TXN-002087,CUS-0170,9942564933,2026-07-24 19:47,ATM,debit,10000,ENTIN ATM,,ATM withdrawal,successful,yes,,yes,,,,ENT684967551651,390000
TXN-000092,CUS-0008,9971475136,2026-07-24 19:57,POS,debit,12500,Lekki Luxury Stores,,POS purchase,successful,yes,,,,,,ENT705814724025,493700
TXN-003575,CUS-0289,9944712177,2026-07-24 19:57,TRANSFER,debit,50000,Wale N*******u,Demo Microfinance Bank,Transfer,successful,yes,yes,,,,,ENT584665805065,850000
TXN-005630,CUS-0456,9972514839,2026-07-24 20:11,WEB,debit,15000,Lekki Luxury Stores,,Online card payment,successful,yes,,,,,,ENT866200946461,5000
TXN-003179,CUS-0256,9912443952,2026-07-24 20:19,TRANSFER,debit,20000,Obinna A*******i,Sample Savings Bank,Transfer,successful,yes,yes,,,,,ENT458754639926,880000
TXN-003554,CUS-0287,9969449775,2026-07-24 21:14,POS,debit,22000,Lekki Luxury Stores,,POS purchase,successful,yes,,,,,,ENT496708421608,13000
TXN-001549,CUS-0127,9911211684,2026-07-24 21:22,USSD,debit,5000,Airtime (fictional network),,Airtime purchase,successful,yes,,,,,,ENT663777514767,30000
TXN-001836,CUS-0150,9986703642,2026-07-24 21:48,TRANSFER,debit,100000,Ogechi O******e,Placeholder Bank,Transfer,successful,yes,yes,,,,,ENT834635078412,434000
TXN-002285,CUS-0186,9978728285,2026-07-24 22:14,POS,debit,12500,Lekki Luxury Stores,,POS purchase,successful,yes,,,,,,ENT720427576440,2477500
TXN-000526,CUS-0044,9933042845,2026-07-24 22:45,TRANSFER,debit,100000,Blessing E*e,Sample Savings Bank,Transfer,successful,yes,yes,,,,,ENT767106170803,800000
TXN-000854,CUS-0071,9903048877,2026-07-24 22:48,POS,debit,12500,Mama Put Kitchen,,POS purchase,successful,yes,,,,,,ENT701527271861,22500
TXN-002080,CUS-0170,9942564933,2026-07-24 23:10,WEB,debit,2500,QuickBuy Online (fictional),,Online card payment,successful,yes,,,,,,ENT593479835301,387500
TXN-005681,CUS-0460,9955245029,2026-07-24 23:11,TRANSFER,debit,35000,Chioma S****i,Sample Savings Bank,Transfer,successful,yes,yes,,,,,ENT238305380924,45000
TXN-004194,CUS-0341,9911918995,2026-07-24 23:19,TRANSFER,debit,35000,Tunde A*****a,Demo Microfinance Bank,Transfer,successful,yes,yes,,,,,ENT364747101865,0
TXN-001521,CUS-0124,9949138114,2026-07-24 23:40,POS,debit,1500,Filling Station (fictional),,POS purchase,successful,yes,,,,,,ENT125745610129,148500
TXN-003678,CUS-0297,9929017205,2026-07-24 23:54,WEB,debit,2500,QuickBuy Online (fictional),,Online card payment,successful,yes,,,,,,ENT441042256511,897500
TXN-002432,CUS-0198,9908529541,2026-07-25 00:22,USSD,debit,500,Airtime (fictional network),,Airtime purchase,successful,yes,,,,,,ENT982602262618,79500
TXN-005148,CUS-0417,9965144969,2026-07-25 00:23,TRANSFER,debit,100000,Ikenna I*e,Fictional Trust Bank,Transfer,successful,yes,yes,,,,,ENT591876118146,800000
TXN-004106,CUS-0334,9962266421,2026-07-25 00:29,POS,debit,3500,Pharmacy Plus (fictional),,POS purchase,successful,yes,,,,,,ENT356038306820,896500
TXN-005241,CUS-0425,9940818369,2026-07-25 00:35,USSD,debit,500,Airtime (fictional network),,Airtime purchase,successful,yes,,,,,,ENT798950534681,34500
TXN-002378,CUS-0194,9953387952,2026-07-25 00:47,TRANSFER,debit,100000,Funke D*****a,Quick Fictional Bank,Transfer,successful,yes,yes,,,,,ENT594885575359,300000
TXN-001111,CUS-0092,9995444615,2026-07-25 00:57,ATM,debit,10000,ENTIN ATM,,ATM withdrawal,successful,yes,,yes,,,,ENT567449886526,890000
TXN-003728,CUS-0302,9916038871,2026-07-25 01:16,TRANSFER,debit,100000,Gerald E**t,Demo Microfinance Bank,Transfer,successful,yes,yes,,,,,ENT775135706539,277500
TXN-000532,CUS-0044,9933042845,2026-07-25 01:22,POS,debit,12500,Market Stall POS,,POS purchase,successful,yes,,,,,,ENT924323829765,787500
TXN-001869,CUS-0153,9979262701,2026-07-25 01:25,WEB,debit,4500,QuickBuy Online (fictional),,Online card payment,successful,yes,,,,,,ENT843099896818,145500
TXN-005838,CUS-0472,9933859016,2026-07-25 01:27,TRANSFER,debit,20000,Grace E*e,Demo Microfinance Bank,Transfer,successful,yes,yes,,,,,ENT564936148649,880000
TXN-004458,CUS-0362,9925256262,2026-07-25 01:34,TRANSFER,debit,100000,Femi I*e,Placeholder Bank,Transfer,successful,yes,yes,,,,,ENT998029186262,480000
TXN-001504,CUS-0123,9961205593,2026-07-25 02:09,TRANSFER,debit,35000,Chioma O******i,Fictional Trust Bank,Transfer,successful,yes,yes,,,,,ENT898463572529,0
TXN-000433,CUS-0036,9926978043,2026-07-25 02:21,TRANSFER,debit,50000,Gerald I**e,Demo Microfinance Bank,Transfer,successful,yes,yes,,,,,ENT109661843630,485000
TXN-000267,CUS-0022,9965384535,2026-07-25 02:33,POS,debit,1500,StreamFlix (fictional),,POS purchase,successful,yes,,,,,,ENT638893009172,376500
TXN-002713,CUS-0220,9986070448,2026-07-25 02:54,USSD,debit,500,Airtime (fictional network),,Airtime purchase,successful,yes,,,,,,ENT954403743337,399500
TXN-002122,CUS-0173,9937785973,2026-07-25 03:05,POS,debit,3500,Lekki Luxury Stores,,POS purchase,successful,yes,,,,,,ENT814838704886,896500
TXN-004550,CUS-0369,9982914423,2026-07-25 03:51,USSD,debit,500,Airtime (fictional network),,Airtime purchase,successful,yes,,,,,,ENT394696190905,377500
TXN-000066,CUS-0006,9988766344,2026-07-25 05:22,TRANSFER,debit,20000,Hadiza O****e,Demo Microfinance Bank,Transfer,successful,yes,yes,,,,,ENT122649863660,880000
TXN-004308,CUS-0350,9941377678,2026-07-25 05:51,POS,debit,7800,Mama Put Kitchen,,POS purchase,successful,yes,,,,,,ENT732612726714,792200
TXN-001184,CUS-0098,9958025797,2026-07-25 06:12,USSD,debit,2000,Airtime (fictional network),,Airtime purchase,successful,yes,,,,,,ENT565067356313,398000
TXN-001199,CUS-0099,9936708878,2026-07-25 06:12,POS,debit,7800,StreamFlix (fictional),,POS purchase,successful,yes,,,,,,ENT116994520883,2492200
TXN-005778,CUS-0468,9916264223,2026-07-25 06:20,TRANSFER,debit,100000,Precious E****g,Quick Fictional Bank,Transfer,successful,yes,yes,,,,,ENT996412494625,800000
TXN-001234,CUS-0102,9912452877,2026-07-25 06:36,POS,debit,45000,Pharmacy Plus (fictional),,POS purchase,successful,yes,,,,,,ENT251477674826,35000
TXN-001890,CUS-0155,9924565054,2026-07-25 06:37,POS,debit,12500,Bolt-like Rides (fictional),,POS purchase,successful,yes,,,,,,ENT122054424544,22500
TXN-003514,CUS-0284,9966833571,2026-07-25 07:10,TRANSFER,debit,20000,Uche C****u,Placeholder Bank,Transfer,successful,yes,yes,,,,,ENT399597459653,880000
TXN-006073,CUS-0491,9971365877,2026-07-25 07:15,POS,debit,1500,StreamFlix (fictional),,POS purchase,successful,yes,,,,,,ENT613068661940,398500
TXN-005031,CUS-0408,9988225489,2026-07-25 07:24,ATM,debit,40000,Other bank ATM,,ATM withdrawal,successful,yes,,no,,,,ENT588644623390,360000
TXN-000367,CUS-0031,9984951838,2026-07-25 07:51,TRANSFER,debit,5000,Wale Y***f,Demo Microfinance Bank,Transfer,successful,yes,yes,,,,,ENT759173457099,395000
TXN-005758,CUS-0466,9921435033,2026-07-25 08:31,POS,debit,12500,ShopRite-like Store (fictional),,POS purchase,successful,yes,,,,,,ENT991893003265,22500
TXN-004949,CUS-0401,9916928668,2026-07-25 08:38,POS,debit,12500,Mama Put Kitchen,,POS purchase,successful,yes,,,,,,ENT133106311550,137500
TXN-004826,CUS-0391,9920137304,2026-07-25 08:52,WEB,debit,4500,Lekki Luxury Stores,,Online card payment,successful,yes,,,,,,ENT562423724606,30500
TXN-001677,CUS-0137,9965386482,2026-07-25 08:56,USSD,debit,5000,Airtime (fictional network),,Airtime purchase,successful,yes,,,,,,ENT701959568860,145000
TXN-002345,CUS-0191,9904355683,2026-07-25 09:02,POS,debit,7800,ShopRite-like Store (fictional),,POS purchase,successful,yes,,,,,,ENT178135634275,142200
TXN-000029,CUS-0003,9944729405,2026-07-25 09:48,TRANSFER,debit,20000,Musa A*****o,Quick Fictional Bank,Transfer,successful,yes,yes,,,,,ENT383434540713,15000
TXN-005502,CUS-0446,9965552641,2026-07-25 10:09,USSD,debit,1000,Airtime (fictional network),,Airtime purchase,successful,yes,,,,,,ENT898674695766,34000
TXN-003003,CUS-0242,9902208747,2026-07-25 10:10,ATM,debit,40000,Other bank ATM,,ATM withdrawal,successful,yes,,no,,,,ENT762924001230,2460000
TXN-003919,CUS-0318,9973536623,2026-07-25 10:21,POS,debit,3500,Mama Put Kitchen,,POS purchase,successful,yes,,,,,,ENT636784437015,396500
TXN-000571,CUS-0047,9969585190,2026-07-25 10:42,POS,debit,12500,Bolt-like Rides (fictional),,POS purchase,successful,yes,,,,,,ENT782618504649,137500
TXN-004611,CUS-0374,9931151207,2026-07-25 10:42,TRANSFER,debit,20000,Adebayo O******e,Quick Fictional Bank,Transfer,successful,yes,yes,,,,,ENT778832521318,60000
TXN-003226,CUS-0260,9952562853,2026-07-25 10:45,USSD,debit,2000,Airtime (fictional network),,Airtime purchase,successful,yes,,,,,,ENT859802078368,148000
TXN-002834,CUS-0229,9993322503,2026-07-25 11:13,POS,debit,1500,ShopRite-like Store (fictional),,POS purchase,successful,yes,,,,,,ENT342671798417,397500
TXN-001249,CUS-0103,9949574415,2026-07-25 11:46,POS,debit,45000,QuickBuy Online (fictional),,POS purchase,successful,yes,,,,,,ENT923507735122,105000
TXN-000805,CUS-0067,9964668631,2026-07-25 12:11,WEB,debit,4500,Bolt-like Rides (fictional),,Online card payment,successful,yes,,,,,,ENT763327835183,30500
TXN-004556,CUS-0370,9934238589,2026-07-25 12:14,POS,debit,12500,ShopRite-like Store (fictional),,POS purchase,successful,yes,,,,,,ENT478686696628,884000
TXN-004450,CUS-0361,9980291368,2026-07-25 12:20,TRANSFER,debit,20000,Ronke O***o,Demo Microfinance Bank,Transfer,successful,yes,yes,,,,,ENT527528691531,130000
TXN-002982,CUS-0240,9926272745,2026-07-25 12:21,WEB,debit,9900,QuickBuy Online (fictional),,Online card payment,successful,yes,,,,,,ENT380059352177,390100
TXN-005007,CUS-0406,9986833881,2026-07-25 12:24,TRANSFER,debit,50000,Adebayo L***l,Fictional Trust Bank,Transfer,successful,yes,yes,,,,,ENT310201215410,30000
TXN-003193,CUS-0257,9903889054,2026-07-25 12:41,TRANSFER,debit,35000,Ronke O******e,Fictional Trust Bank,Transfer,successful,yes,yes,,,,,ENT506699181660,865000
TXN-004584,CUS-0372,9937583244,2026-07-25 12:49,POS,debit,1500,StreamFlix (fictional),,POS purchase,successful,yes,,,,,,ENT218047997113,898500
TXN-003468,CUS-0280,9952498676,2026-07-25 12:50,TRANSFER,debit,5000,Abubakar O******e,Sample Savings Bank,Transfer,successful,yes,yes,,,,,ENT605735782217,75000
TXN-003491,CUS-0282,9946306844,2026-07-25 12:56,POS,debit,1500,Bolt-like Rides (fictional),,POS purchase,successful,yes,,,,,,ENT433168972687,898500
TXN-001172,CUS-0097,9961807567,2026-07-25 13:08,POS,debit,3500,StreamFlix (fictional),,POS purchase,successful,yes,,,,,,ENT174064650079,2496500
TXN-002272,CUS-0185,9962334551,2026-07-25 13:33,POS,debit,1500,Market Stall POS,,POS purchase,successful,yes,,,,,,ENT995171222903,33500
TXN-005231,CUS-0424,9968184455,2026-07-25 13:34,POS,debit,12500,Market Stall POS,,POS purchase,successful,yes,,,,,,ENT455554179613,67500
TXN-003318,CUS-0268,9995728062,2026-07-25 14:01,ATM,debit,20000,Other bank ATM,,ATM withdrawal,successful,yes,,no,,,,ENT711676840977,380000
TXN-000327,CUS-0027,9935795111,2026-07-25 14:13,POS,debit,45000,Pharmacy Plus (fictional),,POS purchase,successful,yes,,,,,,ENT129285614251,855000
TXN-001931,CUS-0158,9916441320,2026-07-25 14:13,TRANSFER,debit,5000,Yusuf O******i,Quick Fictional Bank,Transfer,successful,yes,yes,,,,,ENT420891819673,895000
TXN-005279,CUS-0428,9988816041,2026-07-25 14:47,USSD,debit,2000,Airtime (fictional network),,Airtime purchase,successful,yes,,,,,,ENT727774797401,78000
TXN-003361,CUS-0271,9915845459,2026-07-25 14:51,POS,debit,45000,Mama Put Kitchen,,POS purchase,successful,yes,,,,,,ENT439502283324,355000
TXN-002058,CUS-0168,9989354914,2026-07-25 15:01,POS,debit,1500,StreamFlix (fictional),,POS purchase,successful,yes,,,,,,ENT226075365835,2498500
TXN-004822,CUS-0391,9920137304,2026-07-25 15:13,POS,debit,1500,QuickBuy Online (fictional),,POS purchase,successful,yes,,,,,,ENT212799407496,29000
TXN-004390,CUS-0356,9916389373,2026-07-25 16:02,POS,debit,7800,Bolt-like Rides (fictional),,POS purchase,successful,yes,,,,,,ENT942418375427,142200
TXN-004354,CUS-0354,9973080669,2026-07-25 16:21,USSD,debit,5000,Airtime (fictional network),,Airtime purchase,successful,yes,,,,,,ENT238905757464,145000
TXN-002113,CUS-0172,9933836620,2026-07-25 16:22,TRANSFER,debit,10000,Hauwa A*****e,Quick Fictional Bank,Transfer,successful,yes,yes,,,,,ENT266974101119,850000
TXN-004431,CUS-0360,9950802361,2026-07-25 17:04,TRANSFER,debit,20000,Halima E**m,Demo Microfinance Bank,Transfer,successful,yes,yes,,,,,ENT400568402455,2480000
TXN-002816,CUS-0228,9954375149,2026-07-25 17:16,ATM,debit,20000,Other bank ATM,,ATM withdrawal,successful,yes,,no,,,,ENT376240961268,15000
TXN-005163,CUS-0418,9975201362,2026-07-25 18:23,TRANSFER,debit,35000,Ese O******i,Quick Fictional Bank,Transfer,successful,yes,yes,,,,,ENT162127201701,2465000
TXN-000449,CUS-0037,9980700159,2026-07-25 18:31,ATM,debit,40000,ENTIN ATM,,ATM withdrawal,successful,yes,,yes,,,,ENT530308326211,860000
TXN-006082,CUS-0492,9909587010,2026-07-25 18:32,USSD,debit,1000,Airtime (fictional network),,Airtime purchase,successful,yes,,,,,,ENT527556536595,899000
TXN-002955,CUS-0238,9937467651,2026-07-25 18:35,ATM,debit,20000,Other bank ATM,,ATM withdrawal,successful,yes,,no,,,,ENT579502383979,130000
TXN-005458,CUS-0442,9996044337,2026-07-25 19:07,TRANSFER,debit,50000,Godwin I***s,Placeholder Bank,Transfer,successful,yes,yes,,,,,ENT985446439746,2450000
TXN-003163,CUS-0255,9927357934,2026-07-25 19:15,WEB,debit,2500,QuickBuy Online (fictional),,Online card payment,successful,yes,,,,,,ENT527837802792,897500
TXN-005353,CUS-0434,9998934709,2026-07-25 19:21,WEB,debit,9900,StreamFlix (fictional),,Online card payment,successful,yes,,,,,,ENT214398486904,390100
TXN-005939,CUS-0481,9939475693,2026-07-25 19:51,POS,debit,3500,ShopRite-like Store (fictional),,POS purchase,successful,yes,,,,,,ENT147107280158,31500
TXN-005211,CUS-0422,9981759426,2026-07-25 19:57,USSD,debit,500,Airtime (fictional network),,Airtime purchase,successful,yes,,,,,,ENT168369460532,899500
TXN-005150,CUS-0417,9965144969,2026-07-25 20:13,TRANSFER,debit,50000,Yemisi O******e,Demo Microfinance Bank,Transfer,successful,yes,yes,,,,,ENT191954560415,750000
TXN-000277,CUS-0023,9902145842,2026-07-25 20:51,POS,debit,7800,ShopRite-like Store (fictional),,POS purchase,successful,yes,,,,,,ENT388159649951,67200
TXN-003242,CUS-0261,9911168312,2026-07-25 20:52,TRANSFER,debit,10000,Daniel O******i,Quick Fictional Bank,Transfer,successful,yes,yes,,,,,ENT230266561758,890000
TXN-000943,CUS-0078,9938696953,2026-07-25 20:53,TRANSFER,debit,5000,Seun L***l,Fictional Trust Bank,Transfer,successful,yes,yes,,,,,ENT740499043449,2495000
TXN-002744,CUS-0222,9943397743,2026-07-25 20:59,POS,debit,12500,StreamFlix (fictional),,POS purchase,successful,yes,,,,,,ENT941563031068,67500
TXN-004136,CUS-0336,9952764504,2026-07-25 21:38,TRANSFER,debit,5000,Usman B****y,Sample Savings Bank,Transfer,successful,yes,yes,,,,,ENT970395253455,30000
TXN-000655,CUS-0054,9918621076,2026-07-25 22:13,ATM,debit,40000,Other bank ATM,,ATM withdrawal,successful,yes,,no,,,,ENT282766260290,360000
TXN-005329,CUS-0432,9901762982,2026-07-25 22:19,POS,debit,12500,Pharmacy Plus (fictional),,POS purchase,successful,yes,,,,,,ENT724518850360,387500
TXN-005070,CUS-0411,9993781137,2026-07-25 23:01,POS,debit,1500,Pharmacy Plus (fictional),,POS purchase,successful,yes,,,,,,ENT596061105308,78500
TXN-001840,CUS-0151,9923911317,2026-07-25 23:14,WEB,debit,2500,Lekki Luxury Stores,,Online card payment,successful,yes,,,,,,ENT215610223492,897500
TXN-003499,CUS-0282,9946306844,2026-07-25 23:40,USSD,debit,5000,Airtime (fictional network),,Airtime purchase,successful,yes,,,,,,ENT666869191788,893500
TXN-004637,CUS-0376,9965266631,2026-07-25 23:52,TRANSFER,debit,20000,Ngozi B****y,Demo Microfinance Bank,Transfer,successful,yes,yes,,,,,ENT759256575854,15000
TXN-003894,CUS-0315,9960596727,2026-07-26 00:07,POS,debit,3500,Pharmacy Plus (fictional),,POS purchase,successful,yes,,,,,,ENT102897301995,896500
TXN-005420,CUS-0439,9979594787,2026-07-26 00:12,POS,debit,7800,Filling Station (fictional),,POS purchase,successful,yes,,,,,,ENT529105944866,72200
TXN-002135,CUS-0174,9904061872,2026-07-26 00:32,POS,debit,7800,Pharmacy Plus (fictional),,POS purchase,successful,yes,,,,,,ENT709239418974,2492200
TXN-000289,CUS-0024,9988281126,2026-07-26 00:48,WEB,debit,9900,QuickBuy Online (fictional),,Online card payment,successful,yes,,,,,,ENT382798878501,2490100
TXN-001690,CUS-0138,9902372961,2026-07-26 00:53,USSD,debit,500,Airtime (fictional network),,Airtime purchase,successful,yes,,,,,,ENT840229518851,899500
TXN-003685,CUS-0298,9994675331,2026-07-26 00:58,WEB,debit,15000,StreamFlix (fictional),,Online card payment,successful,yes,,,,,,ENT933290453639,480000
TXN-002407,CUS-0196,9967074401,2026-07-26 01:05,POS,debit,45000,Filling Station (fictional),,POS purchase,successful,yes,,,,,,ENT731714407615,105000
TXN-000135,CUS-0012,9975177992,2026-07-26 01:14,WEB,debit,2500,QuickBuy Online (fictional),,Online card payment,successful,yes,,,,,,ENT646568816325,2497500
TXN-000862,CUS-0072,9904030042,2026-07-26 01:30,TRANSFER,debit,20000,Kemi O******e,Sample Savings Bank,Transfer,successful,yes,yes,,,,,ENT968363452367,2480000
TXN-002013,CUS-0164,9963544644,2026-07-26 01:33,ATM,debit,10000,ENTIN ATM,,ATM withdrawal,successful,yes,,yes,,,,ENT863996963845,890000
TXN-004510,CUS-0366,9961438798,2026-07-26 01:44,TRANSFER,debit,20000,Funke I*e,Demo Microfinance Bank,Transfer,successful,yes,yes,,,,,ENT209551136741,60000
TXN-000208,CUS-0018,9946450604,2026-07-26 01:45,POS,debit,3500,StreamFlix (fictional),,POS purchase,successful,yes,,,,,,ENT535393224743,76500
TXN-005952,CUS-0482,9931572769,2026-07-26 02:03,WEB,debit,9900,Lekki Luxury Stores,,Online card payment,successful,yes,,,,,,ENT900014060019,70100
TXN-000513,CUS-0043,9985469059,2026-07-26 02:08,ATM,debit,10000,ENTIN ATM,,ATM withdrawal,successful,yes,,yes,,,,ENT998883930939,140000
TXN-005770,CUS-0467,9930828759,2026-07-26 02:18,POS,debit,7800,QuickBuy Online (fictional),,POS purchase,successful,yes,,,,,,ENT327681426082,2492200
TXN-000722,CUS-0060,9906424829,2026-07-26 02:23,TRANSFER,debit,10000,Emeka I***s,Demo Microfinance Bank,Transfer,successful,yes,yes,,,,,ENT558539123857,2490000
TXN-000601,CUS-0049,9996745219,2026-07-26 02:34,ATM,debit,20000,ENTIN ATM,,ATM withdrawal,successful,yes,,yes,,,,ENT321935740475,880000
TXN-003492,CUS-0282,9946306844,2026-07-26 02:37,TRANSFER,debit,10000,Yemisi E**t,Demo Microfinance Bank,Transfer,successful,yes,yes,,,,,ENT462972833995,883500
TXN-005159,CUS-0418,9975201362,2026-07-26 02:42,POS,debit,7800,QuickBuy Online (fictional),,POS purchase,successful,yes,,,,,,ENT200736996669,2457200
TXN-000723,CUS-0060,9906424829,2026-07-26 03:11,TRANSFER,debit,10000,Dayo O***o,Sample Savings Bank,Transfer,successful,yes,yes,,,,,ENT387495442277,2480000
TXN-005219,CUS-0423,9996846104,2026-07-26 03:30,POS,debit,7800,Mama Put Kitchen,,POS purchase,successful,yes,,,,,,ENT857833909035,2492200
TXN-003867,CUS-0313,9946277869,2026-07-26 03:54,TRANSFER,debit,100000,Godwin A*****e,Placeholder Bank,Transfer,successful,yes,yes,,,,,ENT195588883445,2400000
TXN-005193,CUS-0421,9917263678,2026-07-26 04:03,USSD,debit,5000,Airtime (fictional network),,Airtime purchase,successful,yes,,,,,,ENT270007942028,30000
TXN-000986,CUS-0082,9942764129,2026-07-26 04:10,TRANSFER,debit,100000,Femi A***u,Placeholder Bank,Transfer,successful,yes,yes,,,,,ENT869063385282,300000
TXN-000408,CUS-0034,9918847918,2026-07-26 04:17,USSD,debit,5000,Airtime (fictional network),,Airtime purchase,successful,yes,,,,,,ENT797998236387,30000
TXN-003698,CUS-0299,9903987204,2026-07-26 04:40,WEB,debit,4500,QuickBuy Online (fictional),,Online card payment,successful,yes,,,,,,ENT738216293376,30500
TXN-000108,CUS-0009,9993319084,2026-07-26 05:27,USSD,debit,5000,Airtime (fictional network),,Airtime purchase,successful,yes,,,,,,ENT672635217197,2495000
TXN-002328,CUS-0190,9967378530,2026-07-26 05:44,POS,debit,12500,Pharmacy Plus (fictional),,POS purchase,successful,yes,,,,,,ENT225662542628,887500
TXN-000415,CUS-0035,9955689832,2026-07-26 05:46,WEB,debit,15000,Lekki Luxury Stores,,Online card payment,successful,yes,,,,,,ENT463216289303,2445000
TXN-005887,CUS-0476,9990474627,2026-07-26 05:48,WEB,debit,9900,QuickBuy Online (fictional),,Online card payment,successful,yes,,,,,,ENT546190784290,2490100
TXN-000004,CUS-0001,9913998698,2026-07-26 06:33,POS,debit,1500,ShopRite-like Store (fictional),,POS purchase,successful,yes,,,,,,ENT822460048311,148500
TXN-002406,CUS-0196,9967074401,2026-07-26 06:45,ATM,debit,40000,ENTIN ATM,,ATM withdrawal,successful,yes,,yes,,,,ENT758686889733,65000
TXN-000967,CUS-0080,9903022502,2026-07-26 07:15,POS,debit,12500,StreamFlix (fictional),,POS purchase,successful,yes,,,,,,ENT656985382814,67500
TXN-000304,CUS-0025,9948452630,2026-07-26 07:17,POS,debit,7800,Bolt-like Rides (fictional),,POS purchase,successful,yes,,,,,,ENT652496997018,292200
TXN-002516,CUS-0204,9937567822,2026-07-26 07:30,POS,debit,22000,Bolt-like Rides (fictional),,POS purchase,successful,yes,,,,,,ENT345715353493,128000
TXN-005671,CUS-0459,9996173946,2026-07-26 07:55,TRANSFER,debit,35000,Adebayo A***u,Sample Savings Bank,Transfer,successful,yes,yes,,,,,ENT120471460594,45000
TXN-005401,CUS-0437,9935652556,2026-07-26 08:07,TRANSFER,debit,35000,Ikenna O******i,Sample Savings Bank,Transfer,successful,yes,yes,,,,,ENT559410701867,111500
TXN-004082,CUS-0332,9988059718,2026-07-26 08:40,POS,debit,7800,Filling Station (fictional),,POS purchase,successful,yes,,,,,,ENT431667103851,2492200
TXN-006139,CUS-0496,9992039930,2026-07-26 08:44,ATM,debit,10000,ENTIN ATM,,ATM withdrawal,successful,yes,,yes,,,,ENT748967977433,2490000
TXN-005677,CUS-0460,9955245029,2026-07-26 08:59,ATM,debit,40000,Other bank ATM,,ATM withdrawal,successful,yes,,no,,,,ENT736705890082,5000
TXN-002660,CUS-0216,9903471072,2026-07-26 09:11,TRANSFER,debit,50000,Ese A*******i,Sample Savings Bank,Transfer,successful,yes,yes,,,,,ENT690720461056,2450000
TXN-003897,CUS-0316,9928767202,2026-07-26 09:11,USSD,debit,500,Airtime (fictional network),,Airtime purchase,successful,yes,,,,,,ENT510376280650,899500
TXN-000789,CUS-0065,9977605538,2026-07-26 09:15,ATM,debit,40000,ENTIN ATM,,ATM withdrawal,successful,yes,,yes,,,,ENT242221742626,40000
TXN-004829,CUS-0391,9920137304,2026-07-26 10:13,ATM,debit,40000,ENTIN ATM,,ATM withdrawal,successful,yes,,yes,,,,ENT550701555679,489000
TXN-002489,CUS-0202,9914950549,2026-07-26 10:30,TRANSFER,debit,10000,Aisha N*******u,Quick Fictional Bank,Transfer,successful,yes,yes,,,,,ENT850954894119,2490000
TXN-000996,CUS-0083,9950496570,2026-07-26 11:09,ATM,debit,20000,ENTIN ATM,,ATM withdrawal,successful,yes,,yes,,,,ENT770546600997,130000
TXN-000522,CUS-0043,9985469059,2026-07-26 11:20,ATM,debit,10000,Other bank ATM,,ATM withdrawal,successful,yes,,no,,,,ENT876706579504,130000
TXN-003694,CUS-0299,9903987204,2026-07-26 11:35,POS,debit,1500,Market Stall POS,,POS purchase,successful,yes,,,,,,ENT659993269681,29000
TXN-000840,CUS-0070,9980801000,2026-07-26 11:54,TRANSFER,debit,5000,Esther A***n,Placeholder Bank,Transfer,successful,yes,yes,,,,,ENT584567045201,395000
TXN-006046,CUS-0489,9904477391,2026-07-26 12:33,POS,debit,3500,Bolt-like Rides (fictional),,POS purchase,successful,yes,,,,,,ENT690116071486,21500
TXN-001189,CUS-0098,9958025797,2026-07-26 12:36,ATM,debit,20000,ENTIN ATM,,ATM withdrawal,successful,yes,,yes,,,,ENT448095134188,378000
TXN-001330,CUS-0109,9926445274,2026-07-26 12:56,TRANSFER,debit,10000,Uche L***l,Demo Microfinance Bank,Transfer,successful,yes,yes,,,,,ENT869524965616,140000
TXN-003134,CUS-0252,9937906660,2026-07-26 13:11,POS,debit,45000,QuickBuy Online (fictional),,POS purchase,successful,yes,,,,,,ENT698339781040,355000
TXN-001340,CUS-0110,9951521657,2026-07-26 13:22,USSD,debit,1000,Airtime (fictional network),,Airtime purchase,successful,yes,,,,,,ENT837530765141,2499000
TXN-002369,CUS-0193,9961766752,2026-07-26 13:50,POS,debit,45000,Lekki Luxury Stores,,POS purchase,successful,yes,,,,,,ENT914804302708,490000
TXN-002640,CUS-0214,9980024371,2026-07-26 13:56,POS,debit,7800,QuickBuy Online (fictional),,POS purchase,successful,yes,,,,,,ENT703276919152,892200
TXN-005126,CUS-0415,9933680819,2026-07-26 13:56,WEB,debit,2500,Lekki Luxury Stores,,Online card payment,successful,yes,,,,,,ENT250603869367,77500
TXN-004614,CUS-0374,9931151207,2026-07-26 14:11,TRANSFER,debit,50000,Emeka S****i,Quick Fictional Bank,Transfer,successful,yes,yes,,,,,ENT918340850106,10000
TXN-001350,CUS-0111,9960169676,2026-07-26 14:48,POS,debit,45000,Pharmacy Plus (fictional),,POS purchase,successful,yes,,,,,,ENT960536811029,105000
TXN-005491,CUS-0445,9937220724,2026-07-26 15:06,POS,debit,22000,StreamFlix (fictional),,POS purchase,successful,yes,,,,,,ENT858712270240,58000
TXN-000962,CUS-0080,9903022502,2026-07-26 15:39,ATM,debit,10000,ENTIN ATM,,ATM withdrawal,successful,yes,,yes,,,,ENT189679954854,57500
TXN-001213,CUS-0100,9919172290,2026-07-26 15:53,ATM,debit,10000,ENTIN ATM,,ATM withdrawal,successful,yes,,yes,,,,ENT430534173385,2490000
TXN-002894,CUS-0234,9902167309,2026-07-26 15:53,TRANSFER,debit,10000,Folake C****u,Demo Microfinance Bank,Transfer,successful,yes,yes,,,,,ENT903980124641,2490000
TXN-004969,CUS-0402,9957851156,2026-07-26 16:00,WEB,debit,4500,StreamFlix (fictional),,Online card payment,successful,yes,,,,,,ENT643350643631,75500
TXN-004358,CUS-0354,9973080669,2026-07-26 16:06,ATM,debit,40000,ENTIN ATM,,ATM withdrawal,successful,yes,,yes,,,,ENT248547390217,105000
TXN-000990,CUS-0082,9942764129,2026-07-26 16:13,POS,debit,1500,Pharmacy Plus (fictional),,POS purchase,successful,yes,,,,,,ENT109639003707,298500
TXN-005088,CUS-0412,9954372850,2026-07-26 16:26,POS,debit,7800,Lekki Luxury Stores,,POS purchase,successful,yes,,,,,,ENT683316305443,392200
TXN-000555,CUS-0046,9968179223,2026-07-26 16:43,TRANSFER,debit,100000,Sani O***o,Fictional Trust Bank,Transfer,successful,yes,yes,,,,,ENT729680935693,800000
TXN-005593,CUS-0453,9912705740,2026-07-26 16:51,USSD,debit,2000,Airtime (fictional network),,Airtime purchase,successful,yes,,,,,,ENT868848780997,398000
TXN-002418,CUS-0197,9999876763,2026-07-26 16:52,USSD,debit,2000,Airtime (fictional network),,Airtime purchase,successful,yes,,,,,,ENT847236236246,398000
TXN-003849,CUS-0312,9975337207,2026-07-26 17:05,TRANSFER,debit,35000,Titilayo E****g,Sample Savings Bank,Transfer,successful,yes,yes,,,,,ENT202469589310,100000
TXN-000008,CUS-0001,9913998698,2026-07-26 17:20,TRANSFER,debit,5000,Victor O******e,Fictional Trust Bank,Transfer,successful,yes,yes,,,,,ENT401947049188,143500
TXN-001360,CUS-0111,9960169676,2026-07-26 17:42,POS,debit,12500,QuickBuy Online (fictional),,POS purchase,successful,yes,,,,,,ENT657693667243,92500
TXN-005558,CUS-0450,9931478410,2026-07-26 18:25,TRANSFER,debit,35000,Uche N*******u,Fictional Trust Bank,Transfer,successful,yes,yes,,,,,ENT894037262490,365000
TXN-003827,CUS-0310,9928648156,2026-07-26 18:32,USSD,debit,500,Airtime (fictional network),,Airtime purchase,successful,yes,,,,,,ENT724432995507,149500
TXN-002672,CUS-0217,9923754061,2026-07-26 18:38,ATM,debit,40000,ENTIN ATM,,ATM withdrawal,successful,yes,,yes,,,,ENT361600488302,495000
TXN-000316,CUS-0026,9905154382,2026-07-26 18:40,POS,debit,45000,Market Stall POS,,POS purchase,successful,yes,,,,,,ENT429685492700,105000
TXN-002938,CUS-0237,9969336506,2026-07-26 19:53,POS,debit,12500,Mama Put Kitchen,,POS purchase,successful,yes,,,,,,ENT336084325965,22500
TXN-005835,CUS-0472,9933859016,2026-07-26 20:00,POS,debit,7800,QuickBuy Online (fictional),,POS purchase,successful,yes,,,,,,ENT400330769998,872200
TXN-001051,CUS-0087,9967779214,2026-07-26 20:10,TRANSFER,debit,100000,Chinedu B****e,Quick Fictional Bank,Transfer,successful,yes,yes,,,,,ENT345557542170,800000
TXN-004806,CUS-0390,9910397222,2026-07-26 20:28,USSD,debit,1000,Airtime (fictional network),,Airtime purchase,successful,yes,,,,,,ENT792105600381,399000
TXN-003834,CUS-0311,9977866026,2026-07-26 20:40,POS,debit,1500,Bolt-like Rides (fictional),,POS purchase,successful,yes,,,,,,ENT960849068020,78500
TXN-005367,CUS-0435,9996618422,2026-07-26 21:04,POS,debit,3500,Filling Station (fictional),,POS purchase,successful,yes,,,,,,ENT382978577236,146500
TXN-000778,CUS-0064,9901461338,2026-07-26 21:07,ATM,debit,40000,ENTIN ATM,,ATM withdrawal,successful,yes,,yes,,,,ENT517804803764,495000
TXN-004123,CUS-0335,9937290469,2026-07-26 21:08,TRANSFER,debit,100000,Victor C****u,Sample Savings Bank,Transfer,successful,yes,yes,,,,,ENT661248063745,800000
TXN-001260,CUS-0104,9910528659,2026-07-26 21:12,POS,debit,12500,Market Stall POS,,POS purchase,successful,yes,,,,,,ENT380886493786,67500
TXN-003413,CUS-0275,9916289439,2026-07-26 21:26,POS,debit,1500,Bolt-like Rides (fictional),,POS purchase,successful,yes,,,,,,ENT942357747049,33500
TXN-003552,CUS-0287,9969449775,2026-07-26 21:30,USSD,debit,2000,Airtime (fictional network),,Airtime purchase,successful,yes,,,,,,ENT606356257772,11000
TXN-002121,CUS-0173,9937785973,2026-07-26 21:34,TRANSFER,debit,20000,Esther A*****o,Quick Fictional Bank,Transfer,successful,yes,yes,,,,,ENT697539374009,876500
TXN-006172,CUS-0499,9952647161,2026-07-26 22:15,POS,debit,12500,StreamFlix (fictional),,POS purchase,successful,yes,,,,,,ENT294898636977,22500
TXN-003165,CUS-0255,9927357934,2026-07-26 22:55,POS,debit,22000,QuickBuy Online (fictional),,POS purchase,successful,yes,,,,,,ENT530814450004,875500
TXN-004724,CUS-0383,9903971634,2026-07-26 22:57,TRANSFER,debit,20000,Ifeanyi O******e,Sample Savings Bank,Transfer,successful,yes,yes,,,,,ENT524760366253,870000
TXN-005313,CUS-0431,9985406888,2026-07-26 22:57,POS,debit,12500,Mama Put Kitchen,,POS purchase,successful,yes,,,,,,ENT965558278299,2487500
TXN-002334,CUS-0190,9967378530,2026-07-26 22:59,POS,debit,7800,ShopRite-like Store (fictional),,POS purchase,successful,yes,,,,,,ENT140791280079,879700
TXN-004970,CUS-0402,9957851156,2026-07-26 23:12,TRANSFER,debit,100000,Folake F*****a,Quick Fictional Bank,Transfer,successful,yes,yes,,,,,ENT920102624625,475500
TXN-002188,CUS-0178,9914176590,2026-07-26 23:18,USSD,debit,1000,Airtime (fictional network),,Airtime purchase,successful,yes,,,,,,ENT501585431902,149000
TXN-004927,CUS-0399,9942983565,2026-07-26 23:20,POS,debit,3500,Bolt-like Rides (fictional),,POS purchase,successful,yes,,,,,,ENT217044396621,396500
TXN-002686,CUS-0218,9910818187,2026-07-26 23:26,POS,debit,22000,Lekki Luxury Stores,,POS purchase,successful,yes,,,,,,ENT442710760574,13000
TXN-004482,CUS-0364,9924622145,2026-07-26 23:29,USSD,debit,500,Airtime (fictional network),,Airtime purchase,successful,yes,,,,,,ENT780222225283,899500
TXN-002081,CUS-0170,9942564933,2026-07-26 23:36,POS,debit,12500,Filling Station (fictional),,POS purchase,successful,yes,,,,,,ENT334247730816,375000
TXN-000515,CUS-0043,9985469059,2026-07-26 23:40,TRANSFER,debit,10000,Hauwa I*e,Fictional Trust Bank,Transfer,successful,yes,yes,,,,,ENT737402627886,120000
TXN-002523,CUS-0205,9904236164,2026-07-26 23:43,USSD,debit,500,Airtime (fictional network),,Airtime purchase,successful,yes,,,,,,ENT387229931168,34500
TXN-003567,CUS-0288,9972097656,2026-07-26 23:47,POS,debit,3500,QuickBuy Online (fictional),,POS purchase,successful,yes,,,,,,ENT235122090735,2496500
TXN-004911,CUS-0398,9963495400,2026-07-27 00:05,TRANSFER,debit,100000,Rukayya A*****e,Placeholder Bank,Transfer,successful,yes,yes,,,,,ENT358809590971,300000
TXN-001946,CUS-0159,9941946065,2026-07-27 00:14,POS,debit,3500,Pharmacy Plus (fictional),,POS purchase,successful,yes,,,,,,ENT506155423358,76500
TXN-000925,CUS-0077,9956378276,2026-07-27 00:24,WEB,debit,4500,Lekki Luxury Stores,,Online card payment,successful,yes,,,,,,ENT467585569487,75500
TXN-003813,CUS-0309,9907735405,2026-07-27 00:44,WEB,debit,9900,QuickBuy Online (fictional),,Online card payment,successful,yes,,,,,,ENT858349173596,390100
TXN-003025,CUS-0243,9951135288,2026-07-27 00:55,POS,debit,3500,QuickBuy Online (fictional),,POS purchase,successful,yes,,,,,,ENT693491687874,31500
TXN-003862,CUS-0313,9946277869,2026-07-27 01:11,POS,debit,22000,Pharmacy Plus (fictional),,POS purchase,successful,yes,,,,,,ENT481461338664,2378000
TXN-004894,CUS-0396,9979503876,2026-07-27 01:33,POS,debit,12500,Filling Station (fictional),,POS purchase,successful,yes,,,,,,ENT947390508326,137500
TXN-000807,CUS-0067,9964668631,2026-07-27 01:40,TRANSFER,debit,35000,Mercy O***o,Fictional Trust Bank,Transfer,successful,yes,yes,,,,,ENT831407926338,495500
TXN-000273,CUS-0023,9902145842,2026-07-27 01:46,ATM,debit,40000,ENTIN ATM,,ATM withdrawal,successful,yes,,yes,,,,ENT747479653623,27200
TXN-005907,CUS-0478,9926098818,2026-07-27 02:30,POS,debit,12500,Lekki Luxury Stores,,POS purchase,successful,yes,,,,,,ENT852461415870,2487500
TXN-001294,CUS-0107,9961387303,2026-07-27 02:48,ATM,debit,20000,Other bank ATM,,ATM withdrawal,successful,yes,,no,,,,ENT359010675457,126500
TXN-005519,CUS-0447,9988158943,2026-07-27 02:49,POS,debit,7800,Filling Station (fictional),,POS purchase,successful,yes,,,,,,ENT957384728284,72200
TXN-005994,CUS-0485,9974291653,2026-07-27 03:04,POS,debit,3500,Pharmacy Plus (fictional),,POS purchase,successful,yes,,,,,,ENT496159411579,2494000
TXN-001922,CUS-0157,9984980730,2026-07-27 03:20,USSD,debit,1000,Airtime (fictional network),,Airtime purchase,successful,yes,,,,,,ENT299306749106,899000
TXN-002472,CUS-0201,9915856052,2026-07-27 03:20,USSD,debit,500,Airtime (fictional network),,Airtime purchase,successful,yes,,,,,,ENT422989037040,899500
TXN-004138,CUS-0336,9952764504,2026-07-27 03:26,ATM,debit,20000,ENTIN ATM,,ATM withdrawal,successful,yes,,yes,,,,ENT871306644065,10000
TXN-002815,CUS-0228,9954375149,2026-07-27 04:04,TRANSFER,debit,5000,Titilayo O*****e,Fictional Trust Bank,Transfer,successful,yes,yes,,,,,ENT816027012108,10000
TXN-002648,CUS-0215,9948992789,2026-07-27 04:28,POS,debit,7800,StreamFlix (fictional),,POS purchase,successful,yes,,,,,,ENT319122200392,72200
TXN-001160,CUS-0096,9991804418,2026-07-27 04:39,WEB,debit,2500,StreamFlix (fictional),,Online card payment,successful,yes,,,,,,ENT105725167929,397500
TXN-003878,CUS-0314,9990571386,2026-07-27 04:48,TRANSFER,debit,20000,Ibrahim O******i,Quick Fictional Bank,Transfer,successful,yes,yes,,,,,ENT973283330828,130000
TXN-004132,CUS-0336,9952764504,2026-07-27 05:11,WEB,debit,15000,Lekki Luxury Stores,,Online card payment,successful,yes,,,,,,ENT435670869173,495000
TXN-005956,CUS-0482,9931572769,2026-07-27 05:56,TRANSFER,debit,100000,Chinedu B****e,Placeholder Bank,Transfer,successful,yes,yes,,,,,ENT644029603107,470100
TXN-002877,CUS-0233,9907462096,2026-07-27 06:36,ATM,debit,10000,ENTIN ATM,,ATM withdrawal,successful,yes,,yes,,,,ENT178374625264,57500
TXN-005532,CUS-0448,9949863391,2026-07-27 06:37,USSD,debit,1000,Airtime (fictional network),,Airtime purchase,successful,yes,,,,,,ENT783179560956,34000
TXN-004518,CUS-0366,9961438798,2026-07-27 06:44,WEB,debit,9900,Bolt-like Rides (fictional),,Online card payment,successful,yes,,,,,,ENT140539266808,50100
TXN-001945,CUS-0159,9941946065,2026-07-27 06:45,POS,debit,3500,StreamFlix (fictional),,POS purchase,successful,yes,,,,,,ENT349586671008,73000
TXN-003455,CUS-0279,9955326148,2026-07-27 06:46,TRANSFER,debit,10000,Esther O*****e,Placeholder Bank,Transfer,successful,yes,yes,,,,,ENT555460719198,70000
TXN-004220,CUS-0343,9922438945,2026-07-27 06:46,ATM,debit,20000,ENTIN ATM,,ATM withdrawal,successful,yes,,yes,,,,ENT909998246410,380000
TXN-004566,CUS-0371,9907694305,2026-07-27 06:56,TRANSFER,debit,5000,Hauwa A***u,Quick Fictional Bank,Transfer,successful,yes,yes,,,,,ENT179126459890,75000
TXN-005840,CUS-0472,9933859016,2026-07-27 07:05,ATM,debit,40000,ENTIN ATM,,ATM withdrawal,successful,yes,,yes,,,,ENT455819061133,832200
TXN-001105,CUS-0091,9981013315,2026-07-27 07:36,POS,debit,45000,Market Stall POS,,POS purchase,successful,yes,,,,,,ENT838107111457,855000
TXN-003097,CUS-0250,9922213933,2026-07-27 07:36,ATM,debit,20000,Other bank ATM,,ATM withdrawal,successful,yes,,no,,,,ENT718926782791,130000
TXN-000073,CUS-0006,9988766344,2026-07-27 08:24,POS,debit,7800,Mama Put Kitchen,,POS purchase,successful,yes,,,,,,ENT821139218723,872200
TXN-002026,CUS-0165,9957207101,2026-07-27 08:27,WEB,debit,2500,Lekki Luxury Stores,,Online card payment,successful,yes,,,,,,ENT326168127327,77500
TXN-003119,CUS-0251,9972251933,2026-07-27 08:49,POS,debit,12500,Pharmacy Plus (fictional),,POS purchase,successful,yes,,,,,,ENT643890544977,137500
TXN-000315,CUS-0026,9905154382,2026-07-27 09:05,POS,debit,7800,Bolt-like Rides (fictional),,POS purchase,successful,yes,,,,,,ENT910981639239,97200
TXN-001679,CUS-0137,9965386482,2026-07-27 09:28,ATM,debit,40000,ENTIN ATM,,ATM withdrawal,successful,yes,,yes,,,,ENT441686634474,105000
TXN-005844,CUS-0473,9956177643,2026-07-27 09:39,TRANSFER,debit,5000,Grace O******i,Quick Fictional Bank,Transfer,successful,yes,yes,,,,,ENT643895460400,75000
TXN-006067,CUS-0491,9971365877,2026-07-27 09:47,WEB,debit,15000,QuickBuy Online (fictional),,Online card payment,successful,yes,,,,,,ENT299872768997,383500
TXN-004536,CUS-0368,9940190302,2026-07-27 10:09,POS,debit,3500,Bolt-like Rides (fictional),,POS purchase,successful,yes,,,,,,ENT162949611060,31500
TXN-004885,CUS-0396,9979503876,2026-07-27 10:13,ATM,debit,20000,ENTIN ATM,,ATM withdrawal,successful,yes,,yes,,,,ENT557826206186,117500
TXN-001916,CUS-0157,9984980730,2026-07-27 10:35,TRANSFER,debit,100000,Maryam E**t,Fictional Trust Bank,Transfer,successful,yes,yes,,,,,ENT153756623884,799000
TXN-000409,CUS-0034,9918847918,2026-07-27 10:54,ATM,debit,10000,ENTIN ATM,,ATM withdrawal,successful,yes,,yes,,,,ENT245821430152,20000
TXN-001403,CUS-0115,9926627973,2026-07-27 11:17,POS,debit,3500,Pharmacy Plus (fictional),,POS purchase,successful,yes,,,,,,ENT481022792176,896500
TXN-002540,CUS-0206,9960946297,2026-07-27 11:19,TRANSFER,debit,35000,Ese N***i,Quick Fictional Bank,Transfer,successful,yes,yes,,,,,ENT729219325472,479500
TXN-002399,CUS-0195,9911125736,2026-07-27 11:37,ATM,debit,20000,Other bank ATM,,ATM withdrawal,successful,yes,,no,,,,ENT572699558780,2380000
TXN-003372,CUS-0272,9940071152,2026-07-27 12:07,ATM,debit,20000,ENTIN ATM,,ATM withdrawal,successful,yes,,yes,,,,ENT551005709490,60000
TXN-002234,CUS-0182,9979765655,2026-07-27 12:15,POS,debit,3500,Pharmacy Plus (fictional),,POS purchase,successful,yes,,,,,,ENT746698652958,76500
TXN-001216,CUS-0100,9919172290,2026-07-27 12:44,POS,debit,12500,Pharmacy Plus (fictional),,POS purchase,successful,yes,,,,,,ENT374721761540,2477500
TXN-003313,CUS-0267,9975140396,2026-07-27 13:01,POS,debit,7800,Pharmacy Plus (fictional),,POS purchase,successful,yes,,,,,,ENT377900347983,142200
TXN-000301,CUS-0025,9948452630,2026-07-27 13:02,USSD,debit,2000,Airtime (fictional network),,Airtime purchase,successful,yes,,,,,,ENT699212976959,290200
TXN-004814,CUS-0390,9910397222,2026-07-27 13:05,USSD,debit,1000,Airtime (fictional network),,Airtime purchase,successful,yes,,,,,,ENT250436487613,398000
TXN-003625,CUS-0293,9928185458,2026-07-27 13:26,TRANSFER,debit,100000,Ogechi U**h,Sample Savings Bank,Transfer,successful,yes,yes,,,,,ENT317557811565,478500
TXN-000988,CUS-0082,9942764129,2026-07-27 13:41,ATM,debit,20000,Other bank ATM,,ATM withdrawal,successful,yes,,no,,,,ENT875283239617,278500
TXN-005788,CUS-0468,9916264223,2026-07-27 14:22,POS,debit,3500,ShopRite-like Store (fictional),,POS purchase,successful,yes,,,,,,ENT312800411689,796500
TXN-001226,CUS-0101,9971745143,2026-07-27 14:40,USSD,debit,2000,Airtime (fictional network),,Airtime purchase,successful,yes,,,,,,ENT812706578751,2498000
TXN-004709,CUS-0382,9965825920,2026-07-27 15:21,ATM,debit,40000,Other bank ATM,,ATM withdrawal,successful,yes,,no,,,,ENT805599810237,860000
TXN-001250,CUS-0103,9949574415,2026-07-27 15:33,TRANSFER,debit,20000,Rukayya S**e,Placeholder Bank,Transfer,successful,yes,yes,,,,,ENT818698352134,85000
TXN-001880,CUS-0154,9973621841,2026-07-27 15:40,ATM,debit,40000,Other bank ATM,,ATM withdrawal,successful,yes,,no,,,,ENT774440377069,495000
TXN-002848,CUS-0230,9946252003,2026-07-27 16:24,USSD,debit,5000,Airtime (fictional network),,Airtime purchase,successful,yes,,,,,,ENT818994579449,75000
TXN-005199,CUS-0421,9917263678,2026-07-27 16:25,TRANSFER,debit,10000,Bisola A*****a,Quick Fictional Bank,Transfer,successful,yes,yes,,,,,ENT412560287736,20000
TXN-003206,CUS-0258,9911119929,2026-07-27 17:15,POS,debit,7800,Filling Station (fictional),,POS purchase,successful,yes,,,,,,ENT177918906567,392200
TXN-001857,CUS-0152,9950934230,2026-07-27 17:48,ATM,debit,10000,Other bank ATM,,ATM withdrawal,successful,yes,,no,,,,ENT347458232701,390000
TXN-001917,CUS-0157,9984980730,2026-07-27 18:26,POS,debit,1500,Market Stall POS,,POS purchase,successful,yes,,,,,,ENT899925951093,797500
TXN-004452,CUS-0361,9980291368,2026-07-27 18:37,WEB,debit,2500,QuickBuy Online (fictional),,Online card payment,successful,yes,,,,,,ENT115682709015,127500
TXN-002818,CUS-0228,9954375149,2026-07-27 18:43,WEB,debit,15000,Bolt-like Rides (fictional),,Online card payment,successful,yes,,,,,,ENT314837909840,495000
TXN-002123,CUS-0173,9937785973,2026-07-27 18:51,TRANSFER,debit,10000,Maryam O******i,Demo Microfinance Bank,Transfer,successful,yes,yes,,,,,ENT908495854024,866500
TXN-004673,CUS-0379,9983308485,2026-07-27 18:57,TRANSFER,debit,35000,Chiamaka C****u,Demo Microfinance Bank,Transfer,successful,yes,yes,,,,,ENT524254947003,365000
TXN-002567,CUS-0208,9908562995,2026-07-27 19:01,POS,debit,7800,Market Stall POS,,POS purchase,successful,yes,,,,,,ENT688339883458,2492200
TXN-005684,CUS-0460,9955245029,2026-07-27 19:03,POS,debit,7800,Filling Station (fictional),,POS purchase,successful,yes,,,,,,ENT713310411735,497200
TXN-003108,CUS-0250,9922213933,2026-07-27 19:22,USSD,debit,5000,Airtime (fictional network),,Airtime purchase,successful,yes,,,,,,ENT168637102889,125000
TXN-004985,CUS-0404,9918022090,2026-07-27 19:31,POS,debit,7800,Pharmacy Plus (fictional),,POS purchase,successful,yes,,,,,,ENT616857378120,392200
TXN-003460,CUS-0279,9955326148,2026-07-27 20:04,WEB,debit,4500,QuickBuy Online (fictional),,Online card payment,successful,yes,,,,,,ENT771837084096,65500
TXN-000843,CUS-0070,9980801000,2026-07-27 20:14,TRANSFER,debit,35000,Dayo A*****o,Sample Savings Bank,Transfer,successful,yes,yes,,,,,ENT522381791385,360000
TXN-004515,CUS-0366,9961438798,2026-07-27 20:17,POS,debit,22000,StreamFlix (fictional),,POS purchase,successful,yes,,,,,,ENT928797562633,28100
TXN-004360,CUS-0354,9973080669,2026-07-27 20:33,TRANSFER,debit,35000,Uche U**r,Quick Fictional Bank,Transfer,successful,yes,yes,,,,,ENT145185454300,70000
TXN-000396,CUS-0033,9940720754,2026-07-27 21:13,TRANSFER,debit,35000,Aminu M**a,Demo Microfinance Bank,Transfer,successful,yes,yes,,,,,ENT426277794068,365000
TXN-004560,CUS-0370,9934238589,2026-07-27 21:17,ATM,debit,40000,ENTIN ATM,,ATM withdrawal,successful,yes,,yes,,,,ENT338243451925,844000
TXN-006148,CUS-0497,9975222469,2026-07-27 21:43,POS,debit,12500,Pharmacy Plus (fictional),,POS purchase,successful,yes,,,,,,ENT282941099183,20500
TXN-005843,CUS-0473,9956177643,2026-07-27 21:47,TRANSFER,debit,50000,Titilayo E****g,Demo Microfinance Bank,Transfer,successful,yes,yes,,,,,ENT811630606256,25000
TXN-005587,CUS-0452,9921145268,2026-07-27 22:01,POS,debit,7800,Mama Put Kitchen,,POS purchase,successful,yes,,,,,,ENT500263380456,72200
TXN-002799,CUS-0227,9986617876,2026-07-27 22:11,POS,debit,22000,Market Stall POS,,POS purchase,successful,yes,,,,,,ENT671071018088,2478000
TXN-004541,CUS-0368,9940190302,2026-07-27 22:16,WEB,debit,4500,Bolt-like Rides (fictional),,Online card payment,successful,yes,,,,,,ENT366281173710,27000
TXN-000687,CUS-0057,9939955156,2026-07-27 22:26,WEB,debit,4500,QuickBuy Online (fictional),,Online card payment,successful,yes,,,,,,ENT327060016228,395500
TXN-000949,CUS-0079,9971711243,2026-07-27 22:30,USSD,debit,1000,Airtime (fictional network),,Airtime purchase,successful,yes,,,,,,ENT623499406705,899000
TXN-001401,CUS-0115,9926627973,2026-07-27 22:37,POS,debit,3500,Bolt-like Rides (fictional),,POS purchase,successful,yes,,,,,,ENT436967562499,893000
TXN-004986,CUS-0404,9918022090,2026-07-27 23:16,WEB,debit,2500,Lekki Luxury Stores,,Online card payment,successful,yes,,,,,,ENT805736940274,389700
TXN-004596,CUS-0373,9932052387,2026-07-27 23:21,TRANSFER,debit,35000,Bisola I*e,Sample Savings Bank,Transfer,successful,yes,yes,,,,,ENT948462144611,0
TXN-001542,CUS-0126,9983579996,2026-07-27 23:41,ATM,debit,20000,ENTIN ATM,,ATM withdrawal,successful,yes,,yes,,,,ENT804063919616,380000
TXN-003959,CUS-0321,9964528363,2026-07-28 00:01,TRANSFER,debit,100000,Aisha O******i,Demo Microfinance Bank,Transfer,successful,yes,yes,,,,,ENT179224788307,435000
TXN-002198,CUS-0179,9929958470,2026-07-28 00:21,POS,debit,45000,Pharmacy Plus (fictional),,POS purchase,successful,yes,,,,,,ENT531479083389,35000
TXN-001185,CUS-0098,9958025797,2026-07-28 00:32,POS,debit,45000,Pharmacy Plus (fictional),,POS purchase,successful,yes,,,,,,ENT686110388449,333000
TXN-001037,CUS-0086,9907016929,2026-07-28 00:54,WEB,debit,15000,QuickBuy Online (fictional),,Online card payment,successful,yes,,,,,,ENT123766586321,135000
TXN-001652,CUS-0135,9907512280,2026-07-28 00:59,ATM,debit,10000,Other bank ATM,,ATM withdrawal,successful,yes,,no,,,,ENT964481976839,140000
TXN-004610,CUS-0374,9931151207,2026-07-28 01:07,POS,debit,22000,QuickBuy Online (fictional),,POS purchase,successful,yes,,,,,,ENT291429439707,488000
TXN-002634,CUS-0214,9980024371,2026-07-28 01:19,USSD,debit,2000,Airtime (fictional network),,Airtime purchase,successful,yes,,,,,,ENT816789913023,890200
TXN-005659,CUS-0458,9904367085,2026-07-28 01:41,WEB,debit,15000,Bolt-like Rides (fictional),,Online card payment,successful,yes,,,,,,ENT457865182687,135000
TXN-004703,CUS-0381,9967998836,2026-07-28 01:44,POS,debit,7800,Bolt-like Rides (fictional),,POS purchase,successful,yes,,,,,,ENT793228623664,142200
TXN-001070,CUS-0089,9995292074,2026-07-28 02:07,WEB,debit,15000,Bolt-like Rides (fictional),,Online card payment,successful,yes,,,,,,ENT756110465272,65000
TXN-001941,CUS-0159,9941946065,2026-07-28 02:10,WEB,debit,4500,Lekki Luxury Stores,,Online card payment,successful,yes,,,,,,ENT386022379486,68500
TXN-003696,CUS-0299,9903987204,2026-07-28 02:56,TRANSFER,debit,10000,Obinna O*****o,Sample Savings Bank,Transfer,successful,yes,yes,,,,,ENT716774219314,19000
TXN-001302,CUS-0107,9961387303,2026-07-28 03:00,WEB,debit,4500,QuickBuy Online (fictional),,Online card payment,successful,yes,,,,,,ENT625184011525,122000
TXN-004460,CUS-0362,9925256262,2026-07-28 03:11,POS,debit,22000,Lekki Luxury Stores,,POS purchase,successful,yes,,,,,,ENT354883716190,458000
TXN-001796,CUS-0147,9900546598,2026-07-28 03:36,ATM,debit,40000,Other bank ATM,,ATM withdrawal,successful,yes,,no,,,,ENT797743438213,360000
TXN-000023,CUS-0002,9917075364,2026-07-28 03:40,USSD,debit,1000,Airtime (fictional network),,Airtime purchase,successful,yes,,,,,,ENT439280550855,899000
TXN-002763,CUS-0224,9958085404,2026-07-28 03:51,TRANSFER,debit,100000,Segun L***l,Fictional Trust Bank,Transfer,successful,yes,yes,,,,,ENT586290570950,2400000
TXN-000051,CUS-0004,9989768469,2026-07-28 04:56,POS,debit,1500,Lekki Luxury Stores,,POS purchase,successful,yes,,,,,,ENT602039537122,898500
TXN-006003,CUS-0485,9974291653,2026-07-28 05:00,POS,debit,3500,StreamFlix (fictional),,POS purchase,successful,yes,,,,,,ENT404004610595,2490500
TXN-004846,CUS-0392,9991287050,2026-07-28 05:15,POS,debit,12500,Bolt-like Rides (fictional),,POS purchase,successful,yes,,,,,,ENT297569544325,387500
TXN-002252,CUS-0183,9902993351,2026-07-28 05:30,USSD,debit,500,Airtime (fictional network),,Airtime purchase,successful,yes,,,,,,ENT319986140937,2499500
TXN-004982,CUS-0403,9978555237,2026-07-28 05:46,TRANSFER,debit,50000,Adebayo N***i,Quick Fictional Bank,Transfer,successful,yes,yes,,,,,ENT299097099260,2450000
TXN-001710,CUS-0140,9975216214,2026-07-28 05:54,POS,debit,1500,Lekki Luxury Stores,,POS purchase,successful,yes,,,,,,ENT397335390236,398500
TXN-001928,CUS-0158,9916441320,2026-07-28 05:57,TRANSFER,debit,100000,Zainab O*i,Sample Savings Bank,Transfer,successful,yes,yes,,,,,ENT792053579339,795000
TXN-002603,CUS-0211,9909502592,2026-07-28 05:57,POS,debit,22000,Bolt-like Rides (fictional),,POS purchase,successful,yes,,,,,,ENT288531621065,13000
TXN-004565,CUS-0371,9907694305,2026-07-28 05:57,ATM,debit,40000,ENTIN ATM,,ATM withdrawal,successful,yes,,yes,,,,ENT372850964828,35000
TXN-001552,CUS-0127,9911211684,2026-07-28 06:00,TRANSFER,debit,100000,Emeka B***o,Quick Fictional Bank,Transfer,successful,yes,yes,,,,,ENT233176381584,430000
TXN-000032,CUS-0003,9944729405,2026-07-28 06:02,USSD,debit,2000,Airtime (fictional network),,Airtime purchase,successful,yes,,,,,,ENT863233703981,13000
TXN-003622,CUS-0293,9928185458,2026-07-28 06:07,WEB,debit,4500,StreamFlix (fictional),,Online card payment,successful,yes,,,,,,ENT575440241845,474000
TXN-003478,CUS-0281,9984118790,2026-07-28 06:10,USSD,debit,5000,Airtime (fictional network),,Airtime purchase,successful,yes,,,,,,ENT992838178816,30000
TXN-005359,CUS-0434,9998934709,2026-07-28 06:18,USSD,debit,500,Airtime (fictional network),,Airtime purchase,successful,yes,,,,,,ENT717827261476,389600
TXN-002549,CUS-0207,9954079211,2026-07-28 06:19,POS,debit,7800,QuickBuy Online (fictional),,POS purchase,successful,yes,,,,,,ENT817070275944,27200
TXN-000694,CUS-0057,9939955156,2026-07-28 06:25,USSD,debit,5000,Airtime (fictional network),,Airtime purchase,successful,yes,,,,,,ENT598748240763,390500
TXN-005715,CUS-0463,9930718439,2026-07-28 06:37,ATM,debit,20000,Other bank ATM,,ATM withdrawal,successful,yes,,no,,,,ENT479312650146,60000
TXN-002235,CUS-0182,9979765655,2026-07-28 06:41,POS,debit,45000,Mama Put Kitchen,,POS purchase,successful,yes,,,,,,ENT919634267249,31500
TXN-005998,CUS-0485,9974291653,2026-07-28 06:41,POS,debit,7800,QuickBuy Online (fictional),,POS purchase,successful,yes,,,,,,ENT227266996204,2482700
TXN-003412,CUS-0275,9916289439,2026-07-28 06:52,USSD,debit,5000,Airtime (fictional network),,Airtime purchase,successful,yes,,,,,,ENT101435123232,28500
TXN-002161,CUS-0176,9948340783,2026-07-28 06:58,TRANSFER,debit,5000,Daniel M**a,Demo Microfinance Bank,Transfer,successful,yes,yes,,,,,ENT208731542908,53000
TXN-001458,CUS-0119,9954928452,2026-07-28 07:04,USSD,debit,2000,Airtime (fictional network),,Airtime purchase,successful,yes,,,,,,ENT164198856069,33000
TXN-002155,CUS-0176,9948340783,2026-07-28 07:33,USSD,debit,2000,Airtime (fictional network),,Airtime purchase,successful,yes,,,,,,ENT908303572517,51000
TXN-005185,CUS-0420,9939184404,2026-07-28 07:37,USSD,debit,1000,Airtime (fictional network),,Airtime purchase,successful,yes,,,,,,ENT823089926515,899000
TXN-000078,CUS-0007,9977876804,2026-07-28 07:56,ATM,debit,40000,ENTIN ATM,,ATM withdrawal,successful,yes,,yes,,,,ENT598973845213,40000
TXN-005832,CUS-0472,9933859016,2026-07-28 08:22,POS,debit,12500,Market Stall POS,,POS purchase,successful,yes,,,,,,ENT311515302858,819700
TXN-005888,CUS-0476,9990474627,2026-07-28 08:42,POS,debit,7800,Lekki Luxury Stores,,POS purchase,successful,yes,,,,,,ENT296307458426,2482300
TXN-000548,CUS-0046,9968179223,2026-07-28 09:00,TRANSFER,credit,180000,Mock Logistics Ltd,Placeholder Bank,Salary,successful,,yes,,,,,ENT648118212260,980000
TXN-001055,CUS-0088,9912668692,2026-07-28 09:00,TRANSFER,credit,120000,Placeholder Schools,Demo Microfinance Bank,Salary,successful,,yes,,,,,ENT594557196577,155000
TXN-001141,CUS-0095,9966981433,2026-07-28 09:00,TRANSFER,credit,120000,Fictional State Ministry,Sample Savings Bank,Salary,successful,,yes,,,,,ENT278210880001,200000
TXN-001444,CUS-0119,9954928452,2026-07-28 09:00,TRANSFER,credit,85000,Demo Oil Services Ltd,Demo Microfinance Bank,Salary,successful,,yes,,,,,ENT585919201781,118000
TXN-001508,CUS-0124,9949138114,2026-07-28 09:00,TRANSFER,credit,180000,Demo Oil Services Ltd,Placeholder Bank,Salary,successful,,yes,,,,,ENT853691370880,328500
TXN-001760,CUS-0145,9912117405,2026-07-28 09:00,TRANSFER,credit,650000,Fictional State Ministry,Placeholder Bank,Salary,successful,,yes,,,,,ENT552104985625,730000
TXN-002606,CUS-0212,9951055574,2026-07-28 09:00,TRANSFER,credit,120000,Demo Oil Services Ltd,Sample Savings Bank,Salary,successful,,yes,,,,,ENT724442184355,200000
TXN-003069,CUS-0248,9955864605,2026-07-28 09:00,TRANSFER,credit,180000,Fictional State Ministry,Demo Microfinance Bank,Salary,successful,,yes,,,,,ENT915110036792,580000
TXN-003526,CUS-0285,9943032214,2026-07-28 09:00,TRANSFER,credit,650000,Fictional State Ministry,Fictional Trust Bank,Salary,successful,,yes,,,,,ENT590817937209,1550000
TXN-004034,CUS-0328,9932477086,2026-07-28 09:00,TRANSFER,credit,180000,Demo Oil Services Ltd,Quick Fictional Bank,Salary,successful,,yes,,,,,ENT505892656341,2680000
TXN-004090,CUS-0333,9934134297,2026-07-28 09:00,TRANSFER,credit,85000,Placeholder Schools,Placeholder Bank,Salary,successful,,yes,,,,,ENT722815539974,225000
TXN-006103,CUS-0494,9961232402,2026-07-28 09:00,TRANSFER,credit,250000,Fictional State Ministry,Fictional Trust Bank,Salary,successful,,yes,,,,,ENT381468758667,328500
TXN-000317,CUS-0027,9935795111,2026-07-28 09:01,TRANSFER,credit,180000,Mock Logistics Ltd,Demo Microfinance Bank,Salary,successful,,yes,,,,,ENT734824549587,1035000
TXN-000329,CUS-0028,9955696327,2026-07-28 09:01,TRANSFER,credit,120000,Mock Logistics Ltd,Quick Fictional Bank,Salary,successful,,yes,,,,,ENT679607367643,235000
TXN-000673,CUS-0056,9998286408,2026-07-28 09:01,TRANSFER,credit,650000,Fictional State Ministry,Fictional Trust Bank,Salary,successful,,yes,,,,,ENT729374992984,730000
TXN-001333,CUS-0110,9951521657,2026-07-28 09:01,TRANSFER,credit,120000,Mock Logistics Ltd,Fictional Trust Bank,Salary,successful,,yes,,,,,ENT422446846631,2619000
TXN-002362,CUS-0193,9961766752,2026-07-28 09:01,TRANSFER,credit,85000,Placeholder Schools,Fictional Trust Bank,Salary,successful,,yes,,,,,ENT609431004479,575000
TXN-003014,CUS-0243,9951135288,2026-07-28 09:01,TRANSFER,credit,250000,Demo Oil Services Ltd,Quick Fictional Bank,Salary,successful,,yes,,,,,ENT403403113843,281500
TXN-003869,CUS-0314,9990571386,2026-07-28 09:01,TRANSFER,credit,120000,Mock Logistics Ltd,Quick Fictional Bank,Salary,successful,,yes,,,,,ENT101898876979,250000
TXN-004339,CUS-0353,9939159099,2026-07-28 09:01,TRANSFER,credit,250000,Fictional State Ministry,Placeholder Bank,Salary,successful,,yes,,,,,ENT688412720107,400000
TXN-004758,CUS-0386,9930746491,2026-07-28 09:01,TRANSFER,credit,180000,Fictional State Ministry,Quick Fictional Bank,Salary,successful,,yes,,,,,ENT451783152754,215000
TXN-000257,CUS-0022,9965384535,2026-07-28 09:02,TRANSFER,credit,400000,Fictional State Ministry,Sample Savings Bank,Salary,successful,,yes,,,,,ENT892770983795,776500
TXN-000460,CUS-0039,9960824456,2026-07-28 09:02,TRANSFER,credit,85000,Mock Logistics Ltd,Quick Fictional Bank,Salary,successful,,yes,,,,,ENT571097676048,225000
TXN-001117,CUS-0093,9969795168,2026-07-28 09:02,TRANSFER,credit,180000,Mock Logistics Ltd,Sample Savings Bank,Salary,successful,,yes,,,,,ENT765813023072,2680000
TXN-001205,CUS-0100,9919172290,2026-07-28 09:02,TRANSFER,credit,85000,Fictional State Ministry,Demo Microfinance Bank,Salary,successful,,yes,,,,,ENT882347614941,2562500
TXN-003692,CUS-0299,9903987204,2026-07-28 09:02,TRANSFER,credit,120000,Demo Oil Services Ltd,Quick Fictional Bank,Salary,successful,,yes,,,,,ENT970409883513,139000
TXN-004769,CUS-0387,9916279824,2026-07-28 09:02,TRANSFER,credit,85000,Sample Tech Hub,Demo Microfinance Bank,Salary,successful,,yes,,,,,ENT411971997789,2585000
TXN-005814,CUS-0471,9943902366,2026-07-28 09:02,TRANSFER,credit,120000,Mock Logistics Ltd,Demo Microfinance Bank,Salary,successful,,yes,,,,,ENT721718292634,155000
TXN-000168,CUS-0015,9984133017,2026-07-28 09:03,TRANSFER,credit,180000,Sample Tech Hub,Placeholder Bank,Salary,successful,,yes,,,,,ENT616751727440,2680000
TXN-001016,CUS-0085,9920987695,2026-07-28 09:03,TRANSFER,credit,120000,Demo Oil Services Ltd,Demo Microfinance Bank,Salary,successful,,yes,,,,,ENT274348728635,1020000
TXN-002003,CUS-0164,9963544644,2026-07-28 09:03,TRANSFER,credit,120000,Demo Oil Services Ltd,Quick Fictional Bank,Salary,successful,,yes,,,,,ENT947007665944,1010000
TXN-002312,CUS-0189,9908672820,2026-07-28 09:03,TRANSFER,credit,85000,Fictional State Ministry,Sample Savings Bank,Salary,successful,,yes,,,,,ENT888951002150,235000
TXN-000230,CUS-0020,9969256663,2026-07-28 09:04,TRANSFER,credit,650000,Fictional State Ministry,Sample Savings Bank,Salary,successful,,yes,,,,,ENT459044037006,3150000
TXN-001624,CUS-0133,9965679951,2026-07-28 09:04,TRANSFER,credit,120000,Mock Logistics Ltd,Demo Microfinance Bank,Salary,successful,,yes,,,,,ENT275578418290,200000
TXN-003560,CUS-0288,9972097656,2026-07-28 09:04,TRANSFER,credit,400000,Demo Oil Services Ltd,Quick Fictional Bank,Salary,successful,,yes,,,,,ENT469911244468,2896500
TXN-005437,CUS-0441,9989912305,2026-07-28 09:04,TRANSFER,credit,120000,Placeholder Schools,Fictional Trust Bank,Salary,successful,,yes,,,,,ENT808182737965,200000
TXN-000562,CUS-0047,9969585190,2026-07-28 09:05,TRANSFER,credit,85000,Fictional State Ministry,Fictional Trust Bank,Salary,successful,,yes,,,,,ENT770212907490,222500
TXN-000847,CUS-0071,9903048877,2026-07-28 09:05,TRANSFER,credit,250000,Placeholder Schools,Sample Savings Bank,Salary,successful,,yes,,,,,ENT758240604458,272500
TXN-002628,CUS-0214,9980024371,2026-07-28 09:05,TRANSFER,credit,120000,Placeholder Schools,Demo Microfinance Bank,Salary,successful,,yes,,,,,ENT464785289182,1010200
TXN-002927,CUS-0237,9969336506,2026-07-28 09:05,TRANSFER,credit,85000,Placeholder Schools,Demo Microfinance Bank,Salary,successful,,yes,,,,,ENT496557904570,107500
TXN-003916,CUS-0318,9973536623,2026-07-28 09:05,TRANSFER,credit,650000,Mock Logistics Ltd,Placeholder Bank,Salary,successful,,yes,,,,,ENT835661334166,1046500
TXN-000295,CUS-0025,9948452630,2026-07-28 09:06,TRANSFER,credit,250000,Sample Tech Hub,Fictional Trust Bank,Salary,successful,,yes,,,,,ENT157638853036,540200
TXN-000887,CUS-0074,9981299914,2026-07-28 09:06,TRANSFER,credit,120000,Demo Oil Services Ltd,Placeholder Bank,Salary,successful,,yes,,,,,ENT185995434852,200000
TXN-000970,CUS-0081,9908238613,2026-07-28 09:06,TRANSFER,credit,250000,Fictional State Ministry,Fictional Trust Bank,Salary,successful,,yes,,,,,ENT302220275122,2750000
TXN-001872,CUS-0154,9973621841,2026-07-28 09:06,TRANSFER,credit,85000,Placeholder Schools,Quick Fictional Bank,Salary,successful,,yes,,,,,ENT985744940491,580000
TXN-002152,CUS-0176,9948340783,2026-07-28 09:06,TRANSFER,credit,180000,Sample Tech Hub,Quick Fictional Bank,Salary,successful,,yes,,,,,ENT417075792161,231000
TXN-002215,CUS-0181,9983508472,2026-07-28 09:06,TRANSFER,credit,180000,Sample Tech Hub,Sample Savings Bank,Salary,successful,,yes,,,,,ENT267152910471,330000
TXN-003121,CUS-0252,9937906660,2026-07-28 09:06,TRANSFER,credit,650000,Demo Oil Services Ltd,Placeholder Bank,Salary,successful,,yes,,,,,ENT643247577684,1005000
TXN-003926,CUS-0319,9964510647,2026-07-28 09:06,TRANSFER,credit,650000,Fictional State Ministry,Placeholder Bank,Salary,successful,,yes,,,,,ENT739789278464,685000
TXN-004783,CUS-0388,9966683513,2026-07-28 09:06,TRANSFER,credit,180000,Demo Oil Services Ltd,Fictional Trust Bank,Salary,successful,,yes,,,,,ENT920049815677,580000
TXN-005015,CUS-0407,9927834375,2026-07-28 09:06,TRANSFER,credit,85000,Mock Logistics Ltd,Sample Savings Bank,Salary,successful,,yes,,,,,ENT544194100269,165000
TXN-005976,CUS-0484,9979764044,2026-07-28 09:06,TRANSFER,credit,400000,Sample Tech Hub,Sample Savings Bank,Salary,successful,,yes,,,,,ENT450383608987,413000
TXN-006144,CUS-0497,9975222469,2026-07-28 09:06,TRANSFER,credit,120000,Mock Logistics Ltd,Sample Savings Bank,Salary,successful,,yes,,,,,ENT717722213097,140500
TXN-000350,CUS-0030,9925996775,2026-07-28 09:07,TRANSFER,credit,120000,Sample Tech Hub,Demo Microfinance Bank,Salary,successful,,yes,,,,,ENT821723514918,155000
TXN-001862,CUS-0153,9979262701,2026-07-28 09:07,TRANSFER,credit,180000,Placeholder Schools,Demo Microfinance Bank,Salary,successful,,yes,,,,,ENT845844459726,325500
TXN-001899,CUS-0156,9944565338,2026-07-28 09:07,TRANSFER,credit,400000,Sample Tech Hub,Fictional Trust Bank,Salary,successful,,yes,,,,,ENT285379002102,1300000
TXN-002302,CUS-0188,9925691517,2026-07-28 09:07,TRANSFER,credit,650000,Sample Tech Hub,Quick Fictional Bank,Salary,successful,,yes,,,,,ENT348371483686,1050000
TXN-003845,CUS-0312,9975337207,2026-07-28 09:07,TRANSFER,credit,650000,Fictional State Ministry,Placeholder Bank,Salary,successful,,yes,,,,,ENT987921162584,750000
TXN-000339,CUS-0029,9914497660,2026-07-28 09:08,TRANSFER,credit,120000,Demo Oil Services Ltd,Demo Microfinance Bank,Salary,successful,,yes,,,,,ENT832938212476,1020000
TXN-000497,CUS-0042,9938560739,2026-07-28 09:08,TRANSFER,credit,120000,Placeholder Schools,Demo Microfinance Bank,Salary,successful,,yes,,,,,ENT842942100980,2615000
TXN-001416,CUS-0117,9925219607,2026-07-28 09:08,TRANSFER,credit,400000,Sample Tech Hub,Sample Savings Bank,Salary,successful,,yes,,,,,ENT695096226413,435000
TXN-001583,CUS-0130,9970533656,2026-07-28 09:08,TRANSFER,credit,85000,Mock Logistics Ltd,Demo Microfinance Bank,Salary,successful,,yes,,,,,ENT877600875535,165000
TXN-002253,CUS-0184,9912799315,2026-07-28 09:08,TRANSFER,credit,400000,Mock Logistics Ltd,Quick Fictional Bank,Salary,successful,,yes,,,,,ENT605766623086,1300000
TXN-003402,CUS-0275,9916289439,2026-07-28 09:08,TRANSFER,credit,250000,Sample Tech Hub,Demo Microfinance Bank,Salary,successful,,yes,,,,,ENT209139544517,278500
TXN-003512,CUS-0284,9966833571,2026-07-28 09:08,TRANSFER,credit,250000,Sample Tech Hub,Fictional Trust Bank,Salary,successful,,yes,,,,,ENT492937401738,1130000
TXN-004007,CUS-0325,9991958539,2026-07-28 09:08,POS,debit,1500,Lekki Luxury Stores,,POS purchase,successful,yes,,,,,,ENT194458546731,148500
TXN-004200,CUS-0342,9945277907,2026-07-28 09:08,TRANSFER,credit,180000,Sample Tech Hub,Quick Fictional Bank,Salary,successful,,yes,,,,,ENT352782018822,1080000
TXN-004645,CUS-0377,9956948792,2026-07-28 09:08,TRANSFER,credit,250000,Mock Logistics Ltd,Fictional Trust Bank,Salary,successful,,yes,,,,,ENT200700099938,330000
TXN-004681,CUS-0380,9935909163,2026-07-28 09:08,TRANSFER,credit,85000,Demo Oil Services Ltd,Placeholder Bank,Salary,successful,,yes,,,,,ENT259859455509,165000
TXN-004923,CUS-0399,9942983565,2026-07-28 09:08,TRANSFER,credit,85000,Fictional State Ministry,Quick Fictional Bank,Salary,successful,,yes,,,,,ENT138997871365,481500
TXN-001372,CUS-0113,9918118331,2026-07-28 09:09,TRANSFER,credit,650000,Placeholder Schools,Demo Microfinance Bank,Salary,successful,,yes,,,,,ENT704201606160,1550000
TXN-002177,CUS-0178,9914176590,2026-07-28 09:09,TRANSFER,credit,180000,Mock Logistics Ltd,Placeholder Bank,Salary,successful,,yes,,,,,ENT271796297954,329000
TXN-002696,CUS-0219,9930963627,2026-07-28 09:09,TRANSFER,credit,85000,Fictional State Ministry,Fictional Trust Bank,Salary,successful,,yes,,,,,ENT464196012235,120000
TXN-003277,CUS-0265,9913982658,2026-07-28 09:09,TRANSFER,credit,120000,Placeholder Schools,Demo Microfinance Bank,Salary,successful,,yes,,,,,ENT665692087556,520000
TXN-004212,CUS-0343,9922438945,2026-07-28 09:09,TRANSFER,credit,85000,Mock Logistics Ltd,Quick Fictional Bank,Salary,successful,,yes,,,,,ENT612225688775,465000
TXN-005461,CUS-0443,9932469947,2026-07-28 09:09,TRANSFER,credit,85000,Sample Tech Hub,Quick Fictional Bank,Salary,successful,,yes,,,,,ENT206662233375,107500
TXN-005925,CUS-0480,9952051483,2026-07-28 09:09,TRANSFER,credit,650000,Demo Oil Services Ltd,Quick Fictional Bank,Salary,successful,,yes,,,,,ENT412668980020,3150000
TXN-006183,CUS-0500,9934447608,2026-07-28 09:09,TRANSFER,credit,400000,Fictional State Ministry,Quick Fictional Bank,Salary,successful,,yes,,,,,ENT952538864208,800000
TXN-000087,CUS-0008,9971475136,2026-07-28 09:10,TRANSFER,credit,400000,Mock Logistics Ltd,Placeholder Bank,Salary,successful,,yes,,,,,ENT449481567796,893700
TXN-000179,CUS-0016,9982141621,2026-07-28 09:10,TRANSFER,credit,120000,Fictional State Ministry,Quick Fictional Bank,Salary,successful,,yes,,,,,ENT164061601621,520000
TXN-000836,CUS-0070,9980801000,2026-07-28 09:10,TRANSFER,credit,400000,Fictional State Ministry,Placeholder Bank,Salary,successful,,yes,,,,,ENT266214922438,760000
TXN-001127,CUS-0094,9962528456,2026-07-28 09:10,TRANSFER,credit,85000,Placeholder Schools,Fictional Trust Bank,Salary,successful,,yes,,,,,ENT838265586595,120000
TXN-003159,CUS-0255,9927357934,2026-07-28 09:10,TRANSFER,credit,180000,Mock Logistics Ltd,Placeholder Bank,Salary,successful,,yes,,,,,ENT234919863968,1055500
TXN-003462,CUS-0280,9952498676,2026-07-28 09:10,TRANSFER,credit,650000,Mock Logistics Ltd,Fictional Trust Bank,Salary,successful,,yes,,,,,ENT278615894655,725000
TXN-004044,CUS-0329,9953759147,2026-07-28 09:10,TRANSFER,credit,120000,Placeholder Schools,Placeholder Bank,Salary,successful,,yes,,,,,ENT844372459322,199500
TXN-005425,CUS-0440,9953918603,2026-07-28 09:10,TRANSFER,credit,120000,Sample Tech Hub,Demo Microfinance Bank,Salary,successful,,yes,,,,,ENT847602834934,520000
TXN-005499,CUS-0446,9965552641,2026-07-28 09:10,TRANSFER,credit,85000,Placeholder Schools,Fictional Trust Bank,Salary,successful,,yes,,,,,ENT973085268843,119000
TXN-000982,CUS-0082,9942764129,2026-07-28 09:11,TRANSFER,credit,250000,Fictional State Ministry,Quick Fictional Bank,Salary,successful,,yes,,,,,ENT765557461197,528500
TXN-001496,CUS-0123,9961205593,2026-07-28 09:11,TRANSFER,credit,250000,Fictional State Ministry,Fictional Trust Bank,Salary,successful,,yes,,,,,ENT562482553950,250000
TXN-001547,CUS-0127,9911211684,2026-07-28 09:11,TRANSFER,credit,120000,Placeholder Schools,Fictional Trust Bank,Salary,successful,,yes,,,,,ENT656613205761,550000
TXN-002323,CUS-0190,9967378530,2026-07-28 09:11,TRANSFER,credit,650000,Fictional State Ministry,Quick Fictional Bank,Salary,successful,,yes,,,,,ENT375676030223,1529700
TXN-002783,CUS-0226,9909301930,2026-07-28 09:11,TRANSFER,credit,180000,Mock Logistics Ltd,Quick Fictional Bank,Salary,successful,,yes,,,,,ENT158364066095,330000
TXN-003083,CUS-0249,9911871482,2026-07-28 09:11,TRANSFER,credit,120000,Sample Tech Hub,Demo Microfinance Bank,Salary,successful,,yes,,,,,ENT949006653802,270000
TXN-003474,CUS-0281,9984118790,2026-07-28 09:11,TRANSFER,credit,180000,Demo Oil Services Ltd,Quick Fictional Bank,Salary,successful,,yes,,,,,ENT590612209382,210000
TXN-003748,CUS-0304,9919484159,2026-07-28 09:11,TRANSFER,credit,250000,Demo Oil Services Ltd,Demo Microfinance Bank,Salary,successful,,yes,,,,,ENT187546097276,1150000
TXN-003954,CUS-0321,9964528363,2026-07-28 09:11,ATM,debit,40000,Other bank ATM,,ATM withdrawal,successful,yes,,no,,,,ENT887451293064,395000
TXN-000387,CUS-0033,9940720754,2026-07-28 09:12,TRANSFER,credit,650000,Sample Tech Hub,Demo Microfinance Bank,Salary,successful,,yes,,,,,ENT912698455296,1015000
TXN-000471,CUS-0040,9954177588,2026-07-28 09:12,TRANSFER,credit,180000,Sample Tech Hub,Fictional Trust Bank,Salary,successful,,yes,,,,,ENT164163638831,580000
TXN-000647,CUS-0054,9918621076,2026-07-28 09:12,TRANSFER,credit,85000,Mock Logistics Ltd,Sample Savings Bank,Salary,successful,,yes,,,,,ENT703792285930,445000
TXN-002142,CUS-0175,9903136249,2026-07-28 09:12,TRANSFER,credit,250000,Placeholder Schools,Quick Fictional Bank,Salary,successful,,yes,,,,,ENT444548615546,330000
TXN-002987,CUS-0241,9968320519,2026-07-28 09:12,TRANSFER,credit,250000,Demo Oil Services Ltd,Placeholder Bank,Salary,successful,,yes,,,,,ENT113486544545,285000
TXN-003095,CUS-0250,9922213933,2026-07-28 09:12,TRANSFER,credit,250000,Demo Oil Services Ltd,Sample Savings Bank,Salary,successful,,yes,,,,,ENT806753428590,375000
TXN-004995,CUS-0405,9968853106,2026-07-28 09:12,TRANSFER,credit,250000,Fictional State Ministry,Demo Microfinance Bank,Salary,successful,,yes,,,,,ENT747565340189,330000
TXN-005375,CUS-0436,9957764503,2026-07-28 09:12,TRANSFER,credit,400000,Mock Logistics Ltd,Quick Fictional Bank,Salary,successful,,yes,,,,,ENT166009179914,1300000
TXN-000042,CUS-0004,9989768469,2026-07-28 09:13,TRANSFER,credit,180000,Mock Logistics Ltd,Placeholder Bank,Salary,successful,,yes,,,,,ENT672758455360,1078500
TXN-000110,CUS-0010,9928379298,2026-07-28 09:13,TRANSFER,credit,250000,Sample Tech Hub,Placeholder Bank,Salary,successful,,yes,,,,,ENT407181330316,330000
TXN-001041,CUS-0087,9967779214,2026-07-28 09:13,TRANSFER,credit,400000,Fictional State Ministry,Placeholder Bank,Salary,successful,,yes,,,,,ENT599038240044,1200000
TXN-001156,CUS-0096,9991804418,2026-07-28 09:13,TRANSFER,credit,120000,Fictional State Ministry,Sample Savings Bank,Salary,successful,,yes,,,,,ENT212706397798,517500
TXN-001459,CUS-0120,9939956816,2026-07-28 09:13,TRANSFER,credit,250000,Sample Tech Hub,Fictional Trust Bank,Salary,successful,,yes,,,,,ENT916644924012,1150000
TXN-001799,CUS-0148,9929634769,2026-07-28 09:13,TRANSFER,credit,120000,Fictional State Ministry,Sample Savings Bank,Salary,successful,,yes,,,,,ENT324220476810,515000
TXN-003303,CUS-0267,9975140396,2026-07-28 09:13,TRANSFER,credit,120000,Sample Tech Hub,Sample Savings Bank,Salary,successful,,yes,,,,,ENT211238436001,262200
TXN-003537,CUS-0286,9930900140,2026-07-28 09:13,TRANSFER,credit,120000,Demo Oil Services Ltd,Demo Microfinance Bank,Salary,successful,,yes,,,,,ENT917416293581,2620000
TXN-003794,CUS-0308,9937456111,2026-07-28 09:13,TRANSFER,credit,400000,Sample Tech Hub,Fictional Trust Bank,Salary,successful,,yes,,,,,ENT384151608277,800000
TXN-003963,CUS-0322,9949912955,2026-07-28 09:13,TRANSFER,credit,180000,Fictional State Ministry,Demo Microfinance Bank,Salary,successful,,yes,,,,,ENT452408439699,2672200
TXN-005827,CUS-0472,9933859016,2026-07-28 09:13,TRANSFER,credit,250000,Placeholder Schools,Quick Fictional Bank,Salary,successful,,yes,,,,,ENT536364078045,1069700
TXN-005876,CUS-0476,9990474627,2026-07-28 09:13,TRANSFER,credit,400000,Demo Oil Services Ltd,Sample Savings Bank,Salary,successful,,yes,,,,,ENT663429402085,2882300
TXN-005961,CUS-0483,9956134913,2026-07-28 09:13,TRANSFER,credit,85000,Mock Logistics Ltd,Demo Microfinance Bank,Salary,successful,,yes,,,,,ENT215263385197,235000
TXN-000218,CUS-0019,9953801291,2026-07-28 09:14,TRANSFER,credit,250000,Fictional State Ministry,Fictional Trust Bank,Salary,successful,,yes,,,,,ENT502422867572,285000
TXN-000450,CUS-0038,9928667534,2026-07-28 09:14,TRANSFER,credit,120000,Fictional State Ministry,Fictional Trust Bank,Salary,successful,,yes,,,,,ENT861132179503,270000
TXN-001570,CUS-0129,9901919652,2026-07-28 09:14,TRANSFER,credit,180000,Mock Logistics Ltd,Fictional Trust Bank,Salary,successful,,yes,,,,,ENT777994571747,215000
TXN-002492,CUS-0203,9911235217,2026-07-28 09:14,TRANSFER,credit,120000,Sample Tech Hub,Fictional Trust Bank,Salary,successful,,yes,,,,,ENT884696939565,200000
TXN-002517,CUS-0205,9904236164,2026-07-28 09:14,TRANSFER,credit,180000,Demo Oil Services Ltd,Placeholder Bank,Salary,successful,,yes,,,,,ENT245103233739,214500
TXN-004504,CUS-0366,9961438798,2026-07-28 09:14,TRANSFER,credit,250000,Placeholder Schools,Fictional Trust Bank,Salary,successful,,yes,,,,,ENT599277431226,278100
TXN-005129,CUS-0416,9968703649,2026-07-28 09:14,TRANSFER,credit,120000,Demo Oil Services Ltd,Demo Microfinance Bank,Salary,successful,,yes,,,,,ENT557771979536,270000
TXN-001106,CUS-0092,9995444615,2026-07-28 09:15,TRANSFER,credit,400000,Sample Tech Hub,Sample Savings Bank,Salary,successful,,yes,,,,,ENT415267899750,1290000
TXN-002277,CUS-0186,9978728285,2026-07-28 09:15,TRANSFER,credit,85000,Mock Logistics Ltd,Fictional Trust Bank,Salary,successful,,yes,,,,,ENT131024374601,2562500
TXN-003000,CUS-0242,9902208747,2026-07-28 09:15,TRANSFER,credit,650000,Mock Logistics Ltd,Fictional Trust Bank,Salary,successful,,yes,,,,,ENT480918594707,3110000
TXN-005090,CUS-0413,9988958664,2026-07-28 09:15,TRANSFER,credit,120000,Placeholder Schools,Quick Fictional Bank,Salary,successful,,yes,,,,,ENT416688842968,2620000
TXN-005364,CUS-0435,9996618422,2026-07-28 09:15,TRANSFER,credit,120000,Fictional State Ministry,Quick Fictional Bank,Salary,successful,,yes,,,,,ENT588808017773,266500
TXN-005890,CUS-0477,9950606428,2026-07-28 09:15,TRANSFER,credit,120000,Fictional State Ministry,Demo Microfinance Bank,Salary,successful,,yes,,,,,ENT900151336880,155000
TXN-006118,CUS-0495,9921089129,2026-07-28 09:15,TRANSFER,credit,400000,Sample Tech Hub,Fictional Trust Bank,Salary,successful,,yes,,,,,ENT584010979642,1300000
TXN-000001,CUS-0001,9913998698,2026-07-28 09:16,TRANSFER,credit,180000,Placeholder Schools,Sample Savings Bank,Salary,successful,,yes,,,,,ENT899272697897,323500
TXN-001167,CUS-0097,9961807567,2026-07-28 09:16,TRANSFER,credit,85000,Fictional State Ministry,Fictional Trust Bank,Salary,successful,,yes,,,,,ENT955469581019,2581500
TXN-001192,CUS-0099,9936708878,2026-07-28 09:16,TRANSFER,credit,180000,Mock Logistics Ltd,Sample Savings Bank,Salary,successful,,yes,,,,,ENT643664471989,2672200
TXN-001383,CUS-0114,9944317367,2026-07-28 09:16,TRANSFER,credit,180000,Demo Oil Services Ltd,Quick Fictional Bank,Salary,successful,,yes,,,,,ENT995011180430,258500
TXN-001693,CUS-0139,9928539598,2026-07-28 09:16,TRANSFER,credit,400000,Mock Logistics Ltd,Placeholder Bank,Salary,successful,,yes,,,,,ENT927952883439,2900000
TXN-002864,CUS-0232,9902084385,2026-07-28 09:16,TRANSFER,credit,180000,Fictional State Ministry,Fictional Trust Bank,Salary,successful,,yes,,,,,ENT730758336816,1080000
TXN-002887,CUS-0234,9902167309,2026-07-28 09:16,TRANSFER,credit,650000,Placeholder Schools,Placeholder Bank,Salary,successful,,yes,,,,,ENT301208472024,3140000
TXN-003185,CUS-0257,9903889054,2026-07-28 09:16,TRANSFER,credit,180000,Sample Tech Hub,Quick Fictional Bank,Salary,successful,,yes,,,,,ENT791954600491,1045000
TXN-004139,CUS-0337,9928921183,2026-07-28 09:16,TRANSFER,credit,400000,Demo Oil Services Ltd,Fictional Trust Bank,Salary,successful,,yes,,,,,ENT390291479857,2900000
TXN-004453,CUS-0362,9925256262,2026-07-28 09:16,TRANSFER,credit,120000,Sample Tech Hub,Sample Savings Bank,Salary,successful,,yes,,,,,ENT189890390218,578000
TXN-005177,CUS-0420,9939184404,2026-07-28 09:16,TRANSFER,credit,120000,Mock Logistics Ltd,Sample Savings Bank,Salary,successful,,yes,,,,,ENT196156946213,1019000
TXN-005322,CUS-0432,9901762982,2026-07-28 09:16,TRANSFER,credit,400000,Placeholder Schools,Quick Fictional Bank,Salary,successful,,yes,,,,,ENT212783283496,787500
TXN-005947,CUS-0482,9931572769,2026-07-28 09:16,TRANSFER,credit,250000,Fictional State Ministry,Sample Savings Bank,Salary,successful,,yes,,,,,ENT896641979495,720100
TXN-000398,CUS-0034,9918847918,2026-07-28 09:17,TRANSFER,credit,120000,Placeholder Schools,Fictional Trust Bank,Salary,successful,,yes,,,,,ENT537160777305,140000
TXN-001181,CUS-0098,9958025797,2026-07-28 09:17,TRANSFER,credit,400000,Placeholder Schools,Quick Fictional Bank,Salary,successful,,yes,,,,,ENT807494023548,733000
TXN-002238,CUS-0183,9902993351,2026-07-28 09:17,TRANSFER,credit,85000,Placeholder Schools,Sample Savings Bank,Salary,successful,,yes,,,,,ENT165003395999,2584500
TXN-002957,CUS-0239,9963646907,2026-07-28 09:17,TRANSFER,credit,120000,Placeholder Schools,Quick Fictional Bank,Salary,successful,,yes,,,,,ENT663735107658,520000
TXN-002972,CUS-0240,9926272745,2026-07-28 09:17,TRANSFER,credit,180000,Sample Tech Hub,Sample Savings Bank,Salary,successful,,yes,,,,,ENT696772417127,570100
TXN-003136,CUS-0253,9919879915,2026-07-28 09:17,TRANSFER,credit,180000,Placeholder Schools,Sample Savings Bank,Salary,successful,,yes,,,,,ENT177985474196,210000
TXN-003377,CUS-0273,9935986265,2026-07-28 09:17,TRANSFER,credit,180000,Placeholder Schools,Fictional Trust Bank,Salary,successful,,yes,,,,,ENT705106039883,330000
TXN-003440,CUS-0278,9932946850,2026-07-28 09:17,TRANSFER,credit,650000,Sample Tech Hub,Demo Microfinance Bank,Salary,successful,,yes,,,,,ENT935289823168,800000
TXN-004101,CUS-0334,9962266421,2026-07-28 09:17,TRANSFER,credit,650000,Mock Logistics Ltd,Quick Fictional Bank,Salary,successful,,yes,,,,,ENT731805211947,1546500
TXN-004363,CUS-0355,9924902182,2026-07-28 09:17,TRANSFER,credit,120000,Demo Oil Services Ltd,Demo Microfinance Bank,Salary,successful,,yes,,,,,ENT783381230874,199500
TXN-004670,CUS-0379,9983308485,2026-07-28 09:17,TRANSFER,credit,650000,Placeholder Schools,Quick Fictional Bank,Salary,successful,,yes,,,,,ENT108671021607,1015000
TXN-005378,CUS-0436,9957764503,2026-07-28 09:17,WEB,debit,2500,StreamFlix (fictional),,Online card payment,successful,yes,,,,,,ENT939494433652,1297500
TXN-000731,CUS-0061,9923524013,2026-07-28 09:18,TRANSFER,credit,120000,Sample Tech Hub,Quick Fictional Bank,Salary,successful,,yes,,,,,ENT841789764870,2620000
TXN-000860,CUS-0072,9904030042,2026-07-28 09:18,TRANSFER,credit,250000,Demo Oil Services Ltd,Placeholder Bank,Salary,successful,,yes,,,,,ENT779063852169,2730000
TXN-002348,CUS-0192,9988642115,2026-07-28 09:18,TRANSFER,credit,650000,Fictional State Ministry,Demo Microfinance Bank,Salary,successful,,yes,,,,,ENT698617189823,685000
TXN-002528,CUS-0206,9960946297,2026-07-28 09:18,TRANSFER,credit,400000,Sample Tech Hub,Fictional Trust Bank,Salary,successful,,yes,,,,,ENT167421132438,879500
TXN-003832,CUS-0311,9977866026,2026-07-28 09:18,TRANSFER,credit,250000,Fictional State Ministry,Quick Fictional Bank,Salary,successful,,yes,,,,,ENT785163753518,328500
TXN-003881,CUS-0315,9960596727,2026-07-28 09:18,TRANSFER,credit,250000,Mock Logistics Ltd,Fictional Trust Bank,Salary,successful,,yes,,,,,ENT310361695364,1146500
TXN-001680,CUS-0138,9902372961,2026-07-28 09:19,TRANSFER,credit,120000,Demo Oil Services Ltd,Quick Fictional Bank,Salary,successful,,yes,,,,,ENT618580208638,1019500
TXN-002164,CUS-0177,9940024094,2026-07-28 09:19,TRANSFER,credit,120000,Placeholder Schools,Demo Microfinance Bank,Salary,successful,,yes,,,,,ENT922472049852,155000
TXN-002616,CUS-0213,9943848714,2026-07-28 09:19,TRANSFER,credit,400000,Placeholder Schools,Fictional Trust Bank,Salary,successful,,yes,,,,,ENT758909790764,550000
TXN-003548,CUS-0287,9969449775,2026-07-28 09:19,TRANSFER,credit,180000,Sample Tech Hub,Demo Microfinance Bank,Salary,successful,,yes,,,,,ENT194196782486,191000
TXN-004021,CUS-0327,9985785371,2026-07-28 09:19,TRANSFER,credit,650000,Sample Tech Hub,Quick Fictional Bank,Salary,successful,,yes,,,,,ENT166458932635,730000
TXN-004263,CUS-0347,9910644250,2026-07-28 09:19,TRANSFER,credit,250000,Demo Oil Services Ltd,Quick Fictional Bank,Salary,successful,,yes,,,,,ENT373375080768,550000
TXN-004744,CUS-0385,9986616742,2026-07-28 09:19,TRANSFER,credit,180000,Fictional State Ministry,Demo Microfinance Bank,Salary,successful,,yes,,,,,ENT655906445054,2680000
TXN-001484,CUS-0122,9920453316,2026-07-28 09:20,TRANSFER,credit,120000,Mock Logistics Ltd,Sample Savings Bank,Salary,successful,,yes,,,,,ENT928715798979,2620000
TXN-001825,CUS-0150,9986703642,2026-07-28 09:20,TRANSFER,credit,650000,Placeholder Schools,Fictional Trust Bank,Salary,successful,,yes,,,,,ENT306445246387,1084000
TXN-003784,CUS-0307,9938909584,2026-07-28 09:20,TRANSFER,credit,400000,Demo Oil Services Ltd,Quick Fictional Bank,Salary,successful,,yes,,,,,ENT948548089303,2900000
TXN-004057,CUS-0330,9955477122,2026-07-28 09:20,TRANSFER,credit,180000,Sample Tech Hub,Fictional Trust Bank,Salary,successful,,yes,,,,,ENT235357753609,2680000
TXN-004116,CUS-0335,9937290469,2026-07-28 09:20,TRANSFER,credit,400000,Fictional State Ministry,Fictional Trust Bank,Salary,successful,,yes,,,,,ENT560513505521,1200000
TXN-004327,CUS-0352,9911574849,2026-07-28 09:20,TRANSFER,credit,650000,Demo Oil Services Ltd,Quick Fictional Bank,Salary,successful,,yes,,,,,ENT292425377558,800000
TXN-004407,CUS-0358,9954026859,2026-07-28 09:20,TRANSFER,credit,250000,Fictional State Ministry,Sample Savings Bank,Salary,successful,,yes,,,,,ENT866358709815,285000
TXN-004730,CUS-0384,9978462464,2026-07-28 09:20,TRANSFER,credit,85000,Mock Logistics Ltd,Demo Microfinance Bank,Salary,successful,,yes,,,,,ENT769224989544,120000
TXN-004794,CUS-0389,9985163816,2026-07-28 09:20,TRANSFER,credit,400000,Placeholder Schools,Quick Fictional Bank,Salary,successful,,yes,,,,,ENT475744734035,435000
TXN-000947,CUS-0079,9971711243,2026-07-28 09:21,TRANSFER,credit,85000,Fictional State Ministry,Sample Savings Bank,Salary,successful,,yes,,,,,ENT143635603443,984000
TXN-002426,CUS-0198,9908529541,2026-07-28 09:21,TRANSFER,credit,180000,Sample Tech Hub,Demo Microfinance Bank,Salary,successful,,yes,,,,,ENT877379780875,259500
TXN-002902,CUS-0235,9953911045,2026-07-28 09:21,TRANSFER,credit,180000,Fictional State Ministry,Fictional Trust Bank,Salary,successful,,yes,,,,,ENT221707898043,580000
TXN-003500,CUS-0283,9992725775,2026-07-28 09:21,TRANSFER,credit,85000,Demo Oil Services Ltd,Demo Microfinance Bank,Salary,successful,,yes,,,,,ENT930970652023,485000
TXN-003616,CUS-0293,9928185458,2026-07-28 09:21,TRANSFER,credit,120000,Demo Oil Services Ltd,Placeholder Bank,Salary,successful,,yes,,,,,ENT491996384433,594000
TXN-003806,CUS-0309,9907735405,2026-07-28 09:21,TRANSFER,credit,650000,Demo Oil Services Ltd,Quick Fictional Bank,Salary,successful,,yes,,,,,ENT730091728228,1040100
TXN-005028,CUS-0408,9988225489,2026-07-28 09:21,TRANSFER,credit,85000,Fictional State Ministry,Demo Microfinance Bank,Salary,successful,,yes,,,,,ENT154958570526,445000
TXN-005450,CUS-0442,9996044337,2026-07-28 09:21,TRANSFER,credit,650000,Mock Logistics Ltd,Sample Savings Bank,Salary,successful,,yes,,,,,ENT600632646615,3100000
TXN-001470,CUS-0121,9910108102,2026-07-28 09:22,TRANSFER,credit,85000,Demo Oil Services Ltd,Demo Microfinance Bank,Salary,successful,,yes,,,,,ENT846648988969,985000
TXN-002089,CUS-0171,9983851534,2026-07-28 09:22,TRANSFER,credit,120000,Fictional State Ministry,Quick Fictional Bank,Salary,successful,,yes,,,,,ENT129321368148,1020000
TXN-002710,CUS-0220,9986070448,2026-07-28 09:22,TRANSFER,credit,85000,Sample Tech Hub,Quick Fictional Bank,Salary,successful,,yes,,,,,ENT529209213136,484500
TXN-003712,CUS-0301,9969065643,2026-07-28 09:22,TRANSFER,credit,180000,Sample Tech Hub,Placeholder Bank,Salary,successful,,yes,,,,,ENT792746910524,330000
TXN-004251,CUS-0346,9910643132,2026-07-28 09:22,TRANSFER,credit,400000,Placeholder Schools,Sample Savings Bank,Salary,successful,,yes,,,,,ENT537535417818,435000
TXN-004868,CUS-0395,9969124143,2026-07-28 09:22,TRANSFER,credit,85000,Demo Oil Services Ltd,Quick Fictional Bank,Salary,successful,,yes,,,,,ENT310755553601,120000
TXN-006016,CUS-0487,9989218380,2026-07-28 09:22,TRANSFER,credit,180000,Placeholder Schools,Demo Microfinance Bank,Salary,successful,,yes,,,,,ENT822882131101,1080000
TXN-006132,CUS-0496,9992039930,2026-07-28 09:22,TRANSFER,credit,400000,Demo Oil Services Ltd,Placeholder Bank,Salary,successful,,yes,,,,,ENT228925689701,2890000
TXN-000957,CUS-0080,9903022502,2026-07-28 09:23,TRANSFER,credit,180000,Mock Logistics Ltd,Placeholder Bank,Salary,successful,,yes,,,,,ENT376752076499,237500
TXN-002131,CUS-0174,9904061872,2026-07-28 09:23,TRANSFER,credit,650000,Placeholder Schools,Demo Microfinance Bank,Salary,successful,,yes,,,,,ENT724778238424,3142200
TXN-003057,CUS-0247,9956338649,2026-07-28 09:23,TRANSFER,credit,85000,Sample Tech Hub,Placeholder Bank,Salary,successful,,yes,,,,,ENT430209906824,235000
TXN-004186,CUS-0341,9911918995,2026-07-28 09:23,TRANSFER,credit,180000,Mock Logistics Ltd,Sample Savings Bank,Salary,successful,,yes,,,,,ENT555591732647,180000
TXN-000282,CUS-0024,9988281126,2026-07-28 09:24,TRANSFER,credit,85000,Demo Oil Services Ltd,Sample Savings Bank,Salary,successful,,yes,,,,,ENT100452519904,2575100
TXN-000625,CUS-0052,9965013327,2026-07-28 09:24,TRANSFER,credit,85000,Placeholder Schools,Sample Savings Bank,Salary,successful,,yes,,,,,ENT661304208194,2585000
TXN-001006,CUS-0084,9996444694,2026-07-28 09:24,TRANSFER,credit,180000,Sample Tech Hub,Demo Microfinance Bank,Salary,successful,,yes,,,,,ENT584944982716,260000
TXN-001406,CUS-0116,9962245900,2026-07-28 09:24,TRANSFER,credit,650000,Demo Oil Services Ltd,Sample Savings Bank,Salary,successful,,yes,,,,,ENT526817564514,1050000
TXN-002453,CUS-0200,9967769593,2026-07-28 09:24,TRANSFER,credit,180000,Fictional State Ministry,Sample Savings Bank,Salary,successful,,yes,,,,,ENT739022522403,2680000
TXN-002507,CUS-0204,9937567822,2026-07-28 09:24,TRANSFER,credit,250000,Demo Oil Services Ltd,Placeholder Bank,Salary,successful,,yes,,,,,ENT815737139265,378000
TXN-002796,CUS-0227,9986617876,2026-07-28 09:24,TRANSFER,credit,120000,Sample Tech Hub,Sample Savings Bank,Salary,successful,,yes,,,,,ENT720616841688,2598000
TXN-003354,CUS-0271,9915845459,2026-07-28 09:24,TRANSFER,credit,250000,Mock Logistics Ltd,Sample Savings Bank,Salary,successful,,yes,,,,,ENT560191879522,605000
TXN-003627,CUS-0294,9981044386,2026-07-28 09:24,TRANSFER,credit,85000,Mock Logistics Ltd,Placeholder Bank,Salary,successful,,yes,,,,,ENT418768700411,2585000
TXN-004127,CUS-0336,9952764504,2026-07-28 09:24,TRANSFER,credit,250000,Fictional State Ministry,Fictional Trust Bank,Salary,successful,,yes,,,,,ENT828519271968,745000
TXN-004278,CUS-0348,9968101700,2026-07-28 09:24,TRANSFER,credit,650000,Mock Logistics Ltd,Quick Fictional Bank,Salary,successful,,yes,,,,,ENT201978553964,1550000
TXN-004439,CUS-0361,9980291368,2026-07-28 09:24,TRANSFER,credit,180000,Demo Oil Services Ltd,Placeholder Bank,Salary,successful,,yes,,,,,ENT859052315945,307500
TXN-005710,CUS-0463,9930718439,2026-07-28 09:24,TRANSFER,credit,400000,Fictional State Ministry,Quick Fictional Bank,Salary,successful,,yes,,,,,ENT404482166435,460000
TXN-005789,CUS-0469,9968933238,2026-07-28 09:24,TRANSFER,credit,180000,Mock Logistics Ltd,Fictional Trust Bank,Salary,successful,,yes,,,,,ENT907684679865,322200
TXN-001533,CUS-0126,9983579996,2026-07-28 09:25,TRANSFER,credit,400000,Fictional State Ministry,Placeholder Bank,Salary,successful,,yes,,,,,ENT421632374120,780000
TXN-002542,CUS-0207,9954079211,2026-07-28 09:25,TRANSFER,credit,85000,Fictional State Ministry,Quick Fictional Bank,Salary,successful,,yes,,,,,ENT391104572350,112200
TXN-004010,CUS-0326,9996550219,2026-07-28 09:25,TRANSFER,credit,250000,Fictional State Ministry,Placeholder Bank,Salary,successful,,yes,,,,,ENT297889813573,285000
TXN-004164,CUS-0339,9994674369,2026-07-28 09:25,TRANSFER,credit,400000,Fictional State Ministry,Demo Microfinance Bank,Salary,successful,,yes,,,,,ENT753515234476,550000
TXN-004563,CUS-0371,9907694305,2026-07-28 09:25,TRANSFER,credit,85000,Demo Oil Services Ltd,Placeholder Bank,Salary,successful,,yes,,,,,ENT534193170606,120000
TXN-005214,CUS-0423,9996846104,2026-07-28 09:25,TRANSFER,credit,180000,Mock Logistics Ltd,Demo Microfinance Bank,Salary,successful,,yes,,,,,ENT438354272173,2672200
TXN-000604,CUS-0050,9988645732,2026-07-28 09:26,TRANSFER,credit,250000,Placeholder Schools,Quick Fictional Bank,Salary,successful,,yes,,,,,ENT968242910386,285000
TXN-000826,CUS-0069,9935953494,2026-07-28 09:26,TRANSFER,credit,650000,Mock Logistics Ltd,Sample Savings Bank,Salary,successful,,yes,,,,,ENT286222231909,1550000
TXN-002117,CUS-0173,9937785973,2026-07-28 09:26,TRANSFER,credit,85000,Sample Tech Hub,Placeholder Bank,Salary,successful,,yes,,,,,ENT932359892110,951500
TXN-002835,CUS-0230,9946252003,2026-07-28 09:26,TRANSFER,credit,85000,Demo Oil Services Ltd,Fictional Trust Bank,Salary,successful,,yes,,,,,ENT916326805121,160000
TXN-003026,CUS-0244,9931572552,2026-07-28 09:26,TRANSFER,credit,180000,Demo Oil Services Ltd,Fictional Trust Bank,Salary,successful,,yes,,,,,ENT167570031032,215000
TXN-003936,CUS-0320,9939671395,2026-07-28 09:26,TRANSFER,credit,250000,Fictional State Ministry,Quick Fictional Bank,Salary,successful,,yes,,,,,ENT718271573280,400000
TXN-004880,CUS-0396,9979503876,2026-07-28 09:26,TRANSFER,credit,400000,Sample Tech Hub,Sample Savings Bank,Salary,successful,,yes,,,,,ENT904038275314,517500
TXN-005799,CUS-0470,9929794391,2026-07-28 09:26,TRANSFER,credit,250000,Placeholder Schools,Fictional Trust Bank,Salary,successful,,yes,,,,,ENT106381364374,650000
TXN-000194,CUS-0017,9946001304,2026-07-28 09:27,TRANSFER,credit,85000,Demo Oil Services Ltd,Placeholder Bank,Salary,successful,,yes,,,,,ENT360550928119,235000
TXN-000483,CUS-0041,9902520161,2026-07-28 09:27,TRANSFER,credit,400000,Demo Oil Services Ltd,Fictional Trust Bank,Salary,successful,,yes,,,,,ENT977529986885,1300000
TXN-002376,CUS-0194,9953387952,2026-07-28 09:27,TRANSFER,credit,85000,Sample Tech Hub,Placeholder Bank,Salary,successful,,yes,,,,,ENT845033057948,385000
TXN-002669,CUS-0217,9923754061,2026-07-28 09:27,TRANSFER,credit,250000,Placeholder Schools,Demo Microfinance Bank,Salary,successful,,yes,,,,,ENT911340937777,745000
TXN-002761,CUS-0224,9958085404,2026-07-28 09:27,TRANSFER,credit,120000,Placeholder Schools,Demo Microfinance Bank,Salary,successful,,yes,,,,,ENT923827762615,2520000
TXN-002773,CUS-0225,9910257598,2026-07-28 09:27,TRANSFER,credit,120000,Placeholder Schools,Sample Savings Bank,Salary,successful,,yes,,,,,ENT685390489878,1020000
TXN-002820,CUS-0229,9993322503,2026-07-28 09:27,TRANSFER,credit,180000,Mock Logistics Ltd,Fictional Trust Bank,Salary,successful,,yes,,,,,ENT830357378618,577500
TXN-004492,CUS-0365,9966800555,2026-07-28 09:27,TRANSFER,credit,250000,Demo Oil Services Ltd,Quick Fictional Bank,Salary,successful,,yes,,,,,ENT506031740955,1150000
TXN-005139,CUS-0417,9965144969,2026-07-28 09:27,TRANSFER,credit,120000,Demo Oil Services Ltd,Placeholder Bank,Salary,successful,,yes,,,,,ENT362738065610,870000
TXN-005404,CUS-0438,9912614443,2026-07-28 09:27,TRANSFER,credit,400000,Demo Oil Services Ltd,Demo Microfinance Bank,Salary,successful,,yes,,,,,ENT111531555667,2900000
TXN-002189,CUS-0179,9929958470,2026-07-28 09:28,TRANSFER,credit,180000,Demo Oil Services Ltd,Fictional Trust Bank,Salary,successful,,yes,,,,,ENT616004550213,215000
TXN-000365,CUS-0031,9984951838,2026-07-28 09:29,TRANSFER,credit,120000,Sample Tech Hub,Fictional Trust Bank,Salary,successful,,yes,,,,,ENT426048786050,515000
TXN-002722,CUS-0221,9995401710,2026-07-28 09:29,TRANSFER,credit,250000,Fictional State Ministry,Placeholder Bank,Salary,successful,,yes,,,,,ENT475770900756,650000
TXN-003036,CUS-0245,9974242558,2026-07-28 09:29,TRANSFER,credit,650000,Mock Logistics Ltd,Demo Microfinance Bank,Salary,successful,,yes,,,,,ENT578233532842,3145000
TXN-003243,CUS-0262,9969055121,2026-07-28 09:29,TRANSFER,credit,120000,Fictional State Ministry,Quick Fictional Bank,Salary,successful,,yes,,,,,ENT486042873259,520000
TXN-004542,CUS-0369,9982914423,2026-07-28 09:29,TRANSFER,credit,180000,Mock Logistics Ltd,Fictional Trust Bank,Salary,successful,,yes,,,,,ENT320911291276,557500
TXN-004704,CUS-0382,9965825920,2026-07-28 09:29,TRANSFER,credit,250000,Fictional State Ministry,Demo Microfinance Bank,Salary,successful,,yes,,,,,ENT392549214837,1110000
TXN-005739,CUS-0465,9919915036,2026-07-28 09:29,TRANSFER,credit,250000,Sample Tech Hub,Placeholder Bank,Salary,successful,,yes,,,,,ENT179694831496,1150000
TXN-000064,CUS-0006,9988766344,2026-07-28 09:30,TRANSFER,credit,85000,Placeholder Schools,Demo Microfinance Bank,Salary,successful,,yes,,,,,ENT827599613226,957200
TXN-000615,CUS-0051,9985846388,2026-07-28 09:30,TRANSFER,credit,120000,Demo Oil Services Ltd,Demo Microfinance Bank,Salary,successful,,yes,,,,,ENT849967699929,2620000
TXN-001814,CUS-0149,9932706983,2026-07-28 09:30,TRANSFER,credit,250000,Placeholder Schools,Quick Fictional Bank,Salary,successful,,yes,,,,,ENT867236554476,330000
TXN-002204,CUS-0180,9927751519,2026-07-28 09:30,TRANSFER,credit,650000,Mock Logistics Ltd,Demo Microfinance Bank,Salary,successful,,yes,,,,,ENT982667817159,3150000
TXN-003975,CUS-0323,9954538030,2026-07-28 09:30,TRANSFER,credit,650000,Demo Oil Services Ltd,Sample Savings Bank,Salary,successful,,yes,,,,,ENT501789080729,730000
TXN-005573,CUS-0452,9921145268,2026-07-28 09:30,TRANSFER,credit,85000,Fictional State Ministry,Sample Savings Bank,Salary,successful,,yes,,,,,ENT373383998039,157200
TXN-006158,CUS-0498,9973945097,2026-07-28 09:30,TRANSFER,credit,650000,Placeholder Schools,Quick Fictional Bank,Salary,successful,,yes,,,,,ENT424867631199,1050000
TXN-000637,CUS-0053,9916354011,2026-07-28 09:31,TRANSFER,credit,120000,Mock Logistics Ltd,Quick Fictional Bank,Salary,successful,,yes,,,,,ENT534417689894,2620000
TXN-001093,CUS-0091,9981013315,2026-07-28 09:31,TRANSFER,credit,250000,Demo Oil Services Ltd,Placeholder Bank,Salary,successful,,yes,,,,,ENT948219336161,1105000
TXN-001963,CUS-0161,9950062013,2026-07-28 09:31,TRANSFER,credit,85000,Demo Oil Services Ltd,Demo Microfinance Bank,Salary,successful,,yes,,,,,ENT410235516928,2545000
TXN-002016,CUS-0165,9957207101,2026-07-28 09:31,TRANSFER,credit,650000,Sample Tech Hub,Fictional Trust Bank,Salary,successful,,yes,,,,,ENT266332433743,727500
TXN-003109,CUS-0251,9972251933,2026-07-28 09:31,TRANSFER,credit,120000,Fictional State Ministry,Quick Fictional Bank,Salary,successful,,yes,,,,,ENT638066878863,257500
TXN-003148,CUS-0254,9910485144,2026-07-28 09:31,TRANSFER,credit,650000,Fictional State Ministry,Quick Fictional Bank,Salary,successful,,yes,,,,,ENT130097989284,1550000
TXN-003367,CUS-0272,9940071152,2026-07-28 09:31,TRANSFER,credit,85000,Sample Tech Hub,Fictional Trust Bank,Salary,successful,,yes,,,,,ENT928583632351,145000
TXN-003485,CUS-0282,9946306844,2026-07-28 09:31,TRANSFER,credit,650000,Fictional State Ministry,Fictional Trust Bank,Salary,successful,,yes,,,,,ENT870587740000,1533500
TXN-004467,CUS-0363,9914265763,2026-07-28 09:31,TRANSFER,credit,180000,Placeholder Schools,Placeholder Bank,Salary,successful,,yes,,,,,ENT636848073696,2680000
TXN-005473,CUS-0444,9984434096,2026-07-28 09:31,TRANSFER,credit,250000,Sample Tech Hub,Sample Savings Bank,Salary,successful,,yes,,,,,ENT194453102491,285000
TXN-000206,CUS-0018,9946450604,2026-07-28 09:32,TRANSFER,credit,85000,Mock Logistics Ltd,Sample Savings Bank,Salary,successful,,yes,,,,,ENT804456986377,161500
TXN-000436,CUS-0037,9980700159,2026-07-28 09:32,TRANSFER,credit,180000,Fictional State Ministry,Quick Fictional Bank,Salary,successful,,yes,,,,,ENT559351453243,1040000
TXN-000766,CUS-0064,9901461338,2026-07-28 09:32,TRANSFER,credit,85000,Placeholder Schools,Sample Savings Bank,Salary,successful,,yes,,,,,ENT964262757075,580000
TXN-000910,CUS-0076,9970950601,2026-07-28 09:32,TRANSFER,credit,85000,Placeholder Schools,Placeholder Bank,Salary,successful,,yes,,,,,ENT146210653367,120000
TXN-002571,CUS-0209,9986925245,2026-07-28 09:32,TRANSFER,credit,400000,Fictional State Ministry,Fictional Trust Bank,Salary,successful,,yes,,,,,ENT686413854284,433000
TXN-003702,CUS-0300,9986118151,2026-07-28 09:32,TRANSFER,credit,250000,Placeholder Schools,Quick Fictional Bank,Salary,successful,,yes,,,,,ENT597820438151,330000
TXN-005005,CUS-0406,9986833881,2026-07-28 09:32,TRANSFER,credit,85000,Fictional State Ministry,Placeholder Bank,Salary,successful,,yes,,,,,ENT689153072931,115000
TXN-005559,CUS-0451,9961219558,2026-07-28 09:32,TRANSFER,credit,650000,Demo Oil Services Ltd,Fictional Trust Bank,Salary,successful,,yes,,,,,ENT492300965632,685000
TXN-006091,CUS-0493,9914772348,2026-07-28 09:32,TRANSFER,credit,650000,Sample Tech Hub,Sample Savings Bank,Salary,successful,,yes,,,,,ENT854784785562,685000
TXN-001078,CUS-0090,9945011459,2026-07-28 09:33,TRANSFER,credit,120000,Mock Logistics Ltd,Fictional Trust Bank,Salary,successful,,yes,,,,,ENT367189325625,155000
TXN-001304,CUS-0108,9976125398,2026-07-28 09:33,TRANSFER,credit,120000,Demo Oil Services Ltd,Placeholder Bank,Salary,successful,,yes,,,,,ENT696105078446,155000
TXN-001736,CUS-0143,9964197110,2026-07-28 09:33,TRANSFER,credit,650000,Placeholder Schools,Demo Microfinance Bank,Salary,successful,,yes,,,,,ENT908556492665,1050000
TXN-001837,CUS-0151,9923911317,2026-07-28 09:33,TRANSFER,credit,85000,Placeholder Schools,Demo Microfinance Bank,Salary,successful,,yes,,,,,ENT462412940309,982500
TXN-001953,CUS-0160,9945997181,2026-07-28 09:33,TRANSFER,credit,85000,Placeholder Schools,Demo Microfinance Bank,Salary,successful,,yes,,,,,ENT553593927645,485000
TXN-001989,CUS-0163,9985476677,2026-07-28 09:33,TRANSFER,credit,85000,Fictional State Ministry,Quick Fictional Bank,Salary,successful,,yes,,,,,ENT197892800649,235000
TXN-002596,CUS-0211,9909502592,2026-07-28 09:33,TRANSFER,credit,180000,Fictional State Ministry,Sample Savings Bank,Salary,successful,,yes,,,,,ENT616551257517,193000
TXN-002682,CUS-0218,9910818187,2026-07-28 09:33,TRANSFER,credit,650000,Mock Logistics Ltd,Quick Fictional Bank,Salary,successful,,yes,,,,,ENT474385586880,663000
TXN-003417,CUS-0276,9997590170,2026-07-28 09:33,TRANSFER,credit,120000,Sample Tech Hub,Demo Microfinance Bank,Salary,successful,,yes,,,,,ENT859314405144,270000
TXN-003571,CUS-0289,9944712177,2026-07-28 09:33,TRANSFER,credit,650000,Placeholder Schools,Fictional Trust Bank,Salary,successful,,yes,,,,,ENT961934630259,1500000
TXN-004716,CUS-0383,9903971634,2026-07-28 09:33,TRANSFER,credit,180000,Sample Tech Hub,Placeholder Bank,Salary,successful,,yes,,,,,ENT657753561248,1050000
TXN-005067,CUS-0411,9993781137,2026-07-28 09:33,TRANSFER,credit,400000,Mock Logistics Ltd,Quick Fictional Bank,Salary,successful,,yes,,,,,ENT156673812470,478500
TXN-005487,CUS-0445,9937220724,2026-07-28 09:33,TRANSFER,credit,250000,Fictional State Ministry,Fictional Trust Bank,Salary,successful,,yes,,,,,ENT688463167408,308000
TXN-000754,CUS-0063,9948085347,2026-07-28 09:34,TRANSFER,credit,250000,Sample Tech Hub,Sample Savings Bank,Salary,successful,,yes,,,,,ENT144017218996,285000
TXN-001596,CUS-0131,9915379101,2026-07-28 09:34,TRANSFER,credit,400000,Fictional State Ministry,Placeholder Bank,Salary,successful,,yes,,,,,ENT340132888265,480000
TXN-002584,CUS-0210,9911316159,2026-07-28 09:34,TRANSFER,credit,650000,Demo Oil Services Ltd,Fictional Trust Bank,Salary,successful,,yes,,,,,ENT127811657891,1550000
TXN-003856,CUS-0313,9946277869,2026-07-28 09:34,TRANSFER,credit,85000,Fictional State Ministry,Quick Fictional Bank,Salary,successful,,yes,,,,,ENT168008988272,2463000
TXN-003895,CUS-0316,9928767202,2026-07-28 09:34,TRANSFER,credit,400000,Sample Tech Hub,Demo Microfinance Bank,Salary,successful,,yes,,,,,ENT272396337430,1299500
TXN-003951,CUS-0321,9964528363,2026-07-28 09:34,TRANSFER,credit,120000,Sample Tech Hub,Sample Savings Bank,Salary,successful,,yes,,,,,ENT890649109187,515000
TXN-005248,CUS-0426,9934548587,2026-07-28 09:34,TRANSFER,credit,85000,Mock Logistics Ltd,Fictional Trust Bank,Salary,successful,,yes,,,,,ENT429414387339,485000
TXN-005750,CUS-0466,9921435033,2026-07-28 09:34,TRANSFER,credit,650000,Placeholder Schools,Placeholder Bank,Salary,successful,,yes,,,,,ENT254318352928,672500
TXN-000719,CUS-0060,9906424829,2026-07-28 09:35,TRANSFER,credit,120000,Sample Tech Hub,Placeholder Bank,Salary,successful,,yes,,,,,ENT330225384706,2600000
TXN-000780,CUS-0065,9977605538,2026-07-28 09:35,TRANSFER,credit,650000,Fictional State Ministry,Quick Fictional Bank,Salary,successful,,yes,,,,,ENT421965266979,690000
TXN-002028,CUS-0166,9936354926,2026-07-28 09:35,TRANSFER,credit,650000,Fictional State Ministry,Sample Savings Bank,Salary,successful,,yes,,,,,ENT113544200231,730000
TXN-003207,CUS-0259,9978482991,2026-07-28 09:35,TRANSFER,credit,180000,Sample Tech Hub,Placeholder Bank,Salary,successful,,yes,,,,,ENT835946012442,330000
TXN-004575,CUS-0372,9937583244,2026-07-28 09:35,TRANSFER,credit,180000,Placeholder Schools,Fictional Trust Bank,Salary,successful,,yes,,,,,ENT281891851803,1078500
TXN-005077,CUS-0412,9954372850,2026-07-28 09:35,TRANSFER,credit,120000,Demo Oil Services Ltd,Demo Microfinance Bank,Salary,successful,,yes,,,,,ENT956777879998,512200
TXN-005389,CUS-0437,9935652556,2026-07-28 09:35,TRANSFER,credit,650000,Placeholder Schools,Demo Microfinance Bank,Salary,successful,,yes,,,,,ENT755861217496,761500
TXN-005624,CUS-0456,9972514839,2026-07-28 09:35,TRANSFER,credit,400000,Placeholder Schools,Fictional Trust Bank,Salary,successful,,yes,,,,,ENT990278210050,405000
TXN-005688,CUS-0461,9906704957,2026-07-28 09:35,TRANSFER,credit,85000,Sample Tech Hub,Demo Microfinance Bank,Salary,successful,,yes,,,,,ENT531704823358,233500
TXN-000054,CUS-0005,9919672731,2026-07-28 09:36,TRANSFER,credit,180000,Placeholder Schools,Placeholder Bank,Salary,successful,,yes,,,,,ENT852098654053,1080000
TXN-000923,CUS-0077,9956378276,2026-07-28 09:36,TRANSFER,credit,250000,Fictional State Ministry,Fictional Trust Bank,Salary,successful,,yes,,,,,ENT157731764335,325500
TXN-001522,CUS-0125,9939285100,2026-07-28 09:36,TRANSFER,credit,120000,Placeholder Schools,Fictional Trust Bank,Salary,successful,,yes,,,,,ENT269948656509,1020000
TXN-002077,CUS-0170,9942564933,2026-07-28 09:36,TRANSFER,credit,120000,Sample Tech Hub,Placeholder Bank,Salary,successful,,yes,,,,,ENT890630112771,495000
TXN-002265,CUS-0185,9962334551,2026-07-28 09:36,TRANSFER,credit,85000,Sample Tech Hub,Quick Fictional Bank,Salary,successful,,yes,,,,,ENT902640936592,118500
TXN-002557,CUS-0208,9908562995,2026-07-28 09:36,TRANSFER,credit,250000,Mock Logistics Ltd,Sample Savings Bank,Salary,successful,,yes,,,,,ENT632343766318,2742200
TXN-003428,CUS-0277,9900602652,2026-07-28 09:36,TRANSFER,credit,85000,Fictional State Ministry,Placeholder Bank,Salary,successful,,yes,,,,,ENT913710846433,985000
TXN-004377,CUS-0356,9916389373,2026-07-28 09:36,TRANSFER,credit,120000,Mock Logistics Ltd,Sample Savings Bank,Salary,successful,,yes,,,,,ENT856065123111,262200
TXN-004519,CUS-0367,9951406955,2026-07-28 09:36,TRANSFER,credit,250000,Placeholder Schools,Quick Fictional Bank,Salary,successful,,yes,,,,,ENT544019923561,2750000
TXN-004895,CUS-0397,9939504343,2026-07-28 09:36,TRANSFER,credit,120000,Placeholder Schools,Placeholder Bank,Salary,successful,,yes,,,,,ENT197959612611,2620000
TXN-005639,CUS-0457,9951470242,2026-07-28 09:36,TRANSFER,credit,85000,Fictional State Ministry,Demo Microfinance Bank,Salary,successful,,yes,,,,,ENT479273788060,120000
TXN-005724,CUS-0464,9998523750,2026-07-28 09:36,TRANSFER,credit,85000,Demo Oil Services Ltd,Demo Microfinance Bank,Salary,successful,,yes,,,,,ENT340007864349,485000
TXN-000425,CUS-0036,9926978043,2026-07-28 09:37,TRANSFER,credit,650000,Fictional State Ministry,Sample Savings Bank,Salary,successful,,yes,,,,,ENT984221499067,1135000
TXN-001724,CUS-0142,9986367800,2026-07-28 09:37,TRANSFER,credit,120000,Fictional State Ministry,Quick Fictional Bank,Salary,successful,,yes,,,,,ENT977425323078,1020000
TXN-001938,CUS-0159,9941946065,2026-07-28 09:37,TRANSFER,credit,650000,Demo Oil Services Ltd,Placeholder Bank,Salary,successful,,yes,,,,,ENT876113869615,718500
TXN-002479,CUS-0202,9914950549,2026-07-28 09:37,TRANSFER,credit,85000,Demo Oil Services Ltd,Sample Savings Bank,Salary,successful,,yes,,,,,ENT767909953980,2575000
TXN-003582,CUS-0290,9927406438,2026-07-28 09:37,TRANSFER,credit,400000,Fictional State Ministry,Demo Microfinance Bank,Salary,successful,,yes,,,,,ENT499494503910,750000
TXN-003655,CUS-0296,9904810740,2026-07-28 09:37,TRANSFER,credit,120000,Fictional State Ministry,Placeholder Bank,Salary,successful,,yes,,,,,ENT822688373639,155000
TXN-004589,CUS-0373,9932052387,2026-07-28 09:37,TRANSFER,credit,85000,Sample Tech Hub,Demo Microfinance Bank,Salary,successful,,yes,,,,,ENT822264111842,85000
TXN-005052,CUS-0410,9922696173,2026-07-28 09:37,TRANSFER,credit,85000,Fictional State Ministry,Sample Savings Bank,Salary,successful,,yes,,,,,ENT350748253496,165000
TXN-005116,CUS-0415,9933680819,2026-07-28 09:37,TRANSFER,credit,250000,Demo Oil Services Ltd,Placeholder Bank,Salary,successful,,yes,,,,,ENT780315764767,327500
TXN-005649,CUS-0458,9904367085,2026-07-28 09:37,TRANSFER,credit,120000,Mock Logistics Ltd,Demo Microfinance Bank,Salary,successful,,yes,,,,,ENT941190650781,255000
TXN-000411,CUS-0035,9955689832,2026-07-28 09:38,TRANSFER,credit,85000,Placeholder Schools,Placeholder Bank,Salary,successful,,yes,,,,,ENT270866716876,2530000
TXN-003046,CUS-0246,9985384634,2026-07-28 09:38,TRANSFER,credit,120000,Mock Logistics Ltd,Demo Microfinance Bank,Salary,successful,,yes,,,,,ENT884260598561,2620000
TXN-003763,CUS-0305,9912573853,2026-07-28 09:38,TRANSFER,credit,120000,Placeholder Schools,Placeholder Bank,Salary,successful,,yes,,,,,ENT427494244320,155000
TXN-003999,CUS-0325,9991958539,2026-07-28 09:38,TRANSFER,credit,650000,Demo Oil Services Ltd,Fictional Trust Bank,Salary,successful,,yes,,,,,ENT794707090757,798500
TXN-004983,CUS-0404,9918022090,2026-07-28 09:38,TRANSFER,credit,250000,Fictional State Ministry,Sample Savings Bank,Salary,successful,,yes,,,,,ENT821435081264,639700
TXN-005349,CUS-0434,9998934709,2026-07-28 09:38,TRANSFER,credit,85000,Demo Oil Services Ltd,Sample Savings Bank,Salary,successful,,yes,,,,,ENT498278109503,474600
TXN-005915,CUS-0479,9976613626,2026-07-28 09:38,TRANSFER,credit,650000,Demo Oil Services Ltd,Sample Savings Bank,Salary,successful,,yes,,,,,ENT417023907655,685000
TXN-000121,CUS-0011,9983601610,2026-07-28 09:39,TRANSFER,credit,120000,Placeholder Schools,Placeholder Bank,Salary,successful,,yes,,,,,ENT415606004451,200000
TXN-000146,CUS-0013,9918603208,2026-07-28 09:39,TRANSFER,credit,120000,Demo Oil Services Ltd,Sample Savings Bank,Salary,successful,,yes,,,,,ENT139690434607,1020000
TXN-004944,CUS-0401,9916928668,2026-07-28 09:39,TRANSFER,credit,120000,Fictional State Ministry,Demo Microfinance Bank,Salary,successful,,yes,,,,,ENT132549971189,257500
TXN-005415,CUS-0439,9979594787,2026-07-28 09:39,TRANSFER,credit,400000,Demo Oil Services Ltd,Placeholder Bank,Salary,successful,,yes,,,,,ENT643977380565,472200
TXN-006005,CUS-0486,9956936295,2026-07-28 09:39,TRANSFER,credit,250000,Sample Tech Hub,Demo Microfinance Bank,Salary,successful,,yes,,,,,ENT886899431924,650000
TXN-006077,CUS-0492,9909587010,2026-07-28 09:39,TRANSFER,credit,650000,Demo Oil Services Ltd,Demo Microfinance Bank,Salary,successful,,yes,,,,,ENT423274429590,1549000
TXN-000097,CUS-0009,9993319084,2026-07-28 09:40,TRANSFER,credit,400000,Placeholder Schools,Placeholder Bank,Salary,successful,,yes,,,,,ENT447438895088,2895000
TXN-000245,CUS-0021,9964529128,2026-07-28 09:40,TRANSFER,credit,180000,Placeholder Schools,Placeholder Bank,Salary,successful,,yes,,,,,ENT868724731915,215000
TXN-001066,CUS-0089,9995292074,2026-07-28 09:40,TRANSFER,credit,650000,Fictional State Ministry,Fictional Trust Bank,Salary,successful,,yes,,,,,ENT170550861779,715000
TXN-001714,CUS-0141,9922386162,2026-07-28 09:40,TRANSFER,credit,120000,Sample Tech Hub,Demo Microfinance Bank,Salary,successful,,yes,,,,,ENT667600940953,155000
TXN-001976,CUS-0162,9936876480,2026-07-28 09:40,TRANSFER,credit,400000,Mock Logistics Ltd,Quick Fictional Bank,Salary,successful,,yes,,,,,ENT425600993228,550000
TXN-002438,CUS-0199,9916644726,2026-07-28 09:40,TRANSFER,credit,400000,Demo Oil Services Ltd,Placeholder Bank,Salary,successful,,yes,,,,,ENT322285584211,550000
TXN-003680,CUS-0298,9994675331,2026-07-28 09:40,TRANSFER,credit,650000,Mock Logistics Ltd,Quick Fictional Bank,Salary,successful,,yes,,,,,ENT402174711833,1130000
TXN-004532,CUS-0368,9940190302,2026-07-28 09:40,TRANSFER,credit,650000,Sample Tech Hub,Sample Savings Bank,Salary,successful,,yes,,,,,ENT316333259728,677000
TXN-004691,CUS-0381,9967998836,2026-07-28 09:40,TRANSFER,credit,120000,Fictional State Ministry,Placeholder Bank,Salary,successful,,yes,,,,,ENT572546260921,262200
TXN-005188,CUS-0421,9917263678,2026-07-28 09:40,TRANSFER,credit,180000,Sample Tech Hub,Quick Fictional Bank,Salary,successful,,yes,,,,,ENT932470964988,200000
TXN-005273,CUS-0428,9988816041,2026-07-28 09:40,TRANSFER,credit,250000,Demo Oil Services Ltd,Sample Savings Bank,Salary,successful,,yes,,,,,ENT688869163518,328000
TXN-005549,CUS-0450,9931478410,2026-07-28 09:40,TRANSFER,credit,85000,Demo Oil Services Ltd,Quick Fictional Bank,Salary,successful,,yes,,,,,ENT603053626734,450000
TXN-000790,CUS-0066,9915141363,2026-07-28 09:41,TRANSFER,credit,180000,Sample Tech Hub,Quick Fictional Bank,Salary,successful,,yes,,,,,ENT245762462518,2658000
TXN-001217,CUS-0101,9971745143,2026-07-28 09:41,TRANSFER,credit,120000,Mock Logistics Ltd,Placeholder Bank,Salary,successful,,yes,,,,,ENT487058469910,2618000
TXN-002228,CUS-0182,9979765655,2026-07-28 09:41,TRANSFER,credit,85000,Mock Logistics Ltd,Placeholder Bank,Salary,successful,,yes,,,,,ENT590847827706,116500
TXN-002389,CUS-0195,9911125736,2026-07-28 09:41,TRANSFER,credit,120000,Mock Logistics Ltd,Demo Microfinance Bank,Salary,successful,,yes,,,,,ENT216350850224,2500000
TXN-003267,CUS-0264,9910453125,2026-07-28 09:41,TRANSFER,credit,85000,Fictional State Ministry,Placeholder Bank,Salary,successful,,yes,,,,,ENT374381099146,165000
TXN-004553,CUS-0370,9934238589,2026-07-28 09:41,TRANSFER,credit,250000,Demo Oil Services Ltd,Fictional Trust Bank,Salary,successful,,yes,,,,,ENT259954600101,1094000
TXN-004616,CUS-0375,9951549033,2026-07-28 09:41,TRANSFER,credit,400000,Placeholder Schools,Fictional Trust Bank,Salary,successful,,yes,,,,,ENT467123499207,500000
TXN-005536,CUS-0449,9921814877,2026-07-28 09:41,TRANSFER,credit,180000,Sample Tech Hub,Quick Fictional Bank,Salary,successful,,yes,,,,,ENT242623965796,580000
TXN-005764,CUS-0467,9930828759,2026-07-28 09:41,TRANSFER,credit,250000,Mock Logistics Ltd,Demo Microfinance Bank,Salary,successful,,yes,,,,,ENT445756221591,2742200
TXN-000014,CUS-0002,9917075364,2026-07-28 09:42,TRANSFER,credit,400000,Sample Tech Hub,Demo Microfinance Bank,Salary,successful,,yes,,,,,ENT770886744375,1299000
TXN-003774,CUS-0306,9912755790,2026-07-28 09:42,TRANSFER,credit,180000,Demo Oil Services Ltd,Quick Fictional Bank,Salary,successful,,yes,,,,,ENT934262464579,330000
TXN-004480,CUS-0364,9924622145,2026-07-28 09:42,TRANSFER,credit,120000,Demo Oil Services Ltd,Sample Savings Bank,Salary,successful,,yes,,,,,ENT856889451396,1019500
TXN-004631,CUS-0376,9965266631,2026-07-28 09:42,TRANSFER,credit,85000,Sample Tech Hub,Quick Fictional Bank,Salary,successful,,yes,,,,,ENT756051151502,100000
TXN-005311,CUS-0431,9985406888,2026-07-28 09:42,TRANSFER,credit,120000,Fictional State Ministry,Sample Savings Bank,Salary,successful,,yes,,,,,ENT713229809618,2607500
TXN-005336,CUS-0433,9973633995,2026-07-28 09:42,TRANSFER,credit,250000,Placeholder Schools,Quick Fictional Bank,Salary,successful,,yes,,,,,ENT535731817437,1050000
TXN-005853,CUS-0474,9967078673,2026-07-28 09:42,TRANSFER,credit,180000,Placeholder Schools,Demo Microfinance Bank,Salary,successful,,yes,,,,,ENT477180800034,215000
TXN-005902,CUS-0478,9926098818,2026-07-28 09:42,TRANSFER,credit,650000,Placeholder Schools,Fictional Trust Bank,Salary,successful,,yes,,,,,ENT429125634706,3137500
TXN-006170,CUS-0499,9952647161,2026-07-28 09:42,TRANSFER,credit,180000,Fictional State Ministry,Sample Savings Bank,Salary,successful,,yes,,,,,ENT477713558672,202500
TXN-001346,CUS-0111,9960169676,2026-07-28 09:43,TRANSFER,credit,250000,Fictional State Ministry,Demo Microfinance Bank,Salary,successful,,yes,,,,,ENT282128139434,342500
TXN-002468,CUS-0201,9915856052,2026-07-28 09:43,TRANSFER,credit,250000,Fictional State Ministry,Sample Savings Bank,Salary,successful,,yes,,,,,ENT270200419581,1149500
TXN-003389,CUS-0274,9955297955,2026-07-28 09:43,TRANSFER,credit,180000,Demo Oil Services Ltd,Sample Savings Bank,Salary,successful,,yes,,,,,ENT634907135878,260000
TXN-003451,CUS-0279,9955326148,2026-07-28 09:43,TRANSFER,credit,250000,Fictional State Ministry,Quick Fictional Bank,Salary,successful,,yes,,,,,ENT942949309676,315500
TXN-004174,CUS-0340,9968650702,2026-07-28 09:43,TRANSFER,credit,180000,Fictional State Ministry,Fictional Trust Bank,Salary,successful,,yes,,,,,ENT586779943457,580000
TXN-004291,CUS-0349,9918348045,2026-07-28 09:43,TRANSFER,credit,85000,Mock Logistics Ltd,Sample Savings Bank,Salary,successful,,yes,,,,,ENT800166694056,485000
TXN-004303,CUS-0350,9941377678,2026-07-28 09:43,TRANSFER,credit,650000,Fictional State Ministry,Placeholder Bank,Salary,successful,,yes,,,,,ENT787380546102,1442200
TXN-005674,CUS-0460,9955245029,2026-07-28 09:43,TRANSFER,credit,85000,Fictional State Ministry,Fictional Trust Bank,Salary,successful,,yes,,,,,ENT570739417245,582200
TXN-006026,CUS-0488,9947422699,2026-07-28 09:43,TRANSFER,credit,180000,Mock Logistics Ltd,Fictional Trust Bank,Salary,successful,,yes,,,,,ENT521105125549,260000
TXN-000589,CUS-0049,9996745219,2026-07-28 09:44,TRANSFER,credit,650000,Placeholder Schools,Sample Savings Bank,Salary,successful,,yes,,,,,ENT227081032076,1530000
TXN-000873,CUS-0073,9929770579,2026-07-28 09:44,TRANSFER,credit,250000,Fictional State Ministry,Fictional Trust Bank,Salary,successful,,yes,,,,,ENT511213719682,1140000
TXN-001254,CUS-0104,9910528659,2026-07-28 09:44,TRANSFER,credit,400000,Placeholder Schools,Placeholder Bank,Salary,successful,,yes,,,,,ENT504261505574,467500
TXN-001909,CUS-0157,9984980730,2026-07-28 09:44,TRANSFER,credit,650000,Mock Logistics Ltd,Demo Microfinance Bank,Salary,successful,,yes,,,,,ENT381378380460,1447500
TXN-003667,CUS-0297,9929017205,2026-07-28 09:44,TRANSFER,credit,180000,Placeholder Schools,Placeholder Bank,Salary,successful,,yes,,,,,ENT819602451699,1077500
TXN-004858,CUS-0394,9948693005,2026-07-28 09:44,TRANSFER,credit,250000,Sample Tech Hub,Sample Savings Bank,Salary,successful,,yes,,,,,ENT129645860917,330000
TXN-005664,CUS-0459,9996173946,2026-07-28 09:44,TRANSFER,credit,180000,Demo Oil Services Ltd,Fictional Trust Bank,Salary,successful,,yes,,,,,ENT748635185161,225000
TXN-000523,CUS-0044,9933042845,2026-07-28 09:45,TRANSFER,credit,180000,Sample Tech Hub,Demo Microfinance Bank,Salary,successful,,yes,,,,,ENT148060397255,967500
TXN-000899,CUS-0075,9926436628,2026-07-28 09:45,TRANSFER,credit,85000,Sample Tech Hub,Placeholder Bank,Salary,successful,,yes,,,,,ENT696405717087,235000
TXN-001031,CUS-0086,9907016929,2026-07-28 09:45,TRANSFER,credit,120000,Mock Logistics Ltd,Fictional Trust Bank,Salary,successful,,yes,,,,,ENT676328680150,255000
TXN-003218,CUS-0260,9952562853,2026-07-28 09:45,TRANSFER,credit,120000,Fictional State Ministry,Demo Microfinance Bank,Salary,successful,,yes,,,,,ENT777184485701,268000
TXN-004237,CUS-0345,9954456726,2026-07-28 09:45,TRANSFER,credit,180000,Fictional State Ministry,Quick Fictional Bank,Salary,successful,,yes,,,,,ENT844534406353,260000
TXN-004602,CUS-0374,9931151207,2026-07-28 09:45,TRANSFER,credit,85000,Demo Oil Services Ltd,Sample Savings Bank,Salary,successful,,yes,,,,,ENT150678579208,573000
TXN-005991,CUS-0485,9974291653,2026-07-28 09:45,TRANSFER,credit,180000,Demo Oil Services Ltd,Quick Fictional Bank,Salary,successful,,yes,,,,,ENT770871851561,2662700
TXN-006036,CUS-0489,9904477391,2026-07-28 09:45,TRANSFER,credit,120000,Sample Tech Hub,Sample Savings Bank,Salary,successful,,yes,,,,,ENT316521727959,141500
TXN-006063,CUS-0491,9971365877,2026-07-28 09:45,TRANSFER,credit,400000,Sample Tech Hub,Quick Fictional Bank,Salary,successful,,yes,,,,,ENT821435638075,783500
TXN-000696,CUS-0058,9980156464,2026-07-28 09:46,TRANSFER,credit,250000,Placeholder Schools,Quick Fictional Bank,Salary,successful,,yes,,,,,ENT762227348718,650000
TXN-001266,CUS-0105,9972234888,2026-07-28 09:46,TRANSFER,credit,180000,Mock Logistics Ltd,Placeholder Bank,Salary,successful,,yes,,,,,ENT873081666520,655100
TXN-001291,CUS-0107,9961387303,2026-07-28 09:46,TRANSFER,credit,180000,Placeholder Schools,Demo Microfinance Bank,Salary,successful,,yes,,,,,ENT551807944332,302000
TXN-001361,CUS-0112,9942365966,2026-07-28 09:46,TRANSFER,credit,250000,Demo Oil Services Ltd,Fictional Trust Bank,Salary,successful,,yes,,,,,ENT299801734627,285000
TXN-001666,CUS-0137,9965386482,2026-07-28 09:46,TRANSFER,credit,120000,Sample Tech Hub,Placeholder Bank,Salary,successful,,yes,,,,,ENT576168169246,225000
TXN-003253,CUS-0263,9950345134,2026-07-28 09:46,TRANSFER,credit,180000,Fictional State Ministry,Fictional Trust Bank,Salary,successful,,yes,,,,,ENT398121392455,215000
TXN-004153,CUS-0338,9965503781,2026-07-28 09:46,TRANSFER,credit,250000,Demo Oil Services Ltd,Sample Savings Bank,Salary,successful,,yes,,,,,ENT412675528569,650000
TXN-004316,CUS-0351,9935890704,2026-07-28 09:46,TRANSFER,credit,250000,Placeholder Schools,Quick Fictional Bank,Salary,successful,,yes,,,,,ENT509521301868,330000
TXN-005286,CUS-0429,9962754614,2026-07-28 09:46,TRANSFER,credit,180000,Mock Logistics Ltd,Placeholder Bank,Salary,successful,,yes,,,,,ENT204197072144,1080000
TXN-005521,CUS-0448,9949863391,2026-07-28 09:46,TRANSFER,credit,180000,Demo Oil Services Ltd,Placeholder Bank,Salary,successful,,yes,,,,,ENT861322978638,214000
TXN-000075,CUS-0007,9977876804,2026-07-28 09:47,TRANSFER,credit,400000,Demo Oil Services Ltd,Quick Fictional Bank,Salary,successful,,yes,,,,,ENT748599028458,440000
TXN-002806,CUS-0228,9954375149,2026-07-28 09:47,TRANSFER,credit,85000,Demo Oil Services Ltd,Placeholder Bank,Salary,successful,,yes,,,,,ENT827626135737,580000
TXN-005236,CUS-0425,9940818369,2026-07-28 09:47,TRANSFER,credit,250000,Fictional State Ministry,Fictional Trust Bank,Salary,successful,,yes,,,,,ENT964498141402,284500
TXN-005509,CUS-0447,9988158943,2026-07-28 09:47,TRANSFER,credit,85000,Fictional State Ministry,Placeholder Bank,Salary,successful,,yes,,,,,ENT258057016921,157200
TXN-000575,CUS-0048,9972987112,2026-07-28 09:48,TRANSFER,credit,400000,Demo Oil Services Ltd,Quick Fictional Bank,Salary,successful,,yes,,,,,ENT454933086919,2890100
TXN-000661,CUS-0055,9915202994,2026-07-28 09:48,TRANSFER,credit,180000,Mock Logistics Ltd,Fictional Trust Bank,Salary,successful,,yes,,,,,ENT720463783254,1080000
TXN-000742,CUS-0062,9913785222,2026-07-28 09:48,TRANSFER,credit,400000,Demo Oil Services Ltd,Fictional Trust Bank,Salary,successful,,yes,,,,,ENT948604025176,1300000
TXN-001569,CUS-0128,9943949119,2026-07-28 09:48,TRANSFER,debit,50000,Mercy B***o,Sample Savings Bank,Transfer,successful,yes,yes,,,,,ENT965264888904,30000
TXN-001634,CUS-0134,9983034549,2026-07-28 09:48,TRANSFER,credit,85000,Mock Logistics Ltd,Sample Savings Bank,Salary,successful,,yes,,,,,ENT803664204649,985000
TXN-001748,CUS-0144,9986071964,2026-07-28 09:48,TRANSFER,credit,250000,Sample Tech Hub,Fictional Trust Bank,Salary,successful,,yes,,,,,ENT553458310826,285000
TXN-001786,CUS-0147,9900546598,2026-07-28 09:48,TRANSFER,credit,650000,Fictional State Ministry,Demo Microfinance Bank,Salary,successful,,yes,,,,,ENT890988375303,1010000
TXN-002850,CUS-0231,9987407604,2026-07-28 09:48,TRANSFER,credit,180000,Fictional State Ministry,Fictional Trust Bank,Salary,successful,,yes,,,,,ENT892479314315,260000
TXN-004655,CUS-0378,9920862512,2026-07-28 09:48,TRANSFER,credit,400000,Placeholder Schools,Fictional Trust Bank,Salary,successful,,yes,,,,,ENT390550190367,2900000
TXN-005038,CUS-0409,9926600363,2026-07-28 09:48,TRANSFER,credit,250000,Sample Tech Hub,Fictional Trust Bank,Salary,successful,,yes,,,,,ENT872163805283,650000
TXN-000801,CUS-0067,9964668631,2026-07-28 09:49,TRANSFER,credit,400000,Demo Oil Services Ltd,Sample Savings Bank,Salary,successful,,yes,,,,,ENT709920314816,895500
TXN-001655,CUS-0136,9972130516,2026-07-28 09:49,TRANSFER,credit,85000,Fictional State Ministry,Quick Fictional Bank,Salary,successful,,yes,,,,,ENT769093412504,485000
TXN-001771,CUS-0146,9915789794,2026-07-28 09:49,TRANSFER,credit,250000,Fictional State Ministry,Quick Fictional Bank,Salary,successful,,yes,,,,,ENT921841033282,326500
TXN-002103,CUS-0172,9933836620,2026-07-28 09:49,TRANSFER,credit,85000,Demo Oil Services Ltd,Quick Fictional Bank,Salary,successful,,yes,,,,,ENT234765655948,935000
TXN-003328,CUS-0269,9936756441,2026-07-28 09:49,TRANSFER,credit,400000,Sample Tech Hub,Fictional Trust Bank,Salary,successful,,yes,,,,,ENT802725113988,2900000
TXN-003726,CUS-0302,9916038871,2026-07-28 09:49,TRANSFER,credit,400000,Fictional State Ministry,Placeholder Bank,Salary,successful,,yes,,,,,ENT783247926371,677500
TXN-003737,CUS-0303,9914192446,2026-07-28 09:49,TRANSFER,credit,250000,Mock Logistics Ltd,Demo Microfinance Bank,Salary,successful,,yes,,,,,ENT194364472141,2750000
TXN-003819,CUS-0310,9928648156,2026-07-28 09:49,TRANSFER,credit,120000,Sample Tech Hub,Placeholder Bank,Salary,successful,,yes,,,,,ENT490140869009,269500
TXN-004972,CUS-0403,9978555237,2026-07-28 09:49,TRANSFER,credit,250000,Mock Logistics Ltd,Quick Fictional Bank,Salary,successful,,yes,,,,,ENT898551237248,2700000
TXN-005152,CUS-0418,9975201362,2026-07-28 09:49,TRANSFER,credit,650000,Fictional State Ministry,Sample Savings Bank,Salary,successful,,yes,,,,,ENT121963993758,3107200
TXN-005202,CUS-0422,9981759426,2026-07-28 09:49,TRANSFER,credit,180000,Sample Tech Hub,Demo Microfinance Bank,Salary,successful,,yes,,,,,ENT300720997400,1079500
TXN-000375,CUS-0032,9941968982,2026-07-28 09:50,TRANSFER,credit,85000,Mock Logistics Ltd,Quick Fictional Bank,Salary,successful,,yes,,,,,ENT566064761780,2585000
TXN-000934,CUS-0078,9938696953,2026-07-28 09:50,TRANSFER,credit,180000,Placeholder Schools,Quick Fictional Bank,Salary,successful,,yes,,,,,ENT917470533617,2675000
TXN-001241,CUS-0103,9949574415,2026-07-28 09:50,TRANSFER,credit,400000,Sample Tech Hub,Quick Fictional Bank,Salary,successful,,yes,,,,,ENT358557670075,485000
TXN-001645,CUS-0135,9907512280,2026-07-28 09:50,TRANSFER,credit,400000,Fictional State Ministry,Placeholder Bank,Salary,successful,,yes,,,,,ENT545524723903,540000
TXN-002290,CUS-0187,9956885470,2026-07-28 09:50,TRANSFER,credit,120000,Sample Tech Hub,Fictional Trust Bank,Salary,successful,,yes,,,,,ENT138302327740,2620000
TXN-003195,CUS-0258,9911119929,2026-07-28 09:50,TRANSFER,credit,650000,Fictional State Ministry,Sample Savings Bank,Salary,successful,,yes,,,,,ENT971119185991,1042200
TXN-003606,CUS-0292,9969206472,2026-07-28 09:50,TRANSFER,credit,250000,Placeholder Schools,Quick Fictional Bank,Salary,successful,,yes,,,,,ENT793600588741,650000
TXN-000131,CUS-0012,9975177992,2026-07-28 09:51,TRANSFER,credit,85000,Demo Oil Services Ltd,Quick Fictional Bank,Salary,successful,,yes,,,,,ENT426958325114,2582500
TXN-000268,CUS-0023,9902145842,2026-07-28 09:51,TRANSFER,credit,120000,Placeholder Schools,Placeholder Bank,Salary,successful,,yes,,,,,ENT407329689744,147200
TXN-000511,CUS-0043,9985469059,2026-07-28 09:51,TRANSFER,credit,250000,Mock Logistics Ltd,Sample Savings Bank,Salary,successful,,yes,,,,,ENT612582958599,370000
TXN-001230,CUS-0102,9912452877,2026-07-28 09:51,TRANSFER,credit,120000,Fictional State Ministry,Quick Fictional Bank,Salary,successful,,yes,,,,,ENT439027679953,155000
TXN-001887,CUS-0155,9924565054,2026-07-28 09:51,TRANSFER,credit,85000,Demo Oil Services Ltd,Demo Microfinance Bank,Salary,successful,,yes,,,,,ENT180108492807,107500
TXN-003592,CUS-0291,9978065578,2026-07-28 09:51,TRANSFER,credit,180000,Fictional State Ministry,Quick Fictional Bank,Salary,successful,,yes,,,,,ENT409664243348,329500
TXN-005260,CUS-0427,9914290139,2026-07-28 09:51,TRANSFER,credit,250000,Demo Oil Services Ltd,Quick Fictional Bank,Salary,successful,,yes,,,,,ENT414068416531,650000
TXN-001280,CUS-0106,9959061922,2026-07-28 09:52,TRANSFER,credit,120000,Sample Tech Hub,Demo Microfinance Bank,Salary,successful,,yes,,,,,ENT115975584865,270000
TXN-001319,CUS-0109,9926445274,2026-07-28 09:52,TRANSFER,credit,250000,Sample Tech Hub,Placeholder Bank,Salary,successful,,yes,,,,,ENT120581407159,390000
TXN-001923,CUS-0158,9916441320,2026-07-28 09:52,TRANSFER,credit,400000,Mock Logistics Ltd,Quick Fictional Bank,Salary,successful,,yes,,,,,ENT584836953871,1195000
TXN-002874,CUS-0233,9907462096,2026-07-28 09:52,TRANSFER,credit,650000,Sample Tech Hub,Fictional Trust Bank,Salary,successful,,yes,,,,,ENT347207974656,707500
TXN-004227,CUS-0344,9972087668,2026-07-28 09:52,TRANSFER,credit,120000,Placeholder Schools,Placeholder Bank,Salary,successful,,yes,,,,,ENT546329207268,200000
TXN-004392,CUS-0357,9982452077,2026-07-28 09:52,TRANSFER,credit,400000,Sample Tech Hub,Fictional Trust Bank,Salary,successful,,yes,,,,,ENT199057869654,550000
TXN-001704,CUS-0140,9975216214,2026-07-28 09:53,TRANSFER,credit,400000,Demo Oil Services Ltd,Sample Savings Bank,Salary,successful,,yes,,,,,ENT463516087121,798500
TXN-002402,CUS-0196,9967074401,2026-07-28 09:53,TRANSFER,credit,180000,Demo Oil Services Ltd,Quick Fictional Bank,Salary,successful,,yes,,,,,ENT129604311759,245000
TXN-002732,CUS-0222,9943397743,2026-07-28 09:53,TRANSFER,credit,650000,Mock Logistics Ltd,Placeholder Bank,Salary,successful,,yes,,,,,ENT980730579445,717500
TXN-003230,CUS-0261,9911168312,2026-07-28 09:53,TRANSFER,credit,85000,Placeholder Schools,Fictional Trust Bank,Salary,successful,,yes,,,,,ENT493205745947,975000
TXN-003315,CUS-0268,9995728062,2026-07-28 09:53,TRANSFER,credit,400000,Demo Oil Services Ltd,Fictional Trust Bank,Salary,successful,,yes,,,,,ENT715287793820,780000
TXN-004069,CUS-0331,9925736997,2026-07-28 09:53,TRANSFER,credit,85000,Demo Oil Services Ltd,Fictional Trust Bank,Salary,successful,,yes,,,,,ENT940998338950,165000
TXN-004933,CUS-0400,9927020003,2026-07-28 09:53,TRANSFER,credit,120000,Fictional State Ministry,Fictional Trust Bank,Salary,successful,,yes,,,,,ENT935857323058,520000
TXN-005166,CUS-0419,9947242692,2026-07-28 09:53,TRANSFER,credit,400000,Mock Logistics Ltd,Demo Microfinance Bank,Salary,successful,,yes,,,,,ENT564301262944,800000
TXN-005841,CUS-0473,9956177643,2026-07-28 09:53,TRANSFER,credit,120000,Mock Logistics Ltd,Placeholder Bank,Salary,successful,,yes,,,,,ENT494244491961,145000
TXN-005936,CUS-0481,9939475693,2026-07-28 09:53,TRANSFER,credit,250000,Demo Oil Services Ltd,Demo Microfinance Bank,Salary,successful,,yes,,,,,ENT338748896613,281500
TXN-000156,CUS-0014,9922264686,2026-07-28 09:54,TRANSFER,credit,180000,Demo Oil Services Ltd,Sample Savings Bank,Salary,successful,,yes,,,,,ENT498389118694,260000
TXN-001609,CUS-0132,9913900264,2026-07-28 09:54,TRANSFER,credit,180000,Demo Oil Services Ltd,Sample Savings Bank,Salary,successful,,yes,,,,,ENT794535747634,2680000
TXN-002049,CUS-0168,9989354914,2026-07-28 09:54,TRANSFER,credit,180000,Fictional State Ministry,Demo Microfinance Bank,Salary,successful,,yes,,,,,ENT398425879500,2678500
TXN-002064,CUS-0169,9984249158,2026-07-28 09:54,TRANSFER,credit,400000,Mock Logistics Ltd,Fictional Trust Bank,Salary,successful,,yes,,,,,ENT944149861807,435000
TXN-003342,CUS-0270,9932642118,2026-07-28 09:54,TRANSFER,credit,650000,Fictional State Ministry,Sample Savings Bank,Salary,successful,,yes,,,,,ENT525971467252,800000
TXN-003641,CUS-0295,9991259758,2026-07-28 09:54,TRANSFER,credit,400000,Demo Oil Services Ltd,Quick Fictional Bank,Salary,successful,,yes,,,,,ENT199850784747,550000
TXN-004352,CUS-0354,9973080669,2026-07-28 09:54,TRANSFER,credit,85000,Sample Tech Hub,Quick Fictional Bank,Salary,successful,,yes,,,,,ENT862017297002,155000
TXN-005776,CUS-0468,9916264223,2026-07-28 09:54,TRANSFER,credit,400000,Demo Oil Services Ltd,Placeholder Bank,Salary,successful,,yes,,,,,ENT617058412162,1196500
TXN-000709,CUS-0059,9990421631,2026-07-28 09:55,TRANSFER,credit,650000,Mock Logistics Ltd,Fictional Trust Bank,Salary,successful,,yes,,,,,ENT407795843076,800000
TXN-001847,CUS-0152,9950934230,2026-07-28 09:55,TRANSFER,credit,250000,Sample Tech Hub,Quick Fictional Bank,Salary,successful,,yes,,,,,ENT234717264964,640000
TXN-002416,CUS-0197,9999876763,2026-07-28 09:55,TRANSFER,credit,400000,Sample Tech Hub,Demo Microfinance Bank,Salary,successful,,yes,,,,,ENT810768573227,798000
TXN-002942,CUS-0238,9937467651,2026-07-28 09:55,TRANSFER,credit,120000,Placeholder Schools,Fictional Trust Bank,Salary,successful,,yes,,,,,ENT913546719443,250000
TXN-003170,CUS-0256,9912443952,2026-07-28 09:55,TRANSFER,credit,650000,Mock Logistics Ltd,Demo Microfinance Bank,Salary,successful,,yes,,,,,ENT982928394938,1530000
TXN-005224,CUS-0424,9968184455,2026-07-28 09:55,TRANSFER,credit,120000,Demo Oil Services Ltd,Demo Microfinance Bank,Salary,successful,,yes,,,,,ENT514087225043,187500
TXN-005699,CUS-0462,9959698980,2026-07-28 09:55,TRANSFER,credit,85000,Sample Tech Hub,Sample Savings Bank,Salary,successful,,yes,,,,,ENT202549164483,120000
TXN-000027,CUS-0003,9944729405,2026-07-28 09:56,TRANSFER,credit,250000,Fictional State Ministry,Placeholder Bank,Salary,successful,,yes,,,,,ENT626989390191,263000
TXN-002335,CUS-0191,9904355683,2026-07-28 09:56,TRANSFER,credit,85000,Mock Logistics Ltd,Placeholder Bank,Salary,successful,,yes,,,,,ENT702163876580,227200
TXN-002746,CUS-0223,9973866346,2026-07-28 09:56,TRANSFER,credit,85000,Sample Tech Hub,Quick Fictional Bank,Salary,successful,,yes,,,,,ENT715732913636,165000
TXN-003291,CUS-0266,9911157896,2026-07-28 09:56,TRANSFER,credit,250000,Demo Oil Services Ltd,Quick Fictional Bank,Salary,successful,,yes,,,,,ENT138119229693,1110000
TXN-004818,CUS-0391,9920137304,2026-07-28 09:56,TRANSFER,credit,250000,Sample Tech Hub,Demo Microfinance Bank,Salary,successful,,yes,,,,,ENT421533141666,739000
TXN-005588,CUS-0453,9912705740,2026-07-28 09:56,TRANSFER,credit,400000,Sample Tech Hub,Quick Fictional Bank,Salary,successful,,yes,,,,,ENT557498225535,798000
TXN-005610,CUS-0455,9902792166,2026-07-28 09:56,TRANSFER,credit,400000,Fictional State Ministry,Sample Savings Bank,Salary,successful,,yes,,,,,ENT586652086897,800000
TXN-005863,CUS-0475,9942169114,2026-07-28 09:56,TRANSFER,credit,180000,Mock Logistics Ltd,Fictional Trust Bank,Salary,successful,,yes,,,,,ENT238091538596,326500
TXN-000812,CUS-0068,9934217233,2026-07-28 09:57,TRANSFER,credit,180000,Fictional State Ministry,Sample Savings Bank,Salary,successful,,yes,,,,,ENT559383101351,580000
TXN-001394,CUS-0115,9926627973,2026-07-28 09:57,TRANSFER,credit,400000,Fictional State Ministry,Quick Fictional Bank,Salary,successful,,yes,,,,,ENT573601172405,1293000
TXN-001558,CUS-0128,9943949119,2026-07-28 09:57,TRANSFER,credit,180000,Sample Tech Hub,Quick Fictional Bank,Salary,successful,,yes,,,,,ENT178141723352,210000
TXN-002642,CUS-0215,9948992789,2026-07-28 09:57,TRANSFER,credit,180000,Placeholder Schools,Fictional Trust Bank,Salary,successful,,yes,,,,,ENT470088888528,252200
TXN-004080,CUS-0332,9988059718,2026-07-28 09:57,TRANSFER,credit,650000,Mock Logistics Ltd,Quick Fictional Bank,Salary,successful,,yes,,,,,ENT362284760753,3142200
TXN-004909,CUS-0398,9963495400,2026-07-28 09:57,TRANSFER,credit,85000,Mock Logistics Ltd,Quick Fictional Bank,Salary,successful,,yes,,,,,ENT900286900400,385000
TXN-005599,CUS-0454,9915943156,2026-07-28 09:57,TRANSFER,credit,85000,Mock Logistics Ltd,Demo Microfinance Bank,Salary,successful,,yes,,,,,ENT627847467955,2585000
TXN-000538,CUS-0045,9921430490,2026-07-28 09:58,TRANSFER,credit,650000,Fictional State Ministry,Quick Fictional Bank,Salary,successful,,yes,,,,,ENT213759347463,3150000
TXN-002039,CUS-0167,9922102298,2026-07-28 09:58,TRANSFER,credit,120000,Sample Tech Hub,Placeholder Bank,Salary,successful,,yes,,,,,ENT962601215401,1020000
TXN-002655,CUS-0216,9903471072,2026-07-28 09:58,TRANSFER,credit,250000,Mock Logistics Ltd,Fictional Trust Bank,Salary,successful,,yes,,,,,ENT589288336148,2700000
TXN-003987,CUS-0324,9957360445,2026-07-28 09:58,TRANSFER,credit,650000,Placeholder Schools,Placeholder Bank,Salary,successful,,yes,,,,,ENT968058325660,1050000
TXN-004804,CUS-0390,9910397222,2026-07-28 09:58,TRANSFER,credit,250000,Mock Logistics Ltd,Demo Microfinance Bank,Salary,successful,,yes,,,,,ENT477402065319,648000
TXN-004847,CUS-0393,9978315160,2026-07-28 09:58,TRANSFER,credit,85000,Mock Logistics Ltd,Quick Fictional Bank,Salary,successful,,yes,,,,,ENT534412187389,120000
TXN-005104,CUS-0414,9977024396,2026-07-28 09:58,TRANSFER,credit,180000,Demo Oil Services Ltd,Demo Microfinance Bank,Salary,successful,,yes,,,,,ENT154613146864,2680000
TXN-005297,CUS-0430,9922159393,2026-07-28 09:58,TRANSFER,credit,85000,Fictional State Ministry,Demo Microfinance Bank,Salary,successful,,yes,,,,,ENT420747315959,235000
TXN-000306,CUS-0026,9905154382,2026-07-28 09:59,TRANSFER,credit,250000,Sample Tech Hub,Sample Savings Bank,Salary,successful,,yes,,,,,ENT631590812738,347200
TXN-000683,CUS-0057,9939955156,2026-07-28 09:59,TRANSFER,credit,400000,Mock Logistics Ltd,Quick Fictional Bank,Salary,successful,,yes,,,,,ENT821924497520,790500
TXN-000993,CUS-0083,9950496570,2026-07-28 09:59,TRANSFER,credit,85000,Fictional State Ministry,Fictional Trust Bank,Salary,successful,,yes,,,,,ENT874442154674,215000
TXN-001431,CUS-0118,9975049979,2026-07-28 09:59,TRANSFER,credit,250000,Demo Oil Services Ltd,Placeholder Bank,Salary,successful,,yes,,,,,ENT403578056908,400000
TXN-002916,CUS-0236,9941663809,2026-07-28 09:59,TRANSFER,credit,250000,Demo Oil Services Ltd,Quick Fictional Bank,Salary,successful,,yes,,,,,ENT569987337799,1150000
TXN-003905,CUS-0317,9938331314,2026-07-28 09:59,TRANSFER,credit,400000,Placeholder Schools,Quick Fictional Bank,Salary,successful,,yes,,,,,ENT798380879926,435000
TXN-004418,CUS-0359,9954494020,2026-07-28 09:59,TRANSFER,credit,85000,Demo Oil Services Ltd,Placeholder Bank,Salary,successful,,yes,,,,,ENT313322704182,985000
TXN-004429,CUS-0360,9950802361,2026-07-28 09:59,TRANSFER,credit,400000,Sample Tech Hub,Sample Savings Bank,Salary,successful,,yes,,,,,ENT635985643542,2880000
TXN-004832,CUS-0392,9991287050,2026-07-28 09:59,TRANSFER,credit,120000,Mock Logistics Ltd,Sample Savings Bank,Salary,successful,,yes,,,,,ENT784911935260,507500
TXN-004959,CUS-0402,9957851156,2026-07-28 09:59,TRANSFER,credit,120000,Placeholder Schools,Placeholder Bank,Salary,successful,,yes,,,,,ENT573365191773,595500
TXN-006049,CUS-0490,9997818827,2026-07-28 09:59,TRANSFER,credit,85000,Demo Oil Services Ltd,Fictional Trust Bank,Salary,successful,,yes,,,,,ENT343011898300,985000
TXN-005845,CUS-0473,9956177643,2026-07-28 10:48,POS,debit,3500,QuickBuy Online (fictional),,POS purchase,successful,yes,,,,,,ENT253422631702,141500
TXN-005984,CUS-0484,9979764044,2026-07-28 11:26,TRANSFER,debit,5000,Segun N*******u,Quick Fictional Bank,Transfer,successful,yes,yes,,,,,ENT992681017424,408000
TXN-003340,CUS-0269,9936756441,2026-07-28 11:27,WEB,debit,15000,Lekki Luxury Stores,,Online card payment,successful,yes,,,,,,ENT783771203071,2885000
TXN-004476,CUS-0363,9914265763,2026-07-28 11:59,POS,debit,45000,StreamFlix (fictional),,POS purchase,successful,yes,,,,,,ENT409497316741,2635000
TXN-003754,CUS-0304,9919484159,2026-07-28 12:15,TRANSFER,debit,5000,Maryam O*****e,Sample Savings Bank,Transfer,successful,yes,yes,,,,,ENT140171366841,1145000
TXN-003079,CUS-0248,9955864605,2026-07-28 12:25,ATM,debit,10000,ENTIN ATM,,ATM withdrawal,successful,yes,,yes,,,,ENT217108105787,570000
TXN-002226,CUS-0181,9983508472,2026-07-28 12:36,TRANSFER,debit,35000,Kunle O*****e,Fictional Trust Bank,Transfer,successful,yes,yes,,,,,ENT624223012289,295000
TXN-002918,CUS-0236,9941663809,2026-07-28 13:07,TRANSFER,debit,100000,Lola E*e,Demo Microfinance Bank,Transfer,successful,yes,yes,,,,,ENT847231675397,1050000
TXN-003188,CUS-0257,9903889054,2026-07-28 13:08,POS,debit,22000,Lekki Luxury Stores,,POS purchase,successful,yes,,,,,,ENT176151478402,1023000
TXN-000159,CUS-0014,9922264686,2026-07-28 13:10,POS,debit,45000,StreamFlix (fictional),,POS purchase,successful,yes,,,,,,ENT131019057541,215000
TXN-001641,CUS-0134,9983034549,2026-07-28 13:27,POS,debit,7800,QuickBuy Online (fictional),,POS purchase,successful,yes,,,,,,ENT535703175553,977200
TXN-003199,CUS-0258,9911119929,2026-07-28 14:08,USSD,debit,500,Airtime (fictional network),,Airtime purchase,successful,yes,,,,,,ENT398254489274,1041700
TXN-006069,CUS-0491,9971365877,2026-07-28 14:11,POS,debit,7800,Filling Station (fictional),,POS purchase,successful,yes,,,,,,ENT621060299085,775700
TXN-002822,CUS-0229,9993322503,2026-07-28 14:12,TRANSFER,debit,5000,Nnamdi A***n,Fictional Trust Bank,Transfer,successful,yes,yes,,,,,ENT844536035180,572500
TXN-000435,CUS-0036,9926978043,2026-07-28 14:42,TRANSFER,debit,50000,Yusuf O****e,Sample Savings Bank,Transfer,successful,yes,yes,,,,,ENT619831267353,1085000
TXN-001262,CUS-0104,9910528659,2026-07-28 14:50,TRANSFER,debit,10000,Adebayo S****i,Placeholder Bank,Transfer,successful,yes,yes,,,,,ENT265103017495,457500
TXN-004686,CUS-0380,9935909163,2026-07-28 15:09,TRANSFER,debit,20000,Abubakar M**a,Quick Fictional Bank,Transfer,successful,yes,yes,,,,,ENT843536257810,145000
TXN-000250,CUS-0021,9964529128,2026-07-28 15:15,TRANSFER,debit,50000,Bukola O*****e,Fictional Trust Bank,Transfer,successful,yes,yes,,,,,ENT690966339747,165000
TXN-004298,CUS-0349,9918348045,2026-07-28 15:18,POS,debit,12500,Lekki Luxury Stores,,POS purchase,successful,yes,,,,,,ENT463884388211,472500
TXN-005852,CUS-0473,9956177643,2026-07-28 16:20,POS,debit,22000,Mama Put Kitchen,,POS purchase,successful,yes,,,,,,ENT543797547906,119500
TXN-003759,CUS-0304,9919484159,2026-07-28 16:24,TRANSFER,debit,100000,Yemisi E*e,Placeholder Bank,Transfer,successful,yes,yes,,,,,ENT661529723715,1045000
TXN-001643,CUS-0134,9983034549,2026-07-28 16:42,USSD,debit,2000,Airtime (fictional network),,Airtime purchase,successful,yes,,,,,,ENT272218544815,975200
TXN-005436,CUS-0440,9953918603,2026-07-28 17:21,WEB,debit,9900,StreamFlix (fictional),,Online card payment,successful,yes,,,,,,ENT151006776787,510100
TXN-003321,CUS-0268,9995728062,2026-07-28 17:33,POS,debit,3500,Bolt-like Rides (fictional),,POS purchase,successful,yes,,,,,,ENT652319226665,776500
TXN-004644,CUS-0376,9965266631,2026-07-28 17:56,TRANSFER,debit,10000,Hadiza U**h,Demo Microfinance Bank,Transfer,successful,yes,yes,,,,,ENT629586795187,90000
TXN-004381,CUS-0356,9916389373,2026-07-28 18:11,ATM,debit,10000,ENTIN ATM,,ATM withdrawal,successful,yes,,yes,,,,ENT471010493853,252200
TXN-005978,CUS-0484,9979764044,2026-07-28 18:24,POS,debit,12500,Mama Put Kitchen,,POS purchase,successful,yes,,,,,,ENT723313221639,395500
TXN-001155,CUS-0095,9966981433,2026-07-28 18:27,TRANSFER,debit,50000,Kunle I*e,Demo Microfinance Bank,Transfer,successful,yes,yes,,,,,ENT247912116198,150000
TXN-002896,CUS-0234,9902167309,2026-07-28 18:32,WEB,debit,2500,QuickBuy Online (fictional),,Online card payment,successful,yes,,,,,,ENT945552597576,3137500
TXN-003557,CUS-0287,9969449775,2026-07-28 18:34,WEB,debit,2500,StreamFlix (fictional),,Online card payment,successful,yes,,,,,,ENT891521549325,188500
TXN-001027,CUS-0085,9920987695,2026-07-28 19:11,ATM,debit,10000,Other bank ATM,,ATM withdrawal,successful,yes,,no,,,,ENT586852488789,1010000
TXN-001126,CUS-0093,9969795168,2026-07-28 19:24,ATM,debit,20000,ENTIN ATM,,ATM withdrawal,successful,yes,,yes,,,,ENT390022120043,2660000
TXN-006105,CUS-0494,9961232402,2026-07-28 19:38,TRANSFER,debit,35000,Lola A*****e,Placeholder Bank,Transfer,successful,yes,yes,,,,,ENT144096776135,293500
TXN-001719,CUS-0141,9922386162,2026-07-28 19:44,WEB,debit,9900,QuickBuy Online (fictional),,Online card payment,successful,yes,,,,,,ENT994533303585,145100
TXN-004416,CUS-0358,9954026859,2026-07-28 19:54,POS,debit,3500,Bolt-like Rides (fictional),,POS purchase,successful,yes,,,,,,ENT184023969660,281500
TXN-006138,CUS-0496,9992039930,2026-07-28 20:11,ATM,debit,20000,Other bank ATM,,ATM withdrawal,successful,yes,,no,,,,ENT761914837772,2870000
TXN-000198,CUS-0017,9946001304,2026-07-28 20:21,USSD,debit,1000,Airtime (fictional network),,Airtime purchase,successful,yes,,,,,,ENT274895460492,234000
TXN-005429,CUS-0440,9953918603,2026-07-28 20:23,TRANSFER,debit,10000,Dayo S**e,Demo Microfinance Bank,Transfer,successful,yes,yes,,,,,ENT969707708632,500100
TXN-005324,CUS-0432,9901762982,2026-07-28 20:37,ATM,debit,20000,Other bank ATM,,ATM withdrawal,successful,yes,,no,,,,ENT752085699750,767500
TXN-000657,CUS-0054,9918621076,2026-07-28 21:03,POS,debit,1500,Market Stall POS,,POS purchase,successful,yes,,,,,,ENT805914623294,443500
TXN-000728,CUS-0060,9906424829,2026-07-28 21:07,ATM,debit,20000,Other bank ATM,,ATM withdrawal,successful,yes,,no,,,,ENT510970504671,2580000
TXN-002463,CUS-0200,9967769593,2026-07-28 21:18,TRANSFER,debit,20000,Samuel O******e,Demo Microfinance Bank,Transfer,successful,yes,yes,,,,,ENT748897760711,2660000
TXN-005216,CUS-0423,9996846104,2026-07-28 21:36,POS,debit,12500,StreamFlix (fictional),,POS purchase,successful,yes,,,,,,ENT731293150198,2659700
TXN-004638,CUS-0376,9965266631,2026-07-28 21:52,ATM,debit,10000,ENTIN ATM,,ATM withdrawal,successful,yes,,yes,,,,ENT341183376098,80000
TXN-002808,CUS-0228,9954375149,2026-07-28 22:22,TRANSFER,debit,20000,Rukayya O***o,Placeholder Bank,Transfer,successful,yes,yes,,,,,ENT711952947828,560000
TXN-001008,CUS-0084,9996444694,2026-07-28 22:47,TRANSFER,debit,20000,Nkechi A*****e,Sample Savings Bank,Transfer,successful,yes,yes,,,,,ENT623502292948,240000
TXN-002726,CUS-0221,9995401710,2026-07-28 23:12,POS,debit,7800,Bolt-like Rides (fictional),,POS purchase,successful,yes,,,,,,ENT708504874026,642200
TXN-004605,CUS-0374,9931151207,2026-07-28 23:15,WEB,debit,15000,Bolt-like Rides (fictional),,Online card payment,successful,yes,,,,,,ENT692453385245,558000
TXN-005387,CUS-0436,9957764503,2026-07-28 23:21,WEB,debit,15000,Lekki Luxury Stores,,Online card payment,successful,yes,,,,,,ENT834327652418,1282500
TXN-005645,CUS-0457,9951470242,2026-07-28 23:23,POS,debit,3500,Market Stall POS,,POS purchase,successful,yes,,,,,,ENT224946269630,116500
TXN-004678,CUS-0379,9983308485,2026-07-28 23:37,USSD,debit,5000,Airtime (fictional network),,Airtime purchase,successful,yes,,,,,,ENT900781311399,1010000
TXN-000244,CUS-0020,9969256663,2026-07-28 23:50,WEB,debit,4500,StreamFlix (fictional),,Online card payment,successful,yes,,,,,,ENT560883111478,3145500
TXN-003803,CUS-0308,9937456111,2026-07-28 23:52,POS,debit,45000,Bolt-like Rides (fictional),,POS purchase,successful,yes,,,,,,ENT407546042251,755000
TXN-000594,CUS-0049,9996745219,2026-07-29 00:07,WEB,debit,4500,QuickBuy Online (fictional),,Online card payment,successful,yes,,,,,,ENT304827142285,1525500
TXN-002883,CUS-0233,9907462096,2026-07-29 00:22,POS,debit,12500,Pharmacy Plus (fictional),,POS purchase,successful,yes,,,,,,ENT463817423355,695000
TXN-005452,CUS-0442,9996044337,2026-07-29 00:28,USSD,debit,2000,Airtime (fictional network),,Airtime purchase,successful,yes,,,,,,ENT757464978557,3098000
TXN-001582,CUS-0129,9901919652,2026-07-29 00:53,WEB,debit,2500,Bolt-like Rides (fictional),,Online card payment,successful,yes,,,,,,ENT888515322777,212500
TXN-001682,CUS-0138,9902372961,2026-07-29 00:57,POS,debit,1500,Lekki Luxury Stores,,POS purchase,successful,yes,,,,,,ENT628308089315,1018000
TXN-002679,CUS-0217,9923754061,2026-07-29 01:22,TRANSFER,debit,10000,Musa O*******i,Fictional Trust Bank,Transfer,successful,yes,yes,,,,,ENT945179539859,735000
TXN-001400,CUS-0115,9926627973,2026-07-29 01:43,ATM,debit,40000,Other bank ATM,,ATM withdrawal,successful,yes,,no,,,,ENT281117875963,1253000
TXN-001455,CUS-0119,9954928452,2026-07-29 02:00,POS,debit,22000,ShopRite-like Store (fictional),,POS purchase,successful,yes,,,,,,ENT956525518665,96000
TXN-001095,CUS-0091,9981013315,2026-07-29 02:19,POS,debit,12500,QuickBuy Online (fictional),,POS purchase,successful,yes,,,,,,ENT463024904741,1092500
TXN-000205,CUS-0017,9946001304,2026-07-29 02:22,POS,debit,1500,StreamFlix (fictional),,POS purchase,successful,yes,,,,,,ENT643446213140,232500
TXN-001886,CUS-0154,9973621841,2026-07-29 02:32,WEB,debit,15000,StreamFlix (fictional),,Online card payment,successful,yes,,,,,,ENT542314301945,565000
TXN-000635,CUS-0052,9965013327,2026-07-29 02:39,WEB,debit,2500,Bolt-like Rides (fictional),,Online card payment,successful,yes,,,,,,ENT249502526026,2582500
TXN-000907,CUS-0075,9926436628,2026-07-29 03:16,POS,debit,22000,StreamFlix (fictional),,POS purchase,successful,yes,,,,,,ENT247343134565,213000
TXN-001594,CUS-0130,9970533656,2026-07-29 03:24,TRANSFER,debit,35000,Segun E****m,Fictional Trust Bank,Transfer,successful,yes,yes,,,,,ENT934058692303,130000
TXN-003928,CUS-0319,9964510647,2026-07-29 03:34,POS,debit,45000,Filling Station (fictional),,POS purchase,successful,yes,,,,,,ENT210545814066,640000
TXN-004540,CUS-0368,9940190302,2026-07-29 03:55,WEB,debit,9900,StreamFlix (fictional),,Online card payment,successful,yes,,,,,,ENT894250148195,667100
TXN-005344,CUS-0433,9973633995,2026-07-29 04:26,ATM,debit,10000,ENTIN ATM,,ATM withdrawal,successful,yes,,yes,,,,ENT718649414440,1040000
TXN-005223,CUS-0423,9996846104,2026-07-29 04:28,TRANSFER,debit,100000,Usman G***a,Quick Fictional Bank,Transfer,successful,yes,yes,,,,,ENT618630354856,2559700
TXN-002034,CUS-0166,9936354926,2026-07-29 04:43,ATM,debit,40000,ENTIN ATM,,ATM withdrawal,successful,yes,,yes,,,,ENT795218130219,690000
TXN-004309,CUS-0350,9941377678,2026-07-29 05:01,WEB,debit,4500,QuickBuy Online (fictional),,Online card payment,successful,yes,,,,,,ENT908992636188,1437700
TXN-003719,CUS-0301,9969065643,2026-07-29 05:11,WEB,debit,15000,Bolt-like Rides (fictional),,Online card payment,successful,yes,,,,,,ENT940808204157,315000
TXN-000658,CUS-0054,9918621076,2026-07-29 05:12,ATM,debit,10000,ENTIN ATM,,ATM withdrawal,successful,yes,,yes,,,,ENT861141052870,433500
TXN-004013,CUS-0326,9996550219,2026-07-29 05:17,TRANSFER,debit,35000,Yemisi E**t,Fictional Trust Bank,Transfer,successful,yes,yes,,,,,ENT148045006760,250000
TXN-000059,CUS-0005,9919672731,2026-07-29 05:27,USSD,debit,2000,Airtime (fictional network),,Airtime purchase,successful,yes,,,,,,ENT688179060815,1078000
TXN-004374,CUS-0355,9924902182,2026-07-29 05:33,ATM,debit,20000,ENTIN ATM,,ATM withdrawal,successful,yes,,yes,,,,ENT512605810181,179500
TXN-006175,CUS-0499,9952647161,2026-07-29 05:38,POS,debit,1500,StreamFlix (fictional),,POS purchase,successful,yes,,,,,,ENT600792260900,201000
TXN-004853,CUS-0393,9978315160,2026-07-29 06:13,USSD,debit,1000,Airtime (fictional network),,Airtime purchase,successful,yes,,,,,,ENT578879235097,119000
TXN-000979,CUS-0081,9908238613,2026-07-29 06:22,TRANSFER,debit,10000,Ngozi E**m,Placeholder Bank,Transfer,successful,yes,yes,,,,,ENT247474547906,2740000
TXN-000401,CUS-0034,9918847918,2026-07-29 06:31,USSD,debit,500,Airtime (fictional network),,Airtime purchase,successful,yes,,,,,,ENT253663527675,139500
TXN-000191,CUS-0016,9982141621,2026-07-29 06:34,ATM,debit,40000,ENTIN ATM,,ATM withdrawal,successful,yes,,yes,,,,ENT353967288998,480000
TXN-006136,CUS-0496,9992039930,2026-07-29 06:50,TRANSFER,debit,100000,Nnamdi S***u,Quick Fictional Bank,Transfer,successful,yes,yes,,,,,ENT206358838458,2770000
TXN-003525,CUS-0284,9966833571,2026-07-29 06:59,TRANSFER,debit,20000,Wale O******i,Demo Microfinance Bank,Transfer,successful,yes,yes,,,,,ENT804344118424,1110000
TXN-004260,CUS-0346,9910643132,2026-07-29 07:08,TRANSFER,debit,20000,Blessing N***u,Fictional Trust Bank,Transfer,successful,yes,yes,,,,,ENT950903747026,415000
TXN-004955,CUS-0401,9916928668,2026-07-29 07:33,ATM,debit,40000,ENTIN ATM,,ATM withdrawal,successful,yes,,yes,,,,ENT302802828011,217500
TXN-000124,CUS-0011,9983601610,2026-07-29 07:50,POS,debit,3500,ShopRite-like Store (fictional),,POS purchase,successful,yes,,,,,,ENT112161584035,196500
TXN-004786,CUS-0388,9966683513,2026-07-29 08:20,ATM,debit,20000,Other bank ATM,,ATM withdrawal,successful,yes,,no,,,,ENT464902323673,560000
TXN-000692,CUS-0057,9939955156,2026-07-29 09:06,POS,debit,45000,Mama Put Kitchen,,POS purchase,successful,yes,,,,,,ENT595561568990,745500
TXN-003875,CUS-0314,9990571386,2026-07-29 09:24,TRANSFER,debit,50000,Musa O****r,Demo Microfinance Bank,Transfer,successful,yes,yes,,,,,ENT383330836478,200000
TXN-001631,CUS-0133,9965679951,2026-07-29 09:26,TRANSFER,debit,5000,Segun A*****a,Placeholder Bank,Transfer,successful,yes,yes,,,,,ENT287708789079,195000
TXN-004620,CUS-0375,9951549033,2026-07-29 09:49,TRANSFER,debit,100000,Musa O****e,Quick Fictional Bank,Transfer,successful,yes,yes,,,,,ENT305373896840,400000
TXN-002283,CUS-0186,9978728285,2026-07-29 10:23,USSD,debit,5000,Airtime (fictional network),,Airtime purchase,successful,yes,,,,,,ENT639151835132,2557500
TXN-003643,CUS-0295,9991259758,2026-07-29 10:41,WEB,debit,15000,Bolt-like Rides (fictional),,Online card payment,successful,yes,,,,,,ENT464499252306,535000
TXN-005951,CUS-0482,9931572769,2026-07-29 10:43,POS,debit,3500,Market Stall POS,,POS purchase,successful,yes,,,,,,ENT331313010709,716600
TXN-005266,CUS-0427,9914290139,2026-07-29 11:44,TRANSFER,debit,10000,Kelechi O***e,Quick Fictional Bank,Transfer,successful,yes,yes,,,,,ENT478080954667,640000
TXN-002856,CUS-0231,9987407604,2026-07-29 12:30,TRANSFER,debit,50000,Chinedu O*******i,Placeholder Bank,Transfer,successful,yes,yes,,,,,ENT650382480469,210000
TXN-000787,CUS-0065,9977605538,2026-07-29 12:38,POS,debit,12500,Market Stall POS,,POS purchase,successful,yes,,,,,,ENT176358430937,677500
TXN-005238,CUS-0425,9940818369,2026-07-29 12:45,TRANSFER,debit,5000,Samuel E****m,Sample Savings Bank,Transfer,successful,yes,yes,,,,,ENT196839810237,279500
TXN-003912,CUS-0317,9938331314,2026-07-29 13:01,TRANSFER,debit,5000,Bello G***a,Placeholder Bank,Transfer,successful,yes,yes,,,,,ENT691785479629,430000
TXN-002166,CUS-0177,9940024094,2026-07-29 13:10,POS,debit,3500,QuickBuy Online (fictional),,POS purchase,successful,yes,,,,,,ENT620790976260,151500
TXN-003739,CUS-0303,9914192446,2026-07-29 13:16,ATM,debit,10000,ENTIN ATM,,ATM withdrawal,successful,yes,,yes,,,,ENT677012022453,2740000
TXN-002536,CUS-0206,9960946297,2026-07-29 13:19,POS,debit,12500,ShopRite-like Store (fictional),,POS purchase,successful,yes,,,,,,ENT834104750402,867000
TXN-005464,CUS-0443,9932469947,2026-07-29 13:24,TRANSFER,debit,10000,Tunde O******e,Quick Fictional Bank,Transfer,successful,yes,yes,,,,,ENT102229179461,97500
TXN-005014,CUS-0406,9986833881,2026-07-29 13:26,USSD,debit,500,Airtime (fictional network),,Airtime purchase,successful,yes,,,,,,ENT859608989508,114500
TXN-006125,CUS-0495,9921089129,2026-07-29 13:26,POS,debit,1500,Lekki Luxury Stores,,POS purchase,successful,yes,,,,,,ENT220676460890,1298500
TXN-005999,CUS-0485,9974291653,2026-07-29 13:59,USSD,debit,1000,Airtime (fictional network),,Airtime purchase,successful,yes,,,,,,ENT366539449490,2661700
TXN-003683,CUS-0298,9994675331,2026-07-29 14:18,ATM,debit,10000,ENTIN ATM,,ATM withdrawal,successful,yes,,yes,,,,ENT834912377668,1120000
TXN-001516,CUS-0124,9949138114,2026-07-29 15:09,TRANSFER,debit,5000,Kemi O***e,Fictional Trust Bank,Transfer,successful,yes,yes,,,,,ENT950713598297,323500
TXN-002338,CUS-0191,9904355683,2026-07-29 15:24,POS,debit,12500,Mama Put Kitchen,,POS purchase,successful,yes,,,,,,ENT780635320836,214700
TXN-000650,CUS-0054,9918621076,2026-07-29 15:51,POS,debit,1500,Market Stall POS,,POS purchase,successful,yes,,,,,,ENT954406262829,432000
TXN-004043,CUS-0328,9932477086,2026-07-29 15:57,USSD,debit,2000,Airtime (fictional network),,Airtime purchase,successful,yes,,,,,,ENT646652659302,2678000
TXN-003337,CUS-0269,9936756441,2026-07-29 16:02,WEB,debit,4500,QuickBuy Online (fictional),,Online card payment,successful,yes,,,,,,ENT541881695306,2880500
TXN-000150,CUS-0013,9918603208,2026-07-29 16:20,TRANSFER,debit,5000,Chioma E*e,Quick Fictional Bank,Transfer,successful,yes,yes,,,,,ENT802917631174,1015000
TXN-000291,CUS-0024,9988281126,2026-07-29 16:31,USSD,debit,500,Airtime (fictional network),,Airtime purchase,successful,yes,,,,,,ENT475482085801,2574600
TXN-000889,CUS-0074,9981299914,2026-07-29 16:42,TRANSFER,debit,20000,Adebayo I**e,Fictional Trust Bank,Transfer,successful,yes,yes,,,,,ENT202087994751,180000
TXN-002244,CUS-0183,9902993351,2026-07-29 16:52,POS,debit,3500,QuickBuy Online (fictional),,POS purchase,successful,yes,,,,,,ENT685706473403,2581000
TXN-001626,CUS-0133,9965679951,2026-07-29 17:45,ATM,debit,20000,ENTIN ATM,,ATM withdrawal,successful,yes,,yes,,,,ENT499578859642,175000
TXN-005512,CUS-0447,9988158943,2026-07-29 18:07,POS,debit,3500,Bolt-like Rides (fictional),,POS purchase,successful,yes,,,,,,ENT602023281305,153700
TXN-004325,CUS-0351,9935890704,2026-07-29 18:17,TRANSFER,debit,100000,Folake A*****o,Demo Microfinance Bank,Transfer,successful,yes,yes,,,,,ENT244187778965,230000
TXN-005296,CUS-0429,9962754614,2026-07-29 18:17,POS,debit,45000,Mama Put Kitchen,,POS purchase,successful,yes,,,,,,ENT386789255405,1035000
TXN-003259,CUS-0263,9950345134,2026-07-29 18:29,WEB,debit,4500,Lekki Luxury Stores,,Online card payment,successful,yes,,,,,,ENT251816678390,210500
TXN-005901,CUS-0477,9950606428,2026-07-29 18:31,ATM,debit,10000,Other bank ATM,,ATM withdrawal,successful,yes,,no,,,,ENT678016734127,145000
TXN-002353,CUS-0192,9988642115,2026-07-29 18:36,ATM,debit,40000,ENTIN ATM,,ATM withdrawal,successful,yes,,yes,,,,ENT522624904971,645000
TXN-002455,CUS-0200,9967769593,2026-07-29 18:38,POS,debit,1500,Pharmacy Plus (fictional),,POS purchase,successful,yes,,,,,,ENT988833806767,2658500
TXN-005370,CUS-0435,9996618422,2026-07-29 18:41,POS,debit,3500,ShopRite-like Store (fictional),,POS purchase,successful,yes,,,,,,ENT324269604737,263000
TXN-003054,CUS-0246,9985384634,2026-07-29 18:43,TRANSFER,debit,20000,Joy I***s,Quick Fictional Bank,Transfer,successful,yes,yes,,,,,ENT887948885409,2600000
TXN-005395,CUS-0437,9935652556,2026-07-29 18:50,POS,debit,12500,ShopRite-like Store (fictional),,POS purchase,successful,yes,,,,,,ENT781478313112,749000
TXN-003071,CUS-0248,9955864605,2026-07-29 18:52,POS,debit,45000,Market Stall POS,,POS purchase,successful,yes,,,,,,ENT874975262139,525000
TXN-002915,CUS-0235,9953911045,2026-07-29 19:12,POS,debit,1500,StreamFlix (fictional),,POS purchase,successful,yes,,,,,,ENT588333198156,578500
TXN-003626,CUS-0293,9928185458,2026-07-29 19:30,WEB,debit,9900,StreamFlix (fictional),,Online card payment,successful,yes,,,,,,ENT848395883420,584100
TXN-003860,CUS-0313,9946277869,2026-07-29 19:34,POS,debit,45000,Market Stall POS,,POS purchase,successful,yes,,,,,,ENT597397976180,2418000
TXN-005669,CUS-0459,9996173946,2026-07-29 19:39,TRANSFER,debit,5000,Adaeze B****y,Fictional Trust Bank,Transfer,successful,yes,yes,,,,,ENT406005199133,220000
TXN-004296,CUS-0349,9918348045,2026-07-29 19:40,POS,debit,12500,QuickBuy Online (fictional),,POS purchase,successful,yes,,,,,,ENT452732309804,460000
TXN-005277,CUS-0428,9988816041,2026-07-29 19:48,ATM,debit,20000,Other bank ATM,,ATM withdrawal,successful,yes,,no,,,,ENT575573981098,308000
TXN-001687,CUS-0138,9902372961,2026-07-29 19:55,TRANSFER,debit,5000,Nkechi O******n,Quick Fictional Bank,Transfer,successful,yes,yes,,,,,ENT360899086954,1013000
TXN-000213,CUS-0018,9946450604,2026-07-29 20:11,WEB,debit,15000,Lekki Luxury Stores,,Online card payment,successful,yes,,,,,,ENT833581974501,146500
TXN-001951,CUS-0159,9941946065,2026-07-29 20:18,TRANSFER,debit,10000,Lola E****g,Quick Fictional Bank,Transfer,successful,yes,yes,,,,,ENT846609944750,708500
TXN-003946,CUS-0320,9939671395,2026-07-29 20:19,POS,debit,7800,QuickBuy Online (fictional),,POS purchase,successful,yes,,,,,,ENT665566170659,392200
TXN-000254,CUS-0021,9964529128,2026-07-29 20:21,WEB,debit,15000,Bolt-like Rides (fictional),,Online card payment,successful,yes,,,,,,ENT624981332794,150000
TXN-005057,CUS-0410,9922696173,2026-07-29 21:23,POS,debit,1500,Pharmacy Plus (fictional),,POS purchase,successful,yes,,,,,,ENT313489855567,163500
TXN-003915,CUS-0317,9938331314,2026-07-29 21:32,POS,debit,3500,Market Stall POS,,POS purchase,successful,yes,,,,,,ENT414662338483,426500
TXN-004838,CUS-0392,9991287050,2026-07-29 21:47,WEB,debit,4500,StreamFlix (fictional),,Online card payment,successful,yes,,,,,,ENT450802720280,503000
TXN-000724,CUS-0060,9906424829,2026-07-29 22:01,POS,debit,3500,QuickBuy Online (fictional),,POS purchase,successful,yes,,,,,,ENT196146396501,2576500
TXN-005548,CUS-0449,9921814877,2026-07-29 22:05,TRANSFER,debit,35000,Efe G***a,Fictional Trust Bank,Transfer,successful,yes,yes,,,,,ENT203750177339,545000
TXN-003483,CUS-0281,9984118790,2026-07-29 22:17,POS,debit,12500,Filling Station (fictional),,POS purchase,successful,yes,,,,,,ENT419948430894,197500
TXN-003323,CUS-0268,9995728062,2026-07-29 22:20,POS,debit,7800,Bolt-like Rides (fictional),,POS purchase,successful,yes,,,,,,ENT711510085136,768700
TXN-005544,CUS-0449,9921814877,2026-07-29 22:24,TRANSFER,debit,35000,Kemi O******e,Placeholder Bank,Transfer,successful,yes,yes,,,,,ENT810352506948,510000
TXN-005385,CUS-0436,9957764503,2026-07-29 22:34,TRANSFER,debit,5000,Zainab O******e,Placeholder Bank,Transfer,successful,yes,yes,,,,,ENT121142654917,1277500
TXN-006090,CUS-0492,9909587010,2026-07-29 23:01,POS,debit,22000,Filling Station (fictional),,POS purchase,successful,yes,,,,,,ENT275270206215,1527000
TXN-003487,CUS-0282,9946306844,2026-07-29 23:02,POS,debit,12500,Mama Put Kitchen,,POS purchase,successful,yes,,,,,,ENT929640508872,1521000
TXN-004976,CUS-0403,9978555237,2026-07-29 23:13,TRANSFER,debit,5000,Amaka S****i,Fictional Trust Bank,Transfer,successful,yes,yes,,,,,ENT815868432873,2695000
TXN-004451,CUS-0361,9980291368,2026-07-29 23:25,POS,debit,1500,Mama Put Kitchen,,POS purchase,successful,yes,,,,,,ENT165633779116,306000
TXN-003573,CUS-0289,9944712177,2026-07-29 23:51,USSD,debit,2000,Airtime (fictional network),,Airtime purchase,successful,yes,,,,,,ENT171039095695,1498000
TXN-004302,CUS-0349,9918348045,2026-07-29 23:57,ATM,debit,10000,ENTIN ATM,,ATM withdrawal,successful,yes,,yes,,,,ENT337156123011,450000
TXN-005990,CUS-0484,9979764044,2026-07-30 00:18,WEB,debit,4500,Bolt-like Rides (fictional),,Online card payment,successful,yes,,,,,,ENT126364267250,391000
TXN-000959,CUS-0080,9903022502,2026-07-30 00:21,POS,debit,45000,Mama Put Kitchen,,POS purchase,successful,yes,,,,,,ENT378659123184,192500
TXN-003260,CUS-0263,9950345134,2026-07-30 00:33,POS,debit,12500,ShopRite-like Store (fictional),,POS purchase,successful,yes,,,,,,ENT191442323251,198000
TXN-002720,CUS-0220,9986070448,2026-07-30 00:36,TRANSFER,debit,100000,Esther S**e,Placeholder Bank,Transfer,successful,yes,yes,,,,,ENT725458304433,384500
TXN-005850,CUS-0473,9956177643,2026-07-30 00:37,WEB,debit,9900,Lekki Luxury Stores,,Online card payment,successful,yes,,,,,,ENT156686728475,109600
TXN-000201,CUS-0017,9946001304,2026-07-30 00:40,USSD,debit,2000,Airtime (fictional network),,Airtime purchase,successful,yes,,,,,,ENT117164202944,230500
TXN-004443,CUS-0361,9980291368,2026-07-30 00:41,POS,debit,7800,StreamFlix (fictional),,POS purchase,successful,yes,,,,,,ENT159976074334,298200
TXN-002451,CUS-0199,9916644726,2026-07-30 01:48,TRANSFER,debit,20000,Aisha O*****e,Quick Fictional Bank,Transfer,successful,yes,yes,,,,,ENT753835881695,530000
TXN-005025,CUS-0407,9927834375,2026-07-30 01:49,POS,debit,45000,StreamFlix (fictional),,POS purchase,successful,yes,,,,,,ENT929413568875,120000
TXN-005551,CUS-0450,9931478410,2026-07-30 02:13,USSD,debit,5000,Airtime (fictional network),,Airtime purchase,successful,yes,,,,,,ENT879761636524,445000
TXN-003424,CUS-0276,9997590170,2026-07-30 02:30,POS,debit,1500,Pharmacy Plus (fictional),,POS purchase,successful,yes,,,,,,ENT160991766904,268500
TXN-004899,CUS-0397,9939504343,2026-07-30 02:40,WEB,debit,15000,StreamFlix (fictional),,Online card payment,successful,yes,,,,,,ENT393560666112,2605000
TXN-000393,CUS-0033,9940720754,2026-07-30 03:05,POS,debit,1500,Bolt-like Rides (fictional),,POS purchase,successful,yes,,,,,,ENT735280224239,1013500
TXN-004746,CUS-0385,9986616742,2026-07-30 03:11,TRANSFER,debit,50000,Aminu S**e,Quick Fictional Bank,Transfer,successful,yes,yes,,,,,ENT133926169025,2630000
TXN-001792,CUS-0147,9900546598,2026-07-30 03:12,WEB,debit,2500,QuickBuy Online (fictional),,Online card payment,successful,yes,,,,,,ENT544655133025,1007500
TXN-005049,CUS-0409,9926600363,2026-07-30 03:27,POS,debit,12500,Market Stall POS,,POS purchase,successful,yes,,,,,,ENT661041200993,637500
TXN-005093,CUS-0413,9988958664,2026-07-30 03:31,POS,debit,3500,Filling Station (fictional),,POS purchase,successful,yes,,,,,,ENT577242937169,2616500
TXN-003741,CUS-0303,9914192446,2026-07-30 03:32,POS,debit,22000,StreamFlix (fictional),,POS purchase,successful,yes,,,,,,ENT253172356705,2718000
TXN-004396,CUS-0357,9982452077,2026-07-30 03:37,USSD,debit,2000,Airtime (fictional network),,Airtime purchase,successful,yes,,,,,,ENT732682974382,548000
TXN-004950,CUS-0401,9916928668,2026-07-30 04:07,TRANSFER,debit,5000,Ngozi O***o,Quick Fictional Bank,Transfer,successful,yes,yes,,,,,ENT884049513480,212500
TXN-002370,CUS-0193,9961766752,2026-07-30 04:17,POS,debit,45000,Pharmacy Plus (fictional),,POS purchase,successful,yes,,,,,,ENT111498212623,530000
TXN-002321,CUS-0189,9908672820,2026-07-30 04:22,WEB,debit,2500,Bolt-like Rides (fictional),,Online card payment,successful,yes,,,,,,ENT669695530750,232500
TXN-000922,CUS-0076,9970950601,2026-07-30 04:24,USSD,debit,1000,Airtime (fictional network),,Airtime purchase,successful,yes,,,,,,ENT960920410942,119000
TXN-002197,CUS-0179,9929958470,2026-07-30 04:31,WEB,debit,4500,StreamFlix (fictional),,Online card payment,successful,yes,,,,,,ENT639881616201,210500
TXN-005402,CUS-0437,9935652556,2026-07-30 04:42,WEB,debit,2500,QuickBuy Online (fictional),,Online card payment,successful,yes,,,,,,ENT202396856155,746500
TXN-005206,CUS-0422,9981759426,2026-07-30 04:46,POS,debit,3500,Lekki Luxury Stores,,POS purchase,successful,yes,,,,,,ENT995402085224,1076000
TXN-005628,CUS-0456,9972514839,2026-07-30 04:50,POS,debit,7800,Market Stall POS,,POS purchase,successful,yes,,,,,,ENT399140922677,397200
TXN-004736,CUS-0384,9978462464,2026-07-30 04:57,POS,debit,12500,Pharmacy Plus (fictional),,POS purchase,successful,yes,,,,,,ENT108174461414,107500
TXN-004061,CUS-0330,9955477122,2026-07-30 05:01,POS,debit,45000,ShopRite-like Store (fictional),,POS purchase,successful,yes,,,,,,ENT411240814738,2635000
TXN-003480,CUS-0281,9984118790,2026-07-30 05:19,POS,debit,3500,Pharmacy Plus (fictional),,POS purchase,successful,yes,,,,,,ENT958904088352,194000
TXN-004978,CUS-0403,9978555237,2026-07-30 05:32,ATM,debit,10000,Other bank ATM,,ATM withdrawal,successful,yes,,no,,,,ENT960351111714,2685000
TXN-004865,CUS-0394,9948693005,2026-07-30 05:36,POS,debit,1500,Bolt-like Rides (fictional),,POS purchase,successful,yes,,,,,,ENT202461275729,328500
TXN-000976,CUS-0081,9908238613,2026-07-30 06:04,WEB,debit,2500,QuickBuy Online (fictional),,Online card payment,successful,yes,,,,,,ENT456809719530,2737500
TXN-004900,CUS-0397,9939504343,2026-07-30 06:34,TRANSFER,debit,100000,Tunde A*****a,Demo Microfinance Bank,Transfer,successful,yes,yes,,,,,ENT551858599668,2505000
TXN-003130,CUS-0252,9937906660,2026-07-30 06:39,POS,debit,7800,ShopRite-like Store (fictional),,POS purchase,successful,yes,,,,,,ENT320102318556,997200
TXN-004735,CUS-0384,9978462464,2026-07-30 06:40,TRANSFER,debit,35000,Ngozi I***s,Placeholder Bank,Transfer,successful,yes,yes,,,,,ENT316606673105,72500
TXN-003956,CUS-0321,9964528363,2026-07-30 07:22,WEB,debit,2500,QuickBuy Online (fictional),,Online card payment,successful,yes,,,,,,ENT904994260846,512500
TXN-005122,CUS-0415,9933680819,2026-07-30 07:24,TRANSFER,debit,5000,Kelechi M**a,Quick Fictional Bank,Transfer,successful,yes,yes,,,,,ENT547720513196,322500
TXN-002610,CUS-0212,9951055574,2026-07-30 07:49,TRANSFER,debit,50000,Victor O******i,Quick Fictional Bank,Transfer,successful,yes,yes,,,,,ENT953734140779,150000
TXN-002781,CUS-0225,9910257598,2026-07-30 08:15,ATM,debit,20000,ENTIN ATM,,ATM withdrawal,successful,yes,,yes,,,,ENT490174161969,1000000
TXN-000583,CUS-0048,9972987112,2026-07-30 08:16,WEB,debit,4500,Bolt-like Rides (fictional),,Online card payment,successful,yes,,,,,,ENT538501172629,2885600
TXN-000062,CUS-0005,9919672731,2026-07-30 08:20,TRANSFER,debit,5000,Wale G***a,Sample Savings Bank,Transfer,successful,yes,yes,,,,,ENT920445396239,1073000
TXN-003426,CUS-0276,9997590170,2026-07-30 08:44,TRANSFER,debit,50000,Samuel L***l,Placeholder Bank,Transfer,successful,yes,yes,,,,,ENT689928939952,218500
TXN-003809,CUS-0309,9907735405,2026-07-30 09:13,ATM,debit,20000,ENTIN ATM,,ATM withdrawal,successful,yes,,yes,,,,ENT452549953332,1020100
TXN-003209,CUS-0259,9978482991,2026-07-30 10:10,TRANSFER,debit,10000,Blessing M**a,Quick Fictional Bank,Transfer,successful,yes,yes,,,,,ENT521040055862,320000
TXN-003555,CUS-0287,9969449775,2026-07-30 10:14,WEB,debit,15000,QuickBuy Online (fictional),,Online card payment,successful,yes,,,,,,ENT761620590761,173500
TXN-004231,CUS-0344,9972087668,2026-07-30 10:14,USSD,debit,2000,Airtime (fictional network),,Airtime purchase,successful,yes,,,,,,ENT717136743593,198000
TXN-000494,CUS-0041,9902520161,2026-07-30 10:24,TRANSFER,debit,20000,Musa B***o,Fictional Trust Bank,Transfer,successful,yes,yes,,,,,ENT680433057149,1280000
TXN-002593,CUS-0210,9911316159,2026-07-30 10:56,USSD,debit,5000,Airtime (fictional network),,Airtime purchase,successful,yes,,,,,,ENT372472205095,1545000
TXN-000271,CUS-0023,9902145842,2026-07-30 11:24,USSD,debit,1000,Airtime (fictional network),,Airtime purchase,successful,yes,,,,,,ENT223379955709,146200
TXN-000904,CUS-0075,9926436628,2026-07-30 11:24,USSD,debit,2000,Airtime (fictional network),,Airtime purchase,successful,yes,,,,,,ENT298921035489,211000
TXN-000331,CUS-0028,9955696327,2026-07-30 11:47,WEB,debit,2500,QuickBuy Online (fictional),,Online card payment,successful,yes,,,,,,ENT936910148635,232500
TXN-005616,CUS-0455,9902792166,2026-07-30 12:00,POS,debit,3500,Mama Put Kitchen,,POS purchase,successful,yes,,,,,,ENT133500288356,796500
TXN-004032,CUS-0327,9985785371,2026-07-30 12:04,WEB,debit,15000,Lekki Luxury Stores,,Online card payment,successful,yes,,,,,,ENT205581797155,715000
TXN-000383,CUS-0032,9941968982,2026-07-30 12:22,POS,debit,7800,Pharmacy Plus (fictional),,POS purchase,successful,yes,,,,,,ENT660537263762,2577200
TXN-002236,CUS-0182,9979765655,2026-07-30 12:36,ATM,debit,40000,Other bank ATM,,ATM withdrawal,successful,yes,,no,,,,ENT176682735081,76500
TXN-001207,CUS-0100,9919172290,2026-07-30 12:49,POS,debit,45000,Filling Station (fictional),,POS purchase,successful,yes,,,,,,ENT361671204021,2517500
TXN-001489,CUS-0122,9920453316,2026-07-30 13:30,ATM,debit,20000,Other bank ATM,,ATM withdrawal,successful,yes,,no,,,,ENT176918475984,2600000
TXN-002466,CUS-0200,9967769593,2026-07-30 13:40,ATM,debit,20000,Other bank ATM,,ATM withdrawal,successful,yes,,no,,,,ENT317944352972,2638500
TXN-003400,CUS-0274,9955297955,2026-07-30 13:42,TRANSFER,debit,20000,Lola A*******i,Placeholder Bank,Transfer,successful,yes,yes,,,,,ENT220703199931,240000
TXN-005035,CUS-0408,9988225489,2026-07-30 13:44,POS,debit,12500,Lekki Luxury Stores,,POS purchase,successful,yes,,,,,,ENT598492019286,432500
TXN-000238,CUS-0020,9969256663,2026-07-30 14:58,POS,debit,1500,Market Stall POS,,POS purchase,successful,yes,,,,,,ENT861448624199,3144000
TXN-002445,CUS-0199,9916644726,2026-07-30 15:06,POS,debit,45000,ShopRite-like Store (fictional),,POS purchase,successful,yes,,,,,,ENT787114584230,485000
TXN-002230,CUS-0182,9979765655,2026-07-30 15:53,POS,debit,1500,Market Stall POS,,POS purchase,successful,yes,,,,,,ENT293479694793,75000
TXN-006044,CUS-0489,9904477391,2026-07-30 15:56,ATM,debit,40000,Other bank ATM,,ATM withdrawal,successful,yes,,no,,,,ENT548087835969,101500
TXN-002533,CUS-0206,9960946297,2026-07-30 16:36,POS,debit,22000,StreamFlix (fictional),,POS purchase,successful,yes,,,,,,ENT240339994635,845000
TXN-002758,CUS-0223,9973866346,2026-07-30 16:58,POS,debit,12500,Market Stall POS,,POS purchase,successful,yes,,,,,,ENT272737284859,152500
TXN-003155,CUS-0254,9910485144,2026-07-30 17:09,ATM,debit,40000,ENTIN ATM,,ATM withdrawal,successful,yes,,yes,,,,ENT162086305502,1510000
TXN-004762,CUS-0386,9930746491,2026-07-30 17:35,ATM,debit,40000,Other bank ATM,,ATM withdrawal,successful,yes,,no,,,,ENT186985023307,175000
TXN-003146,CUS-0253,9919879915,2026-07-30 17:45,POS,debit,1500,ShopRite-like Store (fictional),,POS purchase,successful,yes,,,,,,ENT343327208808,208500
TXN-000481,CUS-0040,9954177588,2026-07-30 18:15,POS,debit,12500,Market Stall POS,,POS purchase,successful,yes,,,,,,ENT281876877544,567500
TXN-003569,CUS-0288,9972097656,2026-07-30 18:20,WEB,debit,15000,Bolt-like Rides (fictional),,Online card payment,successful,yes,,,,,,ENT676863673230,2881500
TXN-001908,CUS-0156,9944565338,2026-07-30 18:28,TRANSFER,debit,10000,Ese L***l,Quick Fictional Bank,Transfer,successful,yes,yes,,,,,ENT421299503873,1290000
TXN-005132,CUS-0416,9968703649,2026-07-30 18:33,ATM,debit,40000,ENTIN ATM,,ATM withdrawal,successful,yes,,yes,,,,ENT267217563580,230000
TXN-000012,CUS-0001,9913998698,2026-07-30 18:35,POS,debit,45000,Mama Put Kitchen,,POS purchase,successful,yes,,,,,,ENT401004346530,278500
TXN-004087,CUS-0332,9988059718,2026-07-30 18:44,TRANSFER,debit,10000,Folake I**e,Demo Microfinance Bank,Transfer,successful,yes,yes,,,,,ENT693340272483,3132200
TXN-002615,CUS-0212,9951055574,2026-07-30 19:03,USSD,debit,5000,Airtime (fictional network),,Airtime purchase,successful,yes,,,,,,ENT456451075669,145000
TXN-005811,CUS-0470,9929794391,2026-07-30 19:20,ATM,debit,10000,ENTIN ATM,,ATM withdrawal,successful,yes,,yes,,,,ENT325296693341,640000
TXN-000603,CUS-0049,9996745219,2026-07-30 19:21,TRANSFER,debit,10000,Victor E**t,Sample Savings Bank,Transfer,successful,yes,yes,,,,,ENT749537013816,1515500
TXN-004674,CUS-0379,9983308485,2026-07-30 19:21,TRANSFER,debit,100000,Femi S****i,Sample Savings Bank,Transfer,successful,yes,yes,,,,,ENT933513677503,910000
TXN-000693,CUS-0057,9939955156,2026-07-30 19:35,POS,debit,45000,Pharmacy Plus (fictional),,POS purchase,successful,yes,,,,,,ENT865237640455,700500
TXN-000525,CUS-0044,9933042845,2026-07-30 19:39,TRANSFER,debit,50000,Victor O*******i,Demo Microfinance Bank,Transfer,successful,yes,yes,,,,,ENT873244349433,917500
TXN-000798,CUS-0066,9915141363,2026-07-30 19:41,POS,debit,1500,Bolt-like Rides (fictional),,POS purchase,successful,yes,,,,,,ENT532624503019,2656500
TXN-004246,CUS-0345,9954456726,2026-07-30 19:41,POS,debit,7800,Mama Put Kitchen,,POS purchase,successful,yes,,,,,,ENT764204323323,252200
TXN-000239,CUS-0020,9969256663,2026-07-30 19:46,USSD,debit,500,Airtime (fictional network),,Airtime purchase,successful,yes,,,,,,ENT229274050414,3143500
TXN-001228,CUS-0101,9971745143,2026-07-30 20:00,POS,debit,3500,QuickBuy Online (fictional),,POS purchase,successful,yes,,,,,,ENT650609977956,2614500
TXN-000118,CUS-0010,9928379298,2026-07-30 20:04,POS,debit,45000,StreamFlix (fictional),,POS purchase,successful,yes,,,,,,ENT181326924567,285000
TXN-001668,CUS-0137,9965386482,2026-07-30 20:17,WEB,debit,15000,Lekki Luxury Stores,,Online card payment,successful,yes,,,,,,ENT734411575931,210000
TXN-005652,CUS-0458,9904367085,2026-07-30 20:23,ATM,debit,20000,Other bank ATM,,ATM withdrawal,successful,yes,,no,,,,ENT692116879151,235000
TXN-000747,CUS-0062,9913785222,2026-07-30 20:42,POS,debit,45000,Mama Put Kitchen,,POS purchase,successful,yes,,,,,,ENT140972255013,1255000
TXN-001441,CUS-0118,9975049979,2026-07-30 20:55,WEB,debit,15000,QuickBuy Online (fictional),,Online card payment,successful,yes,,,,,,ENT211657327513,385000
TXN-005660,CUS-0458,9904367085,2026-07-30 21:06,POS,debit,1500,StreamFlix (fictional),,POS purchase,successful,yes,,,,,,ENT228786325248,233500
TXN-002674,CUS-0217,9923754061,2026-07-30 22:10,TRANSFER,debit,20000,Zainab O***e,Fictional Trust Bank,Transfer,successful,yes,yes,,,,,ENT863774341311,715000
TXN-002975,CUS-0240,9926272745,2026-07-30 22:12,ATM,debit,20000,ENTIN ATM,,ATM withdrawal,successful,yes,,yes,,,,ENT172417633601,550100
TXN-003201,CUS-0258,9911119929,2026-07-30 22:16,WEB,debit,4500,Bolt-like Rides (fictional),,Online card payment,successful,yes,,,,,,ENT558185729215,1037200
TXN-005813,CUS-0470,9929794391,2026-07-30 22:30,POS,debit,12500,Pharmacy Plus (fictional),,POS purchase,successful,yes,,,,,,ENT261529602225,627500
TXN-000963,CUS-0080,9903022502,2026-07-30 23:13,TRANSFER,debit,100000,Wale Y***f,Fictional Trust Bank,Transfer,successful,yes,yes,,,,,ENT776381250018,92500
TXN-006194,CUS-0500,9934447608,2026-07-30 23:20,POS,debit,22000,StreamFlix (fictional),,POS purchase,successful,yes,,,,,,ENT234393251836,778000
TXN-001536,CUS-0126,9983579996,2026-07-30 23:23,TRANSFER,debit,5000,Kunle M**a,Demo Microfinance Bank,Transfer,successful,yes,yes,,,,,ENT422972060290,775000
TXN-005504,CUS-0446,9965552641,2026-07-30 23:34,POS,debit,12500,ShopRite-like Store (fictional),,POS purchase,successful,yes,,,,,,ENT898427657928,106500
TXN-005795,CUS-0469,9968933238,2026-07-30 23:40,USSD,debit,1000,Airtime (fictional network),,Airtime purchase,successful,yes,,,,,,ENT160051100384,321200
TXN-001425,CUS-0117,9925219607,2026-07-31 00:07,POS,debit,3500,QuickBuy Online (fictional),,POS purchase,successful,yes,,,,,,ENT770436253008,431500
TXN-001541,CUS-0126,9983579996,2026-07-31 00:17,TRANSFER,debit,10000,Idara O***e,Fictional Trust Bank,Transfer,successful,yes,yes,,,,,ENT444799016325,765000
TXN-004624,CUS-0375,9951549033,2026-07-31 00:20,POS,debit,12500,Bolt-like Rides (fictional),,POS purchase,successful,yes,,,,,,ENT421264019225,387500
TXN-005806,CUS-0470,9929794391,2026-07-31 00:57,TRANSFER,debit,35000,Samuel A***u,Placeholder Bank,Transfer,successful,yes,yes,,,,,ENT418913102011,592500
TXN-004514,CUS-0366,9961438798,2026-07-31 01:18,TRANSFER,debit,100000,Chiamaka B****y,Sample Savings Bank,Transfer,successful,yes,yes,,,,,ENT426446789774,178100
TXN-001084,CUS-0090,9945011459,2026-07-31 01:28,ATM,debit,10000,Other bank ATM,,ATM withdrawal,successful,yes,,no,,,,ENT816106849936,145000
TXN-005285,CUS-0428,9988816041,2026-07-31 01:36,ATM,debit,40000,ENTIN ATM,,ATM withdrawal,successful,yes,,yes,,,,ENT115151998810,268000
TXN-001662,CUS-0136,9972130516,2026-07-31 01:38,POS,debit,12500,Lekki Luxury Stores,,POS purchase,successful,yes,,,,,,ENT398009959348,472500
TXN-002845,CUS-0230,9946252003,2026-07-31 01:44,TRANSFER,debit,100000,Blessing I**e,Fictional Trust Bank,Transfer,successful,yes,yes,,,,,ENT844919593331,60000
TXN-001593,CUS-0130,9970533656,2026-07-31 02:11,POS,debit,45000,Market Stall POS,,POS purchase,successful,yes,,,,,,ENT861710437458,85000
TXN-004886,CUS-0396,9979503876,2026-07-31 02:56,TRANSFER,debit,20000,Dayo O*i,Demo Microfinance Bank,Transfer,successful,yes,yes,,,,,ENT446324672990,497500
TXN-003910,CUS-0317,9938331314,2026-07-31 03:05,TRANSFER,debit,35000,Lola A*****i,Fictional Trust Bank,Transfer,successful,yes,yes,,,,,ENT768691914402,391500
TXN-003191,CUS-0257,9903889054,2026-07-31 03:15,ATM,debit,20000,Other bank ATM,,ATM withdrawal,successful,yes,,no,,,,ENT648096353060,1003000
TXN-001143,CUS-0095,9966981433,2026-07-31 04:24,TRANSFER,debit,100000,Ibrahim B***o,Sample Savings Bank,Transfer,successful,yes,yes,,,,,ENT200575621213,50000
TXN-000760,CUS-0063,9948085347,2026-07-31 04:42,ATM,debit,20000,ENTIN ATM,,ATM withdrawal,successful,yes,,yes,,,,ENT462488890135,265000
TXN-005047,CUS-0409,9926600363,2026-07-31 05:30,POS,debit,45000,Market Stall POS,,POS purchase,successful,yes,,,,,,ENT702032744394,592500
TXN-000212,CUS-0018,9946450604,2026-07-31 06:21,TRANSFER,debit,35000,Ibrahim S****i,Placeholder Bank,Transfer,successful,yes,yes,,,,,ENT225711528329,111500
TXN-005352,CUS-0434,9998934709,2026-07-31 06:21,TRANSFER,debit,35000,Samuel A*****a,Fictional Trust Bank,Transfer,successful,yes,yes,,,,,ENT939539043979,439600
TXN-001430,CUS-0117,9925219607,2026-07-31 07:11,TRANSFER,debit,35000,Adebayo M**a,Fictional Trust Bank,Transfer,successful,yes,yes,,,,,ENT711517048160,396500
TXN-001970,CUS-0161,9950062013,2026-07-31 07:21,ATM,debit,40000,ENTIN ATM,,ATM withdrawal,successful,yes,,yes,,,,ENT425023347772,2505000
TXN-000149,CUS-0013,9918603208,2026-07-31 07:30,POS,debit,1500,Pharmacy Plus (fictional),,POS purchase,successful,yes,,,,,,ENT321052643853,1013500
TXN-001363,CUS-0112,9942365966,2026-07-31 07:40,USSD,debit,5000,Airtime (fictional network),,Airtime purchase,successful,yes,,,,,,ENT950938131549,280000
TXN-003310,CUS-0267,9975140396,2026-07-31 07:47,ATM,debit,40000,ENTIN ATM,,ATM withdrawal,successful,yes,,yes,,,,ENT903107421537,222200
TXN-005708,CUS-0462,9959698980,2026-07-31 08:00,TRANSFER,debit,50000,Ikenna O*****o,Demo Microfinance Bank,Transfer,successful,yes,yes,,,,,ENT933384747530,70000
TXN-005728,CUS-0464,9998523750,2026-07-31 08:05,TRANSFER,debit,10000,Efe O*****o,Placeholder Bank,Transfer,successful,yes,yes,,,,,ENT489586977024,475000
TXN-005938,CUS-0481,9939475693,2026-07-31 08:16,POS,debit,3500,StreamFlix (fictional),,POS purchase,successful,yes,,,,,,ENT148550791079,278000
TXN-005523,CUS-0448,9949863391,2026-07-31 08:29,USSD,debit,1000,Airtime (fictional network),,Airtime purchase,successful,yes,,,,,,ENT338759323094,213000
TXN-001448,CUS-0119,9954928452,2026-07-31 08:46,WEB,debit,2500,StreamFlix (fictional),,Online card payment,successful,yes,,,,,,ENT495259187551,93500
TXN-002884,CUS-0233,9907462096,2026-07-31 09:04,POS,debit,45000,Bolt-like Rides (fictional),,POS purchase,successful,yes,,,,,,ENT202374814646,650000
TXN-003396,CUS-0274,9955297955,2026-07-31 09:38,POS,debit,7800,Lekki Luxury Stores,,POS purchase,successful,yes,,,,,,ENT233628257913,232200
TXN-001835,CUS-0150,9986703642,2026-07-31 09:52,TRANSFER,debit,50000,Kelechi A*****a,Demo Microfinance Bank,Transfer,successful,yes,yes,,,,,ENT929694866947,1034000
TXN-004991,CUS-0404,9918022090,2026-07-31 09:58,POS,debit,12500,Pharmacy Plus (fictional),,POS purchase,successful,yes,,,,,,ENT179719540042,627200
TXN-003007,CUS-0242,9902208747,2026-07-31 10:05,WEB,debit,9900,QuickBuy Online (fictional),,Online card payment,successful,yes,,,,,,ENT249485333701,3100100
TXN-002895,CUS-0234,9902167309,2026-07-31 10:12,USSD,debit,2000,Airtime (fictional network),,Airtime purchase,successful,yes,,,,,,ENT471540395534,3135500
TXN-001590,CUS-0130,9970533656,2026-07-31 10:31,POS,debit,22000,QuickBuy Online (fictional),,POS purchase,successful,yes,,,,,,ENT548201237202,63000
TXN-002687,CUS-0218,9910818187,2026-07-31 10:38,WEB,debit,15000,QuickBuy Online (fictional),,Online card payment,successful,yes,,,,,,ENT619867797515,648000
TXN-003341,CUS-0269,9936756441,2026-07-31 10:38,TRANSFER,debit,10000,Kunle O******e,Fictional Trust Bank,Transfer,successful,yes,yes,,,,,ENT860300872860,2870500
TXN-001642,CUS-0134,9983034549,2026-07-31 11:19,POS,debit,1500,Market Stall POS,,POS purchase,successful,yes,,,,,,ENT496127078284,973700
TXN-001014,CUS-0084,9996444694,2026-07-31 11:24,POS,debit,45000,Pharmacy Plus (fictional),,POS purchase,successful,yes,,,,,,ENT279947395861,195000
TXN-001433,CUS-0118,9975049979,2026-07-31 11:25,POS,debit,45000,QuickBuy Online (fictional),,POS purchase,successful,yes,,,,,,ENT475822056611,340000
TXN-004523,CUS-0367,9951406955,2026-07-31 11:26,ATM,debit,20000,Other bank ATM,,ATM withdrawal,successful,yes,,no,,,,ENT259925622971,2730000
TXN-005855,CUS-0474,9967078673,2026-07-31 11:42,POS,debit,1500,Pharmacy Plus (fictional),,POS purchase,successful,yes,,,,,,ENT368854268747,213500
TXN-005910,CUS-0478,9926098818,2026-07-31 11:45,POS,debit,1500,ShopRite-like Store (fictional),,POS purchase,successful,yes,,,,,,ENT273252948355,3136000
TXN-004223,CUS-0343,9922438945,2026-07-31 12:17,WEB,debit,4500,StreamFlix (fictional),,Online card payment,successful,yes,,,,,,ENT799392541131,460500
TXN-000749,CUS-0062,9913785222,2026-07-31 12:36,TRANSFER,debit,5000,Musa B****e,Demo Microfinance Bank,Transfer,successful,yes,yes,,,,,ENT898513506789,1250000
TXN-005044,CUS-0409,9926600363,2026-07-31 12:39,USSD,debit,500,Airtime (fictional network),,Airtime purchase,successful,yes,,,,,,ENT201833191330,592000
TXN-000905,CUS-0075,9926436628,2026-07-31 12:44,TRANSFER,debit,10000,Kelechi O****r,Quick Fictional Bank,Transfer,successful,yes,yes,,,,,ENT689254465999,201000
TXN-003843,CUS-0311,9977866026,2026-07-31 12:59,POS,debit,22000,Market Stall POS,,POS purchase,successful,yes,,,,,,ENT202339132384,306500
TXN-004580,CUS-0372,9937583244,2026-07-31 13:03,WEB,debit,2500,QuickBuy Online (fictional),,Online card payment,successful,yes,,,,,,ENT133588949016,1076000
TXN-005299,CUS-0430,9922159393,2026-07-31 13:32,ATM,debit,20000,Other bank ATM,,ATM withdrawal,successful,yes,,no,,,,ENT703357289620,215000
TXN-004808,CUS-0390,9910397222,2026-07-31 13:48,ATM,debit,40000,ENTIN ATM,,ATM withdrawal,successful,yes,,yes,,,,ENT291905324882,608000
TXN-003755,CUS-0304,9919484159,2026-07-31 13:54,WEB,debit,2500,Lekki Luxury Stores,,Online card payment,successful,yes,,,,,,ENT138458218070,1042500
TXN-000293,CUS-0024,9988281126,2026-07-31 14:06,POS,debit,1500,Pharmacy Plus (fictional),,POS purchase,successful,yes,,,,,,ENT851736685242,2573100
TXN-003353,CUS-0270,9932642118,2026-07-31 14:09,WEB,debit,4500,Lekki Luxury Stores,,Online card payment,successful,yes,,,,,,ENT374104457549,795500
TXN-002586,CUS-0210,9911316159,2026-07-31 14:13,POS,debit,1500,Filling Station (fictional),,POS purchase,successful,yes,,,,,,ENT796172298504,1543500
TXN-003551,CUS-0287,9969449775,2026-07-31 14:31,ATM,debit,20000,Other bank ATM,,ATM withdrawal,successful,yes,,no,,,,ENT946079420910,153500
TXN-000660,CUS-0054,9918621076,2026-07-31 14:48,POS,debit,12500,Pharmacy Plus (fictional),,POS purchase,successful,yes,,,,,,ENT147209241880,419500
TXN-003503,CUS-0283,9992725775,2026-07-31 15:08,POS,debit,7800,Pharmacy Plus (fictional),,POS purchase,successful,yes,,,,,,ENT381625343671,477200
TXN-002852,CUS-0231,9987407604,2026-07-31 15:40,POS,debit,3500,Pharmacy Plus (fictional),,POS purchase,successful,yes,,,,,,ENT143085800576,206500
TXN-001565,CUS-0128,9943949119,2026-07-31 16:07,POS,debit,22000,QuickBuy Online (fictional),,POS purchase,successful,yes,,,,,,ENT587749887643,188000
TXN-001740,CUS-0143,9964197110,2026-07-31 16:15,POS,debit,22000,Market Stall POS,,POS purchase,successful,yes,,,,,,ENT360541581817,1028000
TXN-005881,CUS-0476,9990474627,2026-07-31 16:21,USSD,debit,500,Airtime (fictional network),,Airtime purchase,successful,yes,,,,,,ENT858498893750,2881800
TXN-002824,CUS-0229,9993322503,2026-07-31 16:41,TRANSFER,debit,10000,Maryam N***u,Demo Microfinance Bank,Transfer,successful,yes,yes,,,,,ENT665528942123,562500
TXN-002175,CUS-0177,9940024094,2026-07-31 16:47,ATM,debit,40000,ENTIN ATM,,ATM withdrawal,successful,yes,,yes,,,,ENT197451326445,111500
TXN-001424,CUS-0117,9925219607,2026-07-31 17:49,TRANSFER,debit,20000,Femi B****y,Quick Fictional Bank,Transfer,successful,yes,yes,,,,,ENT596669103328,376500
TXN-005663,CUS-0458,9904367085,2026-07-31 18:04,WEB,debit,4500,Lekki Luxury Stores,,Online card payment,successful,yes,,,,,,ENT667494683955,229000
TXN-005911,CUS-0478,9926098818,2026-07-31 18:15,ATM,debit,10000,ENTIN ATM,,ATM withdrawal,successful,yes,,yes,,,,ENT657956994696,3126000
TXN-000706,CUS-0058,9980156464,2026-07-31 18:16,WEB,debit,9900,StreamFlix (fictional),,Online card payment,successful,yes,,,,,,ENT455371577487,640100
TXN-004145,CUS-0337,9928921183,2026-07-31 18:22,USSD,debit,500,Airtime (fictional network),,Airtime purchase,successful,yes,,,,,,ENT186589152640,2899500
TXN-002212,CUS-0180,9927751519,2026-07-31 18:36,WEB,debit,15000,Bolt-like Rides (fictional),,Online card payment,successful,yes,,,,,,ENT829766241034,3135000
TXN-003861,CUS-0313,9946277869,2026-07-31 18:41,TRANSFER,debit,50000,Nkechi N***i,Fictional Trust Bank,Transfer,successful,yes,yes,,,,,ENT489935230768,2368000
TXN-000492,CUS-0041,9902520161,2026-07-31 18:42,WEB,debit,2500,StreamFlix (fictional),,Online card payment,successful,yes,,,,,,ENT436024738107,1277500
TXN-000610,CUS-0050,9988645732,2026-07-31 18:51,USSD,debit,5000,Airtime (fictional network),,Airtime purchase,successful,yes,,,,,,ENT151821482409,280000
TXN-004546,CUS-0369,9982914423,2026-07-31 19:28,WEB,debit,15000,Bolt-like Rides (fictional),,Online card payment,successful,yes,,,,,,ENT113605036184,542500
TXN-001768,CUS-0145,9912117405,2026-07-31 19:53,TRANSFER,debit,20000,Segun I***s,Demo Microfinance Bank,Transfer,successful,yes,yes,,,,,ENT135743785518,710000
TXN-001456,CUS-0119,9954928452,2026-07-31 19:57,USSD,debit,1000,Airtime (fictional network),,Airtime purchase,successful,yes,,,,,,ENT673470341848,92500
TXN-002929,CUS-0237,9969336506,2026-07-31 20:03,ATM,debit,40000,ENTIN ATM,,ATM withdrawal,successful,yes,,yes,,,,ENT412971115363,67500
TXN-002120,CUS-0173,9937785973,2026-07-31 20:07,USSD,debit,500,Airtime (fictional network),,Airtime purchase,successful,yes,,,,,,ENT738096920426,951000
TXN-000143,CUS-0012,9975177992,2026-07-31 20:28,TRANSFER,debit,10000,Yusuf O******i,Fictional Trust Bank,Transfer,successful,yes,yes,,,,,ENT831575493174,2572500
TXN-001133,CUS-0094,9962528456,2026-07-31 20:38,USSD,debit,500,Airtime (fictional network),,Airtime purchase,successful,yes,,,,,,ENT780069306901,119500
TXN-002382,CUS-0194,9953387952,2026-07-31 20:50,ATM,debit,10000,Other bank ATM,,ATM withdrawal,successful,yes,,no,,,,ENT657373711121,375000
TXN-000956,CUS-0079,9971711243,2026-07-31 20:54,TRANSFER,debit,50000,Godwin O*i,Fictional Trust Bank,Transfer,successful,yes,yes,,,,,ENT604592293076,934000
TXN-003850,CUS-0312,9975337207,2026-07-31 21:46,POS,debit,45000,Filling Station (fictional),,POS purchase,successful,yes,,,,,,ENT784433735228,705000
TXN-000818,CUS-0068,9934217233,2026-07-31 22:18,ATM,debit,10000,ENTIN ATM,,ATM withdrawal,successful,yes,,yes,,,,ENT100791934766,570000
TXN-000418,CUS-0035,9955689832,2026-07-31 22:59,WEB,debit,4500,Lekki Luxury Stores,,Online card payment,successful,yes,,,,,,ENT543928127698,2525500
TXN-000104,CUS-0009,9993319084,2026-07-31 23:06,POS,debit,7800,Lekki Luxury Stores,,POS purchase,successful,yes,,,,,,ENT945784635548,2887200
TXN-000519,CUS-0043,9985469059,2026-07-31 23:07,ATM,debit,10000,ENTIN ATM,,ATM withdrawal,successful,yes,,yes,,,,ENT442622525126,360000
TXN-001520,CUS-0124,9949138114,2026-07-31 23:26,POS,debit,1500,Market Stall POS,,POS purchase,successful,yes,,,,,,ENT768651386297,322000
TXN-004455,CUS-0362,9925256262,2026-07-31 23:59,POS,debit,45000,Mama Put Kitchen,,POS purchase,successful,yes,,,,,,ENT950877638559,533000
TXN-002001,CUS-0163,9985476677,2026-08-01 00:04,POS,debit,3500,ShopRite-like Store (fictional),,POS purchase,successful,yes,,,,,,ENT348372361311,231500
TXN-000011,CUS-0001,9913998698,2026-08-01 00:10,POS,debit,22000,StreamFlix (fictional),,POS purchase,successful,yes,,,,,,ENT698370304902,256500
TXN-001131,CUS-0094,9962528456,2026-08-01 00:21,TRANSFER,debit,35000,Tunde B***o,Quick Fictional Bank,Transfer,successful,yes,yes,,,,,ENT170969415430,84500
TXN-003973,CUS-0322,9949912955,2026-08-01 02:05,TRANSFER,debit,100000,Yemisi C****u,Fictional Trust Bank,Transfer,successful,yes,yes,,,,,ENT867395405540,2572200
TXN-004595,CUS-0373,9932052387,2026-08-01 02:25,TRANSFER,debit,50000,Aisha A*****i,Fictional Trust Bank,Transfer,successful,yes,yes,,,,,ENT491738701681,35000
TXN-003241,CUS-0261,9911168312,2026-08-01 02:33,TRANSFER,debit,50000,Seun N*******u,Demo Microfinance Bank,Transfer,successful,yes,yes,,,,,ENT418049943171,925000
TXN-002867,CUS-0232,9902084385,2026-08-01 03:02,USSD,debit,1000,Airtime (fictional network),,Airtime purchase,successful,yes,,,,,,ENT613687840122,1079000
TXN-001600,CUS-0131,9915379101,2026-08-01 03:07,POS,debit,45000,Mama Put Kitchen,,POS purchase,successful,yes,,,,,,ENT114311421923,435000
TXN-001359,CUS-0111,9960169676,2026-08-01 03:08,WEB,debit,4500,Lekki Luxury Stores,,Online card payment,successful,yes,,,,,,ENT352143848275,338000
TXN-001529,CUS-0125,9939285100,2026-08-01 03:45,USSD,debit,500,Airtime (fictional network),,Airtime purchase,successful,yes,,,,,,ENT305629271510,1019500
TXN-002275,CUS-0185,9962334551,2026-08-01 03:59,POS,debit,45000,Mama Put Kitchen,,POS purchase,successful,yes,,,,,,ENT732687197950,73500
TXN-005309,CUS-0430,9922159393,2026-08-01 04:04,POS,debit,1500,Pharmacy Plus (fictional),,POS purchase,successful,yes,,,,,,ENT427931816921,213500
TXN-000422,CUS-0035,9955689832,2026-08-01 04:07,TRANSFER,debit,50000,Ikenna O*****e,Fictional Trust Bank,Transfer,successful,yes,yes,,,,,ENT792443121072,2475500
TXN-005648,CUS-0457,9951470242,2026-08-01 04:31,TRANSFER,debit,5000,Blessing A*****o,Fictional Trust Bank,Transfer,successful,yes,yes,,,,,ENT669936668749,111500
TXN-000112,CUS-0010,9928379298,2026-08-01 04:39,POS,debit,1500,Pharmacy Plus (fictional),,POS purchase,successful,yes,,,,,,ENT526345779334,283500
TXN-002461,CUS-0200,9967769593,2026-08-01 05:23,POS,debit,3500,Filling Station (fictional),,POS purchase,successful,yes,,,,,,ENT740873409514,2635000
TXN-005847,CUS-0473,9956177643,2026-08-01 05:59,POS,debit,3500,Lekki Luxury Stores,,POS purchase,successful,yes,,,,,,ENT772823243726,106100
TXN-003035,CUS-0244,9931572552,2026-08-01 06:58,WEB,debit,9900,Bolt-like Rides (fictional),,Online card payment,successful,yes,,,,,,ENT473892951518,205100
TXN-002520,CUS-0205,9904236164,2026-08-01 07:00,POS,debit,7800,StreamFlix (fictional),,POS purchase,successful,yes,,,,,,ENT219010730809,206700
TXN-003261,CUS-0263,9950345134,2026-08-01 07:02,WEB,debit,4500,QuickBuy Online (fictional),,Online card payment,successful,yes,,,,,,ENT407044638251,193500
TXN-005021,CUS-0407,9927834375,2026-08-01 07:24,POS,debit,12500,Lekki Luxury Stores,,POS purchase,successful,yes,,,,,,ENT229493864951,107500
TXN-000488,CUS-0041,9902520161,2026-08-01 07:27,ATM,debit,10000,Other bank ATM,,ATM withdrawal,successful,yes,,no,,,,ENT567608980744,1267500
TXN-004956,CUS-0401,9916928668,2026-08-01 07:59,POS,debit,45000,ShopRite-like Store (fictional),,POS purchase,successful,yes,,,,,,ENT307402553434,167500
TXN-002740,CUS-0222,9943397743,2026-08-01 08:24,POS,debit,22000,Lekki Luxury Stores,,POS purchase,successful,yes,,,,,,ENT789508252273,695500
TXN-004874,CUS-0395,9969124143,2026-08-01 08:47,USSD,debit,2000,Airtime (fictional network),,Airtime purchase,successful,yes,,,,,,ENT974853016658,118000
TXN-004471,CUS-0363,9914265763,2026-08-01 09:00,POS,debit,45000,Bolt-like Rides (fictional),,POS purchase,successful,yes,,,,,,ENT253422934153,2590000
TXN-004120,CUS-0335,9937290469,2026-08-01 09:08,USSD,debit,500,Airtime (fictional network),,Airtime purchase,successful,yes,,,,,,ENT125839729516,1199500
TXN-003553,CUS-0287,9969449775,2026-08-01 09:17,POS,debit,3500,Lekki Luxury Stores,,POS purchase,successful,yes,,,,,,ENT633388910722,150000
TXN-002950,CUS-0238,9937467651,2026-08-01 09:40,POS,debit,7800,Market Stall POS,,POS purchase,successful,yes,,,,,,ENT196508482860,242200
TXN-003773,CUS-0305,9912573853,2026-08-01 09:43,USSD,debit,500,Airtime (fictional network),,Airtime purchase,successful,yes,,,,,,ENT705668084595,154500
TXN-005190,CUS-0421,9917263678,2026-08-01 10:06,POS,debit,45000,ShopRite-like Store (fictional),,POS purchase,successful,yes,,,,,,ENT562306018931,155000
TXN-003884,CUS-0315,9960596727,2026-08-01 10:10,TRANSFER,debit,35000,Chiamaka N***i,Sample Savings Bank,Transfer,successful,yes,yes,,,,,ENT708855267381,1111500
TXN-002448,CUS-0199,9916644726,2026-08-01 10:29,TRANSFER,debit,10000,Ebere F*****a,Placeholder Bank,Transfer,successful,yes,yes,,,,,ENT984438939705,475000
TXN-002676,CUS-0217,9923754061,2026-08-01 10:39,POS,debit,7800,Bolt-like Rides (fictional),,POS purchase,successful,yes,,,,,,ENT555060418220,707200
TXN-004649,CUS-0377,9956948792,2026-08-01 11:14,USSD,debit,2000,Airtime (fictional network),,Airtime purchase,successful,yes,,,,,,ENT337999602858,328000
TXN-002598,CUS-0211,9909502592,2026-08-01 11:31,POS,debit,22000,StreamFlix (fictional),,POS purchase,successful,yes,,,,,,ENT786613505390,171000
TXN-005151,CUS-0417,9965144969,2026-08-01 11:33,POS,debit,1500,StreamFlix (fictional),,POS purchase,successful,yes,,,,,,ENT799980323965,868500
TXN-002210,CUS-0180,9927751519,2026-08-01 11:38,TRANSFER,debit,20000,Tope E****m,Fictional Trust Bank,Transfer,successful,yes,yes,,,,,ENT493543710805,3115000
TXN-005859,CUS-0474,9967078673,2026-08-01 11:59,POS,debit,1500,Filling Station (fictional),,POS purchase,successful,yes,,,,,,ENT297889556932,212000
TXN-003918,CUS-0318,9973536623,2026-08-01 12:00,TRANSFER,debit,100000,Bisola E****g,Placeholder Bank,Transfer,successful,yes,yes,,,,,ENT462550792675,946500
TXN-005654,CUS-0458,9904367085,2026-08-01 12:14,TRANSFER,debit,5000,Emeka N***u,Demo Microfinance Bank,Transfer,successful,yes,yes,,,,,ENT296345682201,224000
TXN-003381,CUS-0273,9935986265,2026-08-01 12:19,USSD,debit,5000,Airtime (fictional network),,Airtime purchase,successful,yes,,,,,,ENT969856713381,325000
TXN-004893,CUS-0396,9979503876,2026-08-01 12:24,USSD,debit,500,Airtime (fictional network),,Airtime purchase,successful,yes,,,,,,ENT524808508284,497000
TXN-001486,CUS-0122,9920453316,2026-08-01 12:54,TRANSFER,debit,20000,Fatima I*e,Fictional Trust Bank,Transfer,successful,yes,yes,,,,,ENT343404080850,2580000
TXN-002411,CUS-0196,9967074401,2026-08-01 13:06,POS,debit,3500,QuickBuy Online (fictional),,POS purchase,successful,yes,,,,,,ENT122266918690,241500
TXN-005944,CUS-0481,9939475693,2026-08-01 13:23,POS,debit,7800,ShopRite-like Store (fictional),,POS purchase,successful,yes,,,,,,ENT162941471851,270200
TXN-002803,CUS-0227,9986617876,2026-08-01 14:04,POS,debit,12500,Filling Station (fictional),,POS purchase,successful,yes,,,,,,ENT272736843458,2585500
TXN-005339,CUS-0433,9973633995,2026-08-01 14:17,TRANSFER,debit,35000,Lola F*****a,Fictional Trust Bank,Transfer,successful,yes,yes,,,,,ENT702935666868,1005000
TXN-003203,CUS-0258,9911119929,2026-08-01 14:27,ATM,debit,10000,Other bank ATM,,ATM withdrawal,successful,yes,,no,,,,ENT100933443565,1027200
TXN-001757,CUS-0144,9986071964,2026-08-01 14:29,TRANSFER,debit,5000,Wale A*****o,Quick Fictional Bank,Transfer,successful,yes,yes,,,,,ENT615304162619,280000
TXN-004063,CUS-0330,9955477122,2026-08-01 14:32,POS,debit,1500,QuickBuy Online (fictional),,POS purchase,successful,yes,,,,,,ENT418024913726,2633500
TXN-005099,CUS-0413,9988958664,2026-08-01 14:55,USSD,debit,5000,Airtime (fictional network),,Airtime purchase,successful,yes,,,,,,ENT805846329049,2611500
TXN-002460,CUS-0200,9967769593,2026-08-01 15:25,TRANSFER,debit,50000,Esther O******n,Sample Savings Bank,Transfer,successful,yes,yes,,,,,ENT579150470775,2585000
TXN-004748,CUS-0385,9986616742,2026-08-01 15:43,POS,debit,7800,Pharmacy Plus (fictional),,POS purchase,successful,yes,,,,,,ENT898711324390,2622200
TXN-004067,CUS-0330,9955477122,2026-08-01 15:47,POS,debit,1500,Market Stall POS,,POS purchase,successful,yes,,,,,,ENT589964925848,2632000
TXN-000130,CUS-0011,9983601610,2026-08-01 15:48,TRANSFER,debit,20000,Obinna S***u,Quick Fictional Bank,Transfer,successful,yes,yes,,,,,ENT279261369232,176500
TXN-004583,CUS-0372,9937583244,2026-08-01 17:01,TRANSFER,debit,50000,Emeka O******i,Quick Fictional Bank,Transfer,successful,yes,yes,,,,,ENT521582223296,1026000
TXN-001139,CUS-0094,9962528456,2026-08-01 17:22,ATM,debit,40000,ENTIN ATM,,ATM withdrawal,successful,yes,,yes,,,,ENT164375638471,44500
TXN-005165,CUS-0418,9975201362,2026-08-01 17:43,POS,debit,22000,Market Stall POS,,POS purchase,successful,yes,,,,,,ENT515445642401,3085200
TXN-003828,CUS-0310,9928648156,2026-08-01 17:57,WEB,debit,15000,Lekki Luxury Stores,,Online card payment,successful,yes,,,,,,ENT463307046502,254500
TXN-001089,CUS-0090,9945011459,2026-08-01 18:26,POS,debit,12500,QuickBuy Online (fictional),,POS purchase,successful,yes,,,,,,ENT629060433490,132500
TXN-003430,CUS-0277,9900602652,2026-08-01 18:35,POS,debit,1500,Mama Put Kitchen,,POS purchase,successful,yes,,,,,,ENT462968835236,983500
TXN-006099,CUS-0493,9914772348,2026-08-01 18:36,TRANSFER,debit,20000,Aisha B****y,Sample Savings Bank,Transfer,successful,yes,yes,,,,,ENT377173552955,665000
TXN-002562,CUS-0208,9908562995,2026-08-01 18:44,TRANSFER,debit,10000,Kunle I***s,Quick Fictional Bank,Transfer,successful,yes,yes,,,,,ENT844794750711,2732200
TXN-001331,CUS-0109,9926445274,2026-08-01 18:59,POS,debit,3500,Filling Station (fictional),,POS purchase,successful,yes,,,,,,ENT144035436047,386500
TXN-006124,CUS-0495,9921089129,2026-08-01 19:04,POS,debit,22000,Lekki Luxury Stores,,POS purchase,successful,yes,,,,,,ENT358923756568,1276500
TXN-003370,CUS-0272,9940071152,2026-08-01 19:20,POS,debit,7800,Bolt-like Rides (fictional),,POS purchase,successful,yes,,,,,,ENT774716821384,137200
TXN-004398,CUS-0357,9982452077,2026-08-01 19:54,POS,debit,22000,StreamFlix (fictional),,POS purchase,successful,yes,,,,,,ENT348019669016,526000
TXN-000223,CUS-0019,9953801291,2026-08-01 20:04,POS,debit,7800,ShopRite-like Store (fictional),,POS purchase,successful,yes,,,,,,ENT901426480163,277200
TXN-000379,CUS-0032,9941968982,2026-08-01 20:09,POS,debit,1500,QuickBuy Online (fictional),,POS purchase,successful,yes,,,,,,ENT636334725977,2575700
TXN-004411,CUS-0358,9954026859,2026-08-01 20:10,TRANSFER,debit,100000,Tunde E*e,Sample Savings Bank,Transfer,successful,yes,yes,,,,,ENT563552793028,181500
TXN-000636,CUS-0052,9965013327,2026-08-01 20:11,POS,debit,7800,QuickBuy Online (fictional),,POS purchase,successful,yes,,,,,,ENT457508987520,2574700
TXN-004723,CUS-0383,9903971634,2026-08-01 20:14,ATM,debit,20000,ENTIN ATM,,ATM withdrawal,successful,yes,,yes,,,,ENT427286987244,1030000
TXN-005540,CUS-0449,9921814877,2026-08-01 20:51,POS,debit,7800,Pharmacy Plus (fictional),,POS purchase,successful,yes,,,,,,ENT869254826451,502200
TXN-004998,CUS-0405,9968853106,2026-08-01 21:14,USSD,debit,5000,Airtime (fictional network),,Airtime purchase,successful,yes,,,,,,ENT567555422674,325000
TXN-001130,CUS-0094,9962528456,2026-08-01 21:15,ATM,debit,10000,ENTIN ATM,,ATM withdrawal,successful,yes,,yes,,,,ENT967936356271,34500
TXN-003822,CUS-0310,9928648156,2026-08-01 21:22,TRANSFER,debit,100000,Femi F*****a,Sample Savings Bank,Transfer,successful,yes,yes,,,,,ENT288375512919,154500
TXN-004115,CUS-0334,9962266421,2026-08-01 21:32,WEB,debit,15000,StreamFlix (fictional),,Online card payment,successful,yes,,,,,,ENT839952332420,1531500
TXN-003331,CUS-0269,9936756441,2026-08-01 22:10,WEB,debit,15000,StreamFlix (fictional),,Online card payment,successful,yes,,,,,,ENT964703484513,2855500
TXN-000113,CUS-0010,9928379298,2026-08-01 22:30,ATM,debit,10000,ENTIN ATM,,ATM withdrawal,successful,yes,,yes,,,,ENT747817364849,273500
TXN-001257,CUS-0104,9910528659,2026-08-01 22:33,USSD,debit,2000,Airtime (fictional network),,Airtime purchase,successful,yes,,,,,,ENT355328939374,455500
TXN-005210,CUS-0422,9981759426,2026-08-01 22:37,TRANSFER,debit,50000,Ronke N***i,Demo Microfinance Bank,Transfer,successful,yes,yes,,,,,ENT816986941154,1026000
TXN-000632,CUS-0052,9965013327,2026-08-01 22:38,TRANSFER,debit,50000,Daniel A*****a,Placeholder Bank,Transfer,successful,yes,yes,,,,,ENT777615666187,2524700
TXN-002511,CUS-0204,9937567822,2026-08-01 23:18,POS,debit,22000,QuickBuy Online (fictional),,POS purchase,successful,yes,,,,,,ENT740068052655,356000
TXN-006189,CUS-0500,9934447608,2026-08-01 23:25,TRANSFER,debit,10000,Aisha A*****e,Sample Savings Bank,Transfer,successful,yes,yes,,,,,ENT266929234616,768000
TXN-004245,CUS-0345,9954456726,2026-08-01 23:36,ATM,debit,20000,Other bank ATM,,ATM withdrawal,successful,yes,,no,,,,ENT122152831136,232200
TXN-001567,CUS-0128,9943949119,2026-08-01 23:41,POS,debit,3500,Filling Station (fictional),,POS purchase,successful,yes,,,,,,ENT848859658922,184500
TXN-001778,CUS-0146,9915789794,2026-08-01 23:52,POS,debit,1500,Pharmacy Plus (fictional),,POS purchase,successful,yes,,,,,,ENT639710824499,325000
TXN-005303,CUS-0430,9922159393,2026-08-02 00:29,TRANSFER,debit,35000,Aisha F*****a,Quick Fictional Bank,Transfer,successful,yes,yes,,,,,ENT805653556181,178500
TXN-006061,CUS-0490,9997818827,2026-08-02 00:39,POS,debit,45000,Market Stall POS,,POS purchase,successful,yes,,,,,,ENT895615463072,940000
TXN-002259,CUS-0184,9912799315,2026-08-02 00:41,ATM,debit,20000,Other bank ATM,,ATM withdrawal,successful,yes,,no,,,,ENT600341752769,1280000
TXN-003285,CUS-0265,9913982658,2026-08-02 01:01,TRANSFER,debit,20000,Lola O******i,Quick Fictional Bank,Transfer,successful,yes,yes,,,,,ENT338139019644,500000
TXN-005118,CUS-0415,9933680819,2026-08-02 01:09,POS,debit,45000,QuickBuy Online (fictional),,POS purchase,successful,yes,,,,,,ENT662903749102,277500
TXN-000068,CUS-0006,9988766344,2026-08-02 01:32,POS,debit,7800,ShopRite-like Store (fictional),,POS purchase,successful,yes,,,,,,ENT418212124323,949400
TXN-002287,CUS-0186,9978728285,2026-08-02 01:53,POS,debit,12500,QuickBuy Online (fictional),,POS purchase,successful,yes,,,,,,ENT631001638376,2545000
TXN-000236,CUS-0020,9969256663,2026-08-02 02:03,TRANSFER,debit,50000,Hauwa N***u,Fictional Trust Bank,Transfer,successful,yes,yes,,,,,ENT174790569954,3093500
TXN-000046,CUS-0004,9989768469,2026-08-02 02:20,POS,debit,45000,StreamFlix (fictional),,POS purchase,successful,yes,,,,,,ENT312598101117,1033500
TXN-004639,CUS-0376,9965266631,2026-08-02 02:57,USSD,debit,5000,Airtime (fictional network),,Airtime purchase,successful,yes,,,,,,ENT647232856525,75000
TXN-003211,CUS-0259,9978482991,2026-08-02 03:05,POS,debit,22000,Bolt-like Rides (fictional),,POS purchase,successful,yes,,,,,,ENT947271046625,298000
TXN-005717,CUS-0463,9930718439,2026-08-02 04:09,TRANSFER,debit,10000,Kelechi L***l,Sample Savings Bank,Transfer,successful,yes,yes,,,,,ENT871565911538,450000
TXN-003269,CUS-0264,9910453125,2026-08-02 04:15,WEB,debit,2500,Bolt-like Rides (fictional),,Online card payment,successful,yes,,,,,,ENT920668080859,162500
TXN-004370,CUS-0355,9924902182,2026-08-02 04:18,POS,debit,45000,ShopRite-like Store (fictional),,POS purchase,successful,yes,,,,,,ENT985792925716,134500
TXN-004798,CUS-0389,9985163816,2026-08-02 04:24,TRANSFER,debit,10000,Bukola L***l,Demo Microfinance Bank,Transfer,successful,yes,yes,,,,,ENT962879783592,425000
TXN-002263,CUS-0184,9912799315,2026-08-02 04:25,TRANSFER,debit,5000,Kelechi A*****o,Quick Fictional Bank,Transfer,successful,yes,yes,,,,,ENT905006132933,1275000
TXN-001632,CUS-0133,9965679951,2026-08-02 04:38,POS,debit,1500,StreamFlix (fictional),,POS purchase,successful,yes,,,,,,ENT977309857249,173500
TXN-005383,CUS-0436,9957764503,2026-08-02 04:38,POS,debit,7800,Market Stall POS,,POS purchase,successful,yes,,,,,,ENT244561175424,1269700
TXN-003129,CUS-0252,9937906660,2026-08-02 04:47,USSD,debit,2000,Airtime (fictional network),,Airtime purchase,successful,yes,,,,,,ENT658526021576,995200
TXN-005538,CUS-0449,9921814877,2026-08-02 04:49,POS,debit,3500,Pharmacy Plus (fictional),,POS purchase,successful,yes,,,,,,ENT294088776076,498700
TXN-001524,CUS-0125,9939285100,2026-08-02 05:21,TRANSFER,debit,35000,Godwin O*u,Demo Microfinance Bank,Transfer,successful,yes,yes,,,,,ENT896540745129,984500
TXN-002968,CUS-0239,9963646907,2026-08-02 05:24,POS,debit,3500,Filling Station (fictional),,POS purchase,successful,yes,,,,,,ENT739697234854,516500
TXN-005011,CUS-0406,9986833881,2026-08-02 05:45,TRANSFER,debit,100000,Zainab B***o,Demo Microfinance Bank,Transfer,successful,yes,yes,,,,,ENT359395356934,14500
TXN-005181,CUS-0420,9939184404,2026-08-02 06:02,POS,debit,12500,Filling Station (fictional),,POS purchase,successful,yes,,,,,,ENT747531508379,1006500
TXN-001191,CUS-0098,9958025797,2026-08-02 06:03,TRANSFER,debit,10000,Uche A***n,Fictional Trust Bank,Transfer,successful,yes,yes,,,,,ENT564189780816,723000
TXN-004500,CUS-0365,9966800555,2026-08-02 06:07,TRANSFER,debit,50000,Grace O****e,Demo Microfinance Bank,Transfer,successful,yes,yes,,,,,ENT256639102236,1100000
TXN-003887,CUS-0315,9960596727,2026-08-02 06:20,USSD,debit,500,Airtime (fictional network),,Airtime purchase,successful,yes,,,,,,ENT299337158437,1111000
TXN-006024,CUS-0487,9989218380,2026-08-02 06:50,POS,debit,45000,Market Stall POS,,POS purchase,successful,yes,,,,,,ENT214801767112,1035000
TXN-000613,CUS-0050,9988645732,2026-08-02 07:04,USSD,debit,2000,Airtime (fictional network),,Airtime purchase,successful,yes,,,,,,ENT978928366629,278000
TXN-001046,CUS-0087,9967779214,2026-08-02 07:46,POS,debit,22000,StreamFlix (fictional),,POS purchase,successful,yes,,,,,,ENT284698119301,1178000
TXN-002075,CUS-0169,9984249158,2026-08-02 08:33,POS,debit,12500,Filling Station (fictional),,POS purchase,successful,yes,,,,,,ENT742554225762,422500
TXN-004598,CUS-0373,9932052387,2026-08-02 09:22,POS,debit,7800,Mama Put Kitchen,,POS purchase,successful,yes,,,,,,ENT344089804463,27200
TXN-004921,CUS-0398,9963495400,2026-08-02 09:39,TRANSFER,debit,5000,Daniel A***u,Placeholder Bank,Transfer,successful,yes,yes,,,,,ENT309192799920,380000
TXN-003543,CUS-0286,9930900140,2026-08-02 10:35,WEB,debit,2500,Bolt-like Rides (fictional),,Online card payment,successful,yes,,,,,,ENT356088486066,2617500
TXN-000302,CUS-0025,9948452630,2026-08-02 11:14,TRANSFER,debit,50000,Ese A***u,Quick Fictional Bank,Transfer,successful,yes,yes,,,,,ENT823558828302,490200
TXN-005756,CUS-0466,9921435033,2026-08-02 12:01,TRANSFER,debit,100000,Seun E**m,Sample Savings Bank,Transfer,successful,yes,yes,,,,,ENT887981279868,572500
TXN-000187,CUS-0016,9982141621,2026-08-02 12:21,POS,debit,1500,Filling Station (fictional),,POS purchase,successful,yes,,,,,,ENT759199523538,478500
TXN-005781,CUS-0468,9916264223,2026-08-02 12:39,ATM,debit,20000,Other bank ATM,,ATM withdrawal,successful,yes,,no,,,,ENT281624810409,1176500
TXN-005160,CUS-0418,9975201362,2026-08-02 12:42,POS,debit,12500,Pharmacy Plus (fictional),,POS purchase,successful,yes,,,,,,ENT503479874008,3072700
TXN-005363,CUS-0434,9998934709,2026-08-02 12:51,TRANSFER,debit,35000,Uche E*e,Sample Savings Bank,Transfer,successful,yes,yes,,,,,ENT719080074458,404600
TXN-004872,CUS-0395,9969124143,2026-08-02 13:36,POS,debit,12500,Bolt-like Rides (fictional),,POS purchase,successful,yes,,,,,,ENT812939848024,105500
TXN-006163,CUS-0498,9973945097,2026-08-02 13:36,POS,debit,45000,Lekki Luxury Stores,,POS purchase,successful,yes,,,,,,ENT112024881005,1005000
TXN-002790,CUS-0226,9909301930,2026-08-02 13:40,POS,debit,7800,Lekki Luxury Stores,,POS purchase,successful,yes,,,,,,ENT119244496306,322200
TXN-004152,CUS-0337,9928921183,2026-08-02 14:06,WEB,debit,15000,Lekki Luxury Stores,,Online card payment,successful,yes,,,,,,ENT784810420654,2884500
TXN-005059,CUS-0410,9922696173,2026-08-02 14:55,POS,debit,1500,Pharmacy Plus (fictional),,POS purchase,successful,yes,,,,,,ENT579753002254,162000
TXN-002576,CUS-0209,9986925245,2026-08-02 15:05,TRANSFER,debit,10000,Ibrahim O*****e,Placeholder Bank,Transfer,successful,yes,yes,,,,,ENT877138319942,423000
TXN-003153,CUS-0254,9910485144,2026-08-02 15:05,TRANSFER,debit,50000,Ese O*****o,Fictional Trust Bank,Transfer,successful,yes,yes,,,,,ENT113984941768,1460000
TXN-006179,CUS-0499,9952647161,2026-08-02 15:10,TRANSFER,debit,5000,Emeka O****e,Sample Savings Bank,Transfer,successful,yes,yes,,,,,ENT794857925778,196000
TXN-004568,CUS-0371,9907694305,2026-08-02 16:52,TRANSFER,debit,50000,Hauwa D*****a,Fictional Trust Bank,Transfer,successful,yes,yes,,,,,ENT172426045798,70000
TXN-003993,CUS-0324,9957360445,2026-08-02 17:33,POS,debit,45000,Filling Station (fictional),,POS purchase,successful,yes,,,,,,ENT431838517332,1005000
TXN-005609,CUS-0454,9915943156,2026-08-02 17:57,USSD,debit,2000,Airtime (fictional network),,Airtime purchase,successful,yes,,,,,,ENT725891862512,2583000
TXN-002736,CUS-0222,9943397743,2026-08-02 18:17,POS,debit,45000,Filling Station (fictional),,POS purchase,successful,yes,,,,,,ENT761934025321,650500
TXN-000744,CUS-0062,9913785222,2026-08-02 18:35,POS,debit,1500,Market Stall POS,,POS purchase,successful,yes,,,,,,ENT286925137711,1248500
TXN-006134,CUS-0496,9992039930,2026-08-02 18:43,POS,debit,12500,Pharmacy Plus (fictional),,POS purchase,successful,yes,,,,,,ENT628885813629,2757500
TXN-001695,CUS-0139,9928539598,2026-08-02 19:10,TRANSFER,debit,50000,Obinna Y***f,Sample Savings Bank,Transfer,successful,yes,yes,,,,,ENT776868612184,2850000
TXN-001275,CUS-0105,9972234888,2026-08-02 19:11,TRANSFER,debit,20000,Aisha S**e,Sample Savings Bank,Transfer,successful,yes,yes,,,,,ENT740783839551,635100
TXN-001947,CUS-0159,9941946065,2026-08-02 19:30,POS,debit,45000,Bolt-like Rides (fictional),,POS purchase,successful,yes,,,,,,ENT752832849063,663500
TXN-005377,CUS-0436,9957764503,2026-08-02 19:59,POS,debit,3500,Bolt-like Rides (fictional),,POS purchase,successful,yes,,,,,,ENT969775127019,1266200
TXN-000793,CUS-0066,9915141363,2026-08-02 20:11,ATM,debit,20000,ENTIN ATM,,ATM withdrawal,successful,yes,,yes,,,,ENT725153079728,2636500
TXN-002658,CUS-0216,9903471072,2026-08-02 20:16,WEB,debit,15000,Lekki Luxury Stores,,Online card payment,successful,yes,,,,,,ENT778815487610,2685000
TXN-004513,CUS-0366,9961438798,2026-08-02 20:25,POS,debit,7800,Market Stall POS,,POS purchase,successful,yes,,,,,,ENT136824721514,170300
TXN-001623,CUS-0132,9913900264,2026-08-02 20:36,ATM,debit,40000,Other bank ATM,,ATM withdrawal,successful,yes,,no,,,,ENT479957482305,2640000
TXN-001040,CUS-0086,9907016929,2026-08-02 20:38,TRANSFER,debit,5000,Maryam M**a,Quick Fictional Bank,Transfer,successful,yes,yes,,,,,ENT174135618570,250000
TXN-003507,CUS-0283,9992725775,2026-08-02 20:47,TRANSFER,debit,20000,Uche U**h,Demo Microfinance Bank,Transfer,successful,yes,yes,,,,,ENT305698349471,457200
TXN-000480,CUS-0040,9954177588,2026-08-02 21:32,USSD,debit,5000,Airtime (fictional network),,Airtime purchase,successful,yes,,,,,,ENT100866140528,562500
TXN-005483,CUS-0444,9984434096,2026-08-02 21:32,POS,debit,22000,Pharmacy Plus (fictional),,POS purchase,successful,yes,,,,,,ENT120304591827,263000
TXN-003393,CUS-0274,9955297955,2026-08-02 22:30,ATM,debit,40000,Other bank ATM,,ATM withdrawal,successful,yes,,no,,,,ENT201362953397,192200
TXN-002531,CUS-0206,9960946297,2026-08-02 22:53,USSD,debit,1000,Airtime (fictional network),,Airtime purchase,successful,yes,,,,,,ENT567382361434,844000
TXN-005561,CUS-0451,9961219558,2026-08-02 23:02,ATM,debit,10000,Other bank ATM,,ATM withdrawal,successful,yes,,no,,,,ENT588441398128,675000
TXN-003217,CUS-0259,9978482991,2026-08-02 23:12,POS,debit,22000,Filling Station (fictional),,POS purchase,successful,yes,,,,,,ENT184310682490,276000
TXN-002261,CUS-0184,9912799315,2026-08-02 23:15,POS,debit,1500,Filling Station (fictional),,POS purchase,successful,yes,,,,,,ENT701697087101,1273500
TXN-002137,CUS-0174,9904061872,2026-08-02 23:16,USSD,debit,5000,Airtime (fictional network),,Airtime purchase,successful,yes,,,,,,ENT739693936910,3137200
TXN-003168,CUS-0255,9927357934,2026-08-02 23:26,TRANSFER,debit,35000,Nnamdi B***o,Fictional Trust Bank,Transfer,successful,yes,yes,,,,,ENT482211427465,1020500
TXN-003442,CUS-0278,9932946850,2026-08-02 23:40,POS,debit,12500,Pharmacy Plus (fictional),,POS purchase,successful,yes,,,,,,ENT786687631613,787500
TXN-000107,CUS-0009,9993319084,2026-08-02 23:54,WEB,debit,2500,StreamFlix (fictional),,Online card payment,successful,yes,,,,,,ENT129458885135,2884700
TXN-001423,CUS-0117,9925219607,2026-08-03 00:03,WEB,debit,15000,QuickBuy Online (fictional),,Online card payment,successful,yes,,,,,,ENT445106955141,361500
TXN-002421,CUS-0197,9999876763,2026-08-03 00:36,TRANSFER,debit,50000,Godwin O*******i,Demo Microfinance Bank,Transfer,successful,yes,yes,,,,,ENT588679583454,748000
TXN-005638,CUS-0456,9972514839,2026-08-03 01:01,USSD,debit,5000,Airtime (fictional network),,Airtime purchase,successful,yes,,,,,,ENT791872722647,392200
TXN-001312,CUS-0108,9976125398,2026-08-03 01:18,WEB,debit,2500,StreamFlix (fictional),,Online card payment,successful,yes,,,,,,ENT730978565717,152500
TXN-002663,CUS-0216,9903471072,2026-08-03 01:18,TRANSFER,debit,35000,Gerald E**m,Placeholder Bank,Transfer,successful,yes,yes,,,,,ENT472136261186,2650000
TXN-004157,CUS-0338,9965503781,2026-08-03 01:23,POS,debit,45000,ShopRite-like Store (fictional),,POS purchase,successful,yes,,,,,,ENT835992184682,605000
TXN-003493,CUS-0282,9946306844,2026-08-03 02:10,TRANSFER,debit,10000,Adaeze A***n,Demo Microfinance Bank,Transfer,successful,yes,yes,,,,,ENT260543682387,1511000
TXN-002098,CUS-0171,9983851534,2026-08-03 02:26,TRANSFER,debit,100000,Seun O*i,Fictional Trust Bank,Transfer,successful,yes,yes,,,,,ENT821485162512,920000
TXN-003189,CUS-0257,9903889054,2026-08-03 02:29,USSD,debit,2000,Airtime (fictional network),,Airtime purchase,successful,yes,,,,,,ENT121820956657,1001000
TXN-002581,CUS-0209,9986925245,2026-08-03 02:57,POS,debit,3500,StreamFlix (fictional),,POS purchase,successful,yes,,,,,,ENT818087085441,419500
TXN-003250,CUS-0262,9969055121,2026-08-03 03:09,ATM,debit,40000,Other bank ATM,,ATM withdrawal,successful,yes,,no,,,,ENT874447047401,480000
TXN-005257,CUS-0426,9934548587,2026-08-03 03:16,ATM,debit,40000,ENTIN ATM,,ATM withdrawal,successful,yes,,yes,,,,ENT528032674525,445000
TXN-002257,CUS-0184,9912799315,2026-08-03 03:25,TRANSFER,debit,20000,Ibrahim U**r,Quick Fictional Bank,Transfer,successful,yes,yes,,,,,ENT964449563396,1253500
TXN-003911,CUS-0317,9938331314,2026-08-03 03:33,TRANSFER,debit,50000,Emmanuel E**t,Demo Microfinance Bank,Transfer,successful,yes,yes,,,,,ENT659876571176,341500
TXN-002170,CUS-0177,9940024094,2026-08-03 03:39,TRANSFER,debit,5000,Patience C****u,Sample Savings Bank,Transfer,successful,yes,yes,,,,,ENT197333364261,106500
TXN-002437,CUS-0198,9908529541,2026-08-03 03:51,POS,debit,1500,ShopRite-like Store (fictional),,POS purchase,successful,yes,,,,,,ENT159789731566,258000
TXN-003908,CUS-0317,9938331314,2026-08-03 04:02,USSD,debit,2000,Airtime (fictional network),,Airtime purchase,successful,yes,,,,,,ENT301779833212,339500
TXN-002959,CUS-0239,9963646907,2026-08-03 04:10,POS,debit,12500,Lekki Luxury Stores,,POS purchase,successful,yes,,,,,,ENT967917462568,504000
TXN-003707,CUS-0300,9986118151,2026-08-03 04:22,POS,debit,1500,ShopRite-like Store (fictional),,POS purchase,successful,yes,,,,,,ENT461247356804,328500
TXN-002449,CUS-0199,9916644726,2026-08-03 04:25,WEB,debit,4500,StreamFlix (fictional),,Online card payment,successful,yes,,,,,,ENT733048876998,470500
TXN-004570,CUS-0371,9907694305,2026-08-03 04:40,POS,debit,7800,StreamFlix (fictional),,POS purchase,successful,yes,,,,,,ENT202050708995,62200
TXN-004027,CUS-0327,9985785371,2026-08-03 04:49,ATM,debit,10000,ENTIN ATM,,ATM withdrawal,successful,yes,,yes,,,,ENT781966386092,705000
TXN-002893,CUS-0234,9902167309,2026-08-03 06:03,TRANSFER,debit,5000,Musa O*u,Quick Fictional Bank,Transfer,successful,yes,yes,,,,,ENT543827456617,3130500
TXN-002415,CUS-0196,9967074401,2026-08-03 06:09,POS,debit,22000,ShopRite-like Store (fictional),,POS purchase,successful,yes,,,,,,ENT960799469644,219500
TXN-004827,CUS-0391,9920137304,2026-08-03 06:10,WEB,debit,15000,Lekki Luxury Stores,,Online card payment,successful,yes,,,,,,ENT281507422712,724000
TXN-000995,CUS-0083,9950496570,2026-08-03 06:21,TRANSFER,debit,10000,Precious N***u,Quick Fictional Bank,Transfer,successful,yes,yes,,,,,ENT160689261723,205000
TXN-004755,CUS-0385,9986616742,2026-08-03 07:13,POS,debit,12500,ShopRite-like Store (fictional),,POS purchase,successful,yes,,,,,,ENT236262444685,2609700
TXN-000875,CUS-0073,9929770579,2026-08-03 07:23,POS,debit,3500,Pharmacy Plus (fictional),,POS purchase,successful,yes,,,,,,ENT515624677786,1136500
TXN-002909,CUS-0235,9953911045,2026-08-03 07:33,TRANSFER,debit,10000,Aminu A***n,Sample Savings Bank,Transfer,successful,yes,yes,,,,,ENT987220573349,568500
TXN-001986,CUS-0162,9936876480,2026-08-03 07:52,TRANSFER,debit,5000,Folake O*i,Sample Savings Bank,Transfer,successful,yes,yes,,,,,ENT737778555798,545000
TXN-001171,CUS-0097,9961807567,2026-08-03 09:41,WEB,debit,2500,Bolt-like Rides (fictional),,Online card payment,successful,yes,,,,,,ENT926988568544,2579000
TXN-003994,CUS-0324,9957360445,2026-08-03 09:47,USSD,debit,5000,Airtime (fictional network),,Airtime purchase,successful,yes,,,,,,ENT227871402078,1000000
TXN-000389,CUS-0033,9940720754,2026-08-03 09:58,POS,debit,3500,Market Stall POS,,POS purchase,successful,yes,,,,,,ENT608900071236,1010000
TXN-004324,CUS-0351,9935890704,2026-08-03 10:15,TRANSFER,debit,10000,Bello U**h,Fictional Trust Bank,Transfer,successful,yes,yes,,,,,ENT153212269969,220000
TXN-000476,CUS-0040,9954177588,2026-08-03 10:22,TRANSFER,debit,35000,Yusuf E****m,Sample Savings Bank,Transfer,successful,yes,yes,,,,,ENT676498121034,527500
TXN-001083,CUS-0090,9945011459,2026-08-03 10:31,USSD,debit,5000,Airtime (fictional network),,Airtime purchase,successful,yes,,,,,,ENT650561462270,127500
TXN-005871,CUS-0475,9942169114,2026-08-03 10:51,ATM,debit,40000,Other bank ATM,,ATM withdrawal,successful,yes,,no,,,,ENT916993397163,286500
TXN-003962,CUS-0321,9964528363,2026-08-03 11:05,TRANSFER,debit,20000,Seun O*****e,Sample Savings Bank,Transfer,successful,yes,yes,,,,,ENT938059330436,492500
TXN-002355,CUS-0192,9988642115,2026-08-03 11:28,TRANSFER,debit,10000,Abubakar E****g,Placeholder Bank,Transfer,successful,yes,yes,,,,,ENT980780666029,635000
TXN-004676,CUS-0379,9983308485,2026-08-03 11:53,TRANSFER,debit,20000,Folake A*****o,Sample Savings Bank,Transfer,successful,yes,yes,,,,,ENT739026476274,890000
TXN-000938,CUS-0078,9938696953,2026-08-03 12:23,ATM,debit,20000,Other bank ATM,,ATM withdrawal,successful,yes,,no,,,,ENT677681214032,2655000
TXN-001537,CUS-0126,9983579996,2026-08-03 12:36,POS,debit,1500,ShopRite-like Store (fictional),,POS purchase,successful,yes,,,,,,ENT360149319243,763500
TXN-005086,CUS-0412,9954372850,2026-08-03 12:40,TRANSFER,debit,100000,Joy E****g,Demo Microfinance Bank,Transfer,successful,yes,yes,,,,,ENT924830520626,412200
TXN-003972,CUS-0322,9949912955,2026-08-03 12:48,POS,debit,1500,QuickBuy Online (fictional),,POS purchase,successful,yes,,,,,,ENT751572074087,2570700
TXN-005547,CUS-0449,9921814877,2026-08-03 12:51,ATM,debit,20000,Other bank ATM,,ATM withdrawal,successful,yes,,no,,,,ENT478806834154,478700
TXN-006020,CUS-0487,9989218380,2026-08-03 12:52,USSD,debit,500,Airtime (fictional network),,Airtime purchase,successful,yes,,,,,,ENT384331024239,1034500
TXN-002359,CUS-0192,9988642115,2026-08-03 13:28,WEB,debit,4500,Lekki Luxury Stores,,Online card payment,successful,yes,,,,,,ENT749108682767,630500
TXN-002637,CUS-0214,9980024371,2026-08-03 13:53,POS,debit,45000,Pharmacy Plus (fictional),,POS purchase,successful,yes,,,,,,ENT459610738812,965200
TXN-002280,CUS-0186,9978728285,2026-08-03 13:55,POS,debit,22000,StreamFlix (fictional),,POS purchase,successful,yes,,,,,,ENT806749260248,2523000
TXN-000686,CUS-0057,9939955156,2026-08-03 14:23,TRANSFER,debit,20000,Abubakar I*e,Sample Savings Bank,Transfer,successful,yes,yes,,,,,ENT933698665939,680500
TXN-005655,CUS-0458,9904367085,2026-08-03 14:30,POS,debit,7800,Market Stall POS,,POS purchase,successful,yes,,,,,,ENT857431926207,216200
TXN-004917,CUS-0398,9963495400,2026-08-03 14:32,ATM,debit,10000,ENTIN ATM,,ATM withdrawal,successful,yes,,yes,,,,ENT650891139618,370000
TXN-005837,CUS-0472,9933859016,2026-08-03 14:42,TRANSFER,debit,50000,Kemi A*******i,Placeholder Bank,Transfer,successful,yes,yes,,,,,ENT501322447018,1019700
TXN-003043,CUS-0245,9974242558,2026-08-03 15:08,ATM,debit,40000,ENTIN ATM,,ATM withdrawal,successful,yes,,yes,,,,ENT104614427001,3105000
TXN-001878,CUS-0154,9973621841,2026-08-03 15:38,ATM,debit,10000,ENTIN ATM,,ATM withdrawal,successful,yes,,yes,,,,ENT691306197276,555000
TXN-000945,CUS-0078,9938696953,2026-08-03 15:49,TRANSFER,debit,35000,Hadiza O***o,Demo Microfinance Bank,Transfer,successful,yes,yes,,,,,ENT853425940377,2620000
TXN-006030,CUS-0488,9947422699,2026-08-03 15:51,TRANSFER,debit,20000,Lola N***u,Quick Fictional Bank,Transfer,successful,yes,yes,,,,,ENT157541835797,240000
TXN-002826,CUS-0229,9993322503,2026-08-03 15:54,USSD,debit,2000,Airtime (fictional network),,Airtime purchase,successful,yes,,,,,,ENT369088534329,560500
TXN-001090,CUS-0090,9945011459,2026-08-03 16:02,TRANSFER,debit,100000,Bisola O*****o,Quick Fictional Bank,Transfer,successful,yes,yes,,,,,ENT122506093912,27500
TXN-005020,CUS-0407,9927834375,2026-08-03 16:24,POS,debit,22000,ShopRite-like Store (fictional),,POS purchase,successful,yes,,,,,,ENT255075770107,85500
TXN-003423,CUS-0276,9997590170,2026-08-03 16:42,TRANSFER,debit,50000,Segun O*******i,Fictional Trust Bank,Transfer,successful,yes,yes,,,,,ENT742698024835,168500
TXN-004131,CUS-0336,9952764504,2026-08-03 17:11,USSD,debit,1000,Airtime (fictional network),,Airtime purchase,successful,yes,,,,,,ENT661348974477,744000
TXN-005912,CUS-0478,9926098818,2026-08-03 17:24,ATM,debit,10000,Other bank ATM,,ATM withdrawal,successful,yes,,no,,,,ENT664866920934,3116000
TXN-000534,CUS-0044,9933042845,2026-08-03 17:35,USSD,debit,500,Airtime (fictional network),,Airtime purchase,successful,yes,,,,,,ENT310532004845,917000
TXN-004651,CUS-0377,9956948792,2026-08-03 17:50,TRANSFER,debit,5000,Victor A*****o,Fictional Trust Bank,Transfer,successful,yes,yes,,,,,ENT523518672109,323000
TXN-003521,CUS-0284,9966833571,2026-08-03 18:15,ATM,debit,20000,ENTIN ATM,,ATM withdrawal,successful,yes,,yes,,,,ENT225829291531,1090000
TXN-003524,CUS-0284,9966833571,2026-08-03 18:30,POS,debit,22000,QuickBuy Online (fictional),,POS purchase,successful,yes,,,,,,ENT547120411118,1068000
TXN-000080,CUS-0007,9977876804,2026-08-03 18:33,USSD,debit,1000,Airtime (fictional network),,Airtime purchase,successful,yes,,,,,,ENT132653913083,439000
TXN-003187,CUS-0257,9903889054,2026-08-03 19:01,WEB,debit,15000,Lekki Luxury Stores,,Online card payment,successful,yes,,,,,,ENT320627932173,986000
TXN-004672,CUS-0379,9983308485,2026-08-03 19:02,USSD,debit,500,Airtime (fictional network),,Airtime purchase,successful,yes,,,,,,ENT311738037483,889500
TXN-000641,CUS-0053,9916354011,2026-08-03 19:19,ATM,debit,10000,Other bank ATM,,ATM withdrawal,successful,yes,,no,,,,ENT446604394505,2610000
TXN-005780,CUS-0468,9916264223,2026-08-03 19:31,USSD,debit,2000,Airtime (fictional network),,Airtime purchase,successful,yes,,,,,,ENT887790881875,1174500
TXN-002163,CUS-0176,9948340783,2026-08-03 20:06,POS,debit,22000,Pharmacy Plus (fictional),,POS purchase,successful,yes,,,,,,ENT421711035592,209000
TXN-002347,CUS-0191,9904355683,2026-08-03 20:06,USSD,debit,5000,Airtime (fictional network),,Airtime purchase,successful,yes,,,,,,ENT786696909273,209700
TXN-002037,CUS-0166,9936354926,2026-08-03 20:24,POS,debit,1500,Market Stall POS,,POS purchase,successful,yes,,,,,,ENT812133286729,688500
TXN-005683,CUS-0460,9955245029,2026-08-03 20:56,POS,debit,45000,Pharmacy Plus (fictional),,POS purchase,successful,yes,,,,,,ENT324830689009,537200
TXN-005046,CUS-0409,9926600363,2026-08-03 21:41,ATM,debit,40000,Other bank ATM,,ATM withdrawal,successful,yes,,no,,,,ENT272306641224,552000
TXN-004774,CUS-0387,9916279824,2026-08-03 22:16,ATM,debit,20000,ENTIN ATM,,ATM withdrawal,successful,yes,,yes,,,,ENT881424270259,2565000
TXN-005834,CUS-0472,9933859016,2026-08-03 22:22,TRANSFER,debit,10000,Godwin E****g,Demo Microfinance Bank,Transfer,successful,yes,yes,,,,,ENT270483877726,1009700
TXN-002220,CUS-0181,9983508472,2026-08-03 22:37,USSD,debit,1000,Airtime (fictional network),,Airtime purchase,successful,yes,,,,,,ENT988450227306,294000
TXN-003608,CUS-0292,9969206472,2026-08-03 22:55,TRANSFER,debit,5000,Wale A*******i,Quick Fictional Bank,Transfer,successful,yes,yes,,,,,ENT354465086151,645000
TXN-005191,CUS-0421,9917263678,2026-08-03 23:15,TRANSFER,debit,35000,Femi A*****i,Demo Microfinance Bank,Transfer,successful,yes,yes,,,,,ENT919371893645,120000
TXN-003943,CUS-0320,9939671395,2026-08-03 23:26,POS,debit,7800,Filling Station (fictional),,POS purchase,successful,yes,,,,,,ENT931101847083,384400
TXN-003974,CUS-0322,9949912955,2026-08-03 23:36,ATM,debit,40000,Other bank ATM,,ATM withdrawal,successful,yes,,no,,,,ENT232535445263,2530700
TXN-001864,CUS-0153,9979262701,2026-08-03 23:47,POS,debit,1500,ShopRite-like Store (fictional),,POS purchase,successful,yes,,,,,,ENT307610574978,324000
TXN-000348,CUS-0029,9914497660,2026-08-04 00:00,USSD,debit,2000,Airtime (fictional network),,Airtime purchase,successful,yes,,,,,,ENT574447510782,1018000
TXN-003266,CUS-0263,9950345134,2026-08-04 00:50,TRANSFER,debit,35000,Kemi E****g,Placeholder Bank,Transfer,successful,yes,yes,,,,,ENT598918251457,158500
TXN-001733,CUS-0142,9986367800,2026-08-04 01:26,POS,debit,22000,Bolt-like Rides (fictional),,POS purchase,successful,yes,,,,,,ENT245013687738,998000
TXN-001619,CUS-0132,9913900264,2026-08-04 01:36,TRANSFER,debit,35000,Ese M**a,Demo Microfinance Bank,Transfer,successful,yes,yes,,,,,ENT787040125285,2605000
TXN-002477,CUS-0201,9915856052,2026-08-04 01:45,ATM,debit,10000,Other bank ATM,,ATM withdrawal,successful,yes,,no,,,,ENT560984770477,1139500
TXN-000950,CUS-0079,9971711243,2026-08-04 01:59,POS,debit,22000,Filling Station (fictional),,POS purchase,successful,yes,,,,,,ENT411076939823,912000
TXN-000776,CUS-0064,9901461338,2026-08-04 02:01,POS,debit,1500,Pharmacy Plus (fictional),,POS purchase,successful,yes,,,,,,ENT585996838912,578500
TXN-005050,CUS-0409,9926600363,2026-08-04 02:43,TRANSFER,debit,5000,Fatima N***u,Placeholder Bank,Transfer,successful,yes,yes,,,,,ENT921856176818,547000
TXN-001832,CUS-0150,9986703642,2026-08-04 03:06,USSD,debit,500,Airtime (fictional network),,Airtime purchase,successful,yes,,,,,,ENT308137621911,1033500
TXN-002358,CUS-0192,9988642115,2026-08-04 03:35,TRANSFER,debit,10000,Ibrahim C****u,Placeholder Bank,Transfer,successful,yes,yes,,,,,ENT797098155003,620500
TXN-001381,CUS-0113,9918118331,2026-08-04 03:36,POS,debit,3500,ShopRite-like Store (fictional),,POS purchase,successful,yes,,,,,,ENT309677197394,1546500
TXN-001898,CUS-0155,9924565054,2026-08-04 03:50,POS,debit,12500,ShopRite-like Store (fictional),,POS purchase,successful,yes,,,,,,ENT401962184857,95000
TXN-000556,CUS-0046,9968179223,2026-08-04 03:58,TRANSFER,debit,100000,Amaka O*******i,Sample Savings Bank,Transfer,successful,yes,yes,,,,,ENT497926310336,880000
TXN-004604,CUS-0374,9931151207,2026-08-04 04:06,USSD,debit,2000,Airtime (fictional network),,Airtime purchase,successful,yes,,,,,,ENT778810690933,556000
TXN-006035,CUS-0488,9947422699,2026-08-04 04:21,POS,debit,7800,ShopRite-like Store (fictional),,POS purchase,successful,yes,,,,,,ENT309909069336,232200
TXN-003102,CUS-0250,9922213933,2026-08-04 04:40,POS,debit,3500,Bolt-like Rides (fictional),,POS purchase,successful,yes,,,,,,ENT209307554405,371500
TXN-004048,CUS-0329,9953759147,2026-08-04 05:10,POS,debit,3500,Filling Station (fictional),,POS purchase,successful,yes,,,,,,ENT905826925186,196000
TXN-002846,CUS-0230,9946252003,2026-08-04 05:50,POS,debit,45000,Pharmacy Plus (fictional),,POS purchase,successful,yes,,,,,,ENT524498268775,15000
TXN-003672,CUS-0297,9929017205,2026-08-04 05:55,POS,debit,12500,QuickBuy Online (fictional),,POS purchase,successful,yes,,,,,,ENT300471127050,1065000
TXN-002032,CUS-0166,9936354926,2026-08-04 05:58,POS,debit,45000,ShopRite-like Store (fictional),,POS purchase,successful,yes,,,,,,ENT161084330621,643500
TXN-002802,CUS-0227,9986617876,2026-08-04 06:03,POS,debit,12500,QuickBuy Online (fictional),,POS purchase,successful,yes,,,,,,ENT259491717466,2573000
TXN-001907,CUS-0156,9944565338,2026-08-04 06:39,POS,debit,22000,Bolt-like Rides (fictional),,POS purchase,successful,yes,,,,,,ENT375221364563,1268000
TXN-005716,CUS-0463,9930718439,2026-08-04 06:54,TRANSFER,debit,20000,Joy N***i,Placeholder Bank,Transfer,successful,yes,yes,,,,,ENT353783777828,430000
TXN-001429,CUS-0117,9925219607,2026-08-04 06:59,POS,debit,1500,Bolt-like Rides (fictional),,POS purchase,successful,yes,,,,,,ENT655198387792,360000
TXN-000216,CUS-0018,9946450604,2026-08-04 07:00,POS,debit,12500,StreamFlix (fictional),,POS purchase,successful,yes,,,,,,ENT276311814039,99000
TXN-001581,CUS-0129,9901919652,2026-08-04 07:26,ATM,debit,40000,ENTIN ATM,,ATM withdrawal,successful,yes,,yes,,,,ENT972069319647,172500
TXN-001353,CUS-0111,9960169676,2026-08-04 07:55,POS,debit,1500,ShopRite-like Store (fictional),,POS purchase,successful,yes,,,,,,ENT504462715331,336500
TXN-000598,CUS-0049,9996745219,2026-08-04 08:01,ATM,debit,20000,Other bank ATM,,ATM withdrawal,successful,yes,,no,,,,ENT887314342447,1495500
TXN-001204,CUS-0099,9936708878,2026-08-04 08:02,ATM,debit,20000,ENTIN ATM,,ATM withdrawal,successful,yes,,yes,,,,ENT725488478072,2652200
TXN-000757,CUS-0063,9948085347,2026-08-04 08:17,POS,debit,22000,Lekki Luxury Stores,,POS purchase,successful,yes,,,,,,ENT914051796839,243000
TXN-002395,CUS-0195,9911125736,2026-08-04 08:20,TRANSFER,debit,35000,Grace O***o,Sample Savings Bank,Transfer,successful,yes,yes,,,,,ENT353041047821,2465000
TXN-001769,CUS-0145,9912117405,2026-08-04 08:21,TRANSFER,debit,5000,Idara E****g,Quick Fictional Bank,Transfer,successful,yes,yes,,,,,ENT328716926824,705000
TXN-004479,CUS-0363,9914265763,2026-08-04 08:40,POS,debit,22000,Mama Put Kitchen,,POS purchase,successful,yes,,,,,,ENT973422915913,2568000
TXN-004447,CUS-0361,9980291368,2026-08-04 09:03,TRANSFER,debit,10000,Ngozi O***e,Placeholder Bank,Transfer,successful,yes,yes,,,,,ENT432512768320,288200
TXN-001957,CUS-0160,9945997181,2026-08-04 09:43,TRANSFER,debit,50000,Yusuf O******i,Demo Microfinance Bank,Transfer,successful,yes,yes,,,,,ENT251657432624,435000
TXN-005967,CUS-0483,9956134913,2026-08-04 09:46,ATM,debit,10000,ENTIN ATM,,ATM withdrawal,successful,yes,,yes,,,,ENT231367959522,225000
TXN-000323,CUS-0027,9935795111,2026-08-04 10:15,USSD,debit,500,Airtime (fictional network),,Airtime purchase,successful,yes,,,,,,ENT724493121420,1034500
TXN-002030,CUS-0166,9936354926,2026-08-04 10:28,USSD,debit,1000,Airtime (fictional network),,Airtime purchase,successful,yes,,,,,,ENT773676372222,642500
TXN-001810,CUS-0148,9929634769,2026-08-04 10:58,USSD,debit,1000,Airtime (fictional network),,Airtime purchase,successful,yes,,,,,,ENT977589270721,514000
TXN-001077,CUS-0089,9995292074,2026-08-04 11:43,POS,debit,1500,Pharmacy Plus (fictional),,POS purchase,successful,yes,,,,,,ENT835106300045,713500
TXN-001108,CUS-0092,9995444615,2026-08-04 11:53,POS,debit,7800,Market Stall POS,,POS purchase,successful,yes,,,,,,ENT476237158340,1282200
TXN-004420,CUS-0359,9954494020,2026-08-04 12:02,TRANSFER,debit,20000,Joy A*****i,Fictional Trust Bank,Transfer,successful,yes,yes,,,,,ENT663006254469,965000
TXN-000109,CUS-0009,9993319084,2026-08-04 12:36,POS,debit,12500,ShopRite-like Store (fictional),,POS purchase,successful,yes,,,,,,ENT201621820249,2872200
TXN-004572,CUS-0371,9907694305,2026-08-04 12:37,USSD,debit,500,Airtime (fictional network),,Airtime purchase,successful,yes,,,,,,ENT251516598821,61700
TXN-006009,CUS-0486,9956936295,2026-08-04 12:38,ATM,debit,20000,ENTIN ATM,,ATM withdrawal,successful,yes,,yes,,,,ENT605833833738,630000
TXN-001546,CUS-0126,9983579996,2026-08-04 13:13,USSD,debit,2000,Airtime (fictional network),,Airtime purchase,successful,yes,,,,,,ENT180841626378,761500
TXN-001316,CUS-0108,9976125398,2026-08-04 13:27,TRANSFER,debit,35000,Yemisi E****g,Placeholder Bank,Transfer,successful,yes,yes,,,,,ENT112599768331,117500
TXN-004756,CUS-0385,9986616742,2026-08-04 13:43,POS,debit,1500,Lekki Luxury Stores,,POS purchase,successful,yes,,,,,,ENT543681081416,2608200
TXN-006193,CUS-0500,9934447608,2026-08-04 14:01,TRANSFER,debit,100000,Tope S***u,Placeholder Bank,Transfer,successful,yes,yes,,,,,ENT577512960958,668000
TXN-002554,CUS-0207,9954079211,2026-08-04 14:22,ATM,debit,20000,ENTIN ATM,,ATM withdrawal,successful,yes,,yes,,,,ENT160005247898,92200
TXN-002801,CUS-0227,9986617876,2026-08-04 14:31,USSD,debit,1000,Airtime (fictional network),,Airtime purchase,successful,yes,,,,,,ENT811502485055,2572000
TXN-003647,CUS-0295,9991259758,2026-08-04 14:40,ATM,debit,20000,Other bank ATM,,ATM withdrawal,successful,yes,,no,,,,ENT253109986405,515000
TXN-005570,CUS-0451,9961219558,2026-08-04 14:55,USSD,debit,1000,Airtime (fictional network),,Airtime purchase,successful,yes,,,,,,ENT468854437193,674000
TXN-003497,CUS-0282,9946306844,2026-08-04 15:32,POS,debit,7800,Lekki Luxury Stores,,POS purchase,successful,yes,,,,,,ENT734201111663,1503200
TXN-003751,CUS-0304,9919484159,2026-08-04 15:35,ATM,debit,40000,Other bank ATM,,ATM withdrawal,successful,yes,,no,,,,ENT388908566599,1002500
TXN-001601,CUS-0131,9915379101,2026-08-04 15:48,TRANSFER,debit,35000,Samuel O*i,Demo Microfinance Bank,Transfer,successful,yes,yes,,,,,ENT742648643426,400000
TXN-000100,CUS-0009,9993319084,2026-08-04 15:55,POS,debit,12500,QuickBuy Online (fictional),,POS purchase,successful,yes,,,,,,ENT727566532765,2859700
TXN-002771,CUS-0224,9958085404,2026-08-04 16:18,POS,debit,22000,ShopRite-like Store (fictional),,POS purchase,successful,yes,,,,,,ENT434916214851,2498000
TXN-005060,CUS-0410,9922696173,2026-08-04 16:29,POS,debit,3500,Filling Station (fictional),,POS purchase,successful,yes,,,,,,ENT138395277173,158500
TXN-004961,CUS-0402,9957851156,2026-08-04 16:33,POS,debit,45000,Market Stall POS,,POS purchase,successful,yes,,,,,,ENT587268091365,550500
TXN-002715,CUS-0220,9986070448,2026-08-04 17:17,POS,debit,1500,Lekki Luxury Stores,,POS purchase,successful,yes,,,,,,ENT794282490850,383000
TXN-002433,CUS-0198,9908529541,2026-08-04 17:38,TRANSFER,debit,50000,Ikenna I**e,Quick Fictional Bank,Transfer,successful,yes,yes,,,,,ENT547157887740,208000
TXN-002248,CUS-0183,9902993351,2026-08-04 17:42,POS,debit,3500,StreamFlix (fictional),,POS purchase,successful,yes,,,,,,ENT831775730755,2577500
TXN-001437,CUS-0118,9975049979,2026-08-04 17:55,TRANSFER,debit,20000,Bisola N***i,Fictional Trust Bank,Transfer,successful,yes,yes,,,,,ENT213731904904,320000
TXN-005107,CUS-0414,9977024396,2026-08-04 17:56,POS,debit,12500,Filling Station (fictional),,POS purchase,successful,yes,,,,,,ENT972419725253,2667500
TXN-003397,CUS-0274,9955297955,2026-08-04 18:04,ATM,debit,10000,Other bank ATM,,ATM withdrawal,successful,yes,,no,,,,ENT842813464756,182200
TXN-004579,CUS-0372,9937583244,2026-08-04 18:15,POS,debit,22000,QuickBuy Online (fictional),,POS purchase,successful,yes,,,,,,ENT851073598283,1004000
TXN-001527,CUS-0125,9939285100,2026-08-04 20:31,ATM,debit,40000,ENTIN ATM,,ATM withdrawal,successful,yes,,yes,,,,ENT545867780147,944500
TXN-005102,CUS-0413,9988958664,2026-08-04 20:35,ATM,debit,10000,ENTIN ATM,,ATM withdrawal,successful,yes,,yes,,,,ENT952171132887,2601500
TXN-003020,CUS-0243,9951135288,2026-08-04 21:39,TRANSFER,debit,35000,Patience O******i,Demo Microfinance Bank,Transfer,successful,yes,yes,,,,,ENT103380184079,246500
TXN-005556,CUS-0450,9931478410,2026-08-04 21:52,ATM,debit,20000,ENTIN ATM,,ATM withdrawal,successful,yes,,yes,,,,ENT780538794072,425000
TXN-002062,CUS-0168,9989354914,2026-08-04 21:54,POS,debit,7800,ShopRite-like Store (fictional),,POS purchase,successful,yes,,,,,,ENT858188107277,2670700
TXN-005987,CUS-0484,9979764044,2026-08-04 22:19,POS,debit,45000,Pharmacy Plus (fictional),,POS purchase,successful,yes,,,,,,ENT682954583378,346000
TXN-000535,CUS-0044,9933042845,2026-08-04 22:39,ATM,debit,10000,Other bank ATM,,ATM withdrawal,successful,yes,,no,,,,ENT762939709327,907000
TXN-001494,CUS-0122,9920453316,2026-08-04 22:48,TRANSFER,debit,10000,Kunle O*i,Fictional Trust Bank,Transfer,successful,yes,yes,,,,,ENT881180879630,2570000
TXN-002539,CUS-0206,9960946297,2026-08-04 22:58,ATM,debit,10000,Other bank ATM,,ATM withdrawal,successful,yes,,no,,,,ENT157413493483,834000
TXN-003697,CUS-0299,9903987204,2026-08-04 23:22,USSD,debit,2000,Airtime (fictional network),,Airtime purchase,successful,yes,,,,,,ENT331337617233,137000
TXN-003909,CUS-0317,9938331314,2026-08-04 23:22,USSD,debit,500,Airtime (fictional network),,Airtime purchase,successful,yes,,,,,,ENT373828309941,339000
TXN-000514,CUS-0043,9985469059,2026-08-04 23:29,USSD,debit,1000,Airtime (fictional network),,Airtime purchase,successful,yes,,,,,,ENT331372857504,359000
TXN-001856,CUS-0152,9950934230,2026-08-05 00:22,POS,debit,1500,Lekki Luxury Stores,,POS purchase,successful,yes,,,,,,ENT784858725758,638500
TXN-000103,CUS-0009,9993319084,2026-08-05 01:15,POS,debit,12500,QuickBuy Online (fictional),,POS purchase,successful,yes,,,,,,ENT655645277300,2847200
TXN-005946,CUS-0481,9939475693,2026-08-05 01:20,ATM,debit,40000,Other bank ATM,,ATM withdrawal,successful,yes,,no,,,,ENT668963066014,230200
TXN-001649,CUS-0135,9907512280,2026-08-05 01:25,ATM,debit,10000,Other bank ATM,,ATM withdrawal,successful,yes,,no,,,,ENT726889345925,530000
TXN-005085,CUS-0412,9954372850,2026-08-05 01:42,POS,debit,12500,Pharmacy Plus (fictional),,POS purchase,successful,yes,,,,,,ENT867056457364,399700
TXN-006165,CUS-0498,9973945097,2026-08-05 01:50,POS,debit,3500,Market Stall POS,,POS purchase,successful,yes,,,,,,ENT387511070943,1001500
TXN-005417,CUS-0439,9979594787,2026-08-05 02:29,POS,debit,12500,Bolt-like Rides (fictional),,POS purchase,successful,yes,,,,,,ENT265267243276,459700
TXN-003139,CUS-0253,9919879915,2026-08-05 02:46,TRANSFER,debit,50000,Adebayo N***i,Fictional Trust Bank,Transfer,successful,yes,yes,,,,,ENT229374403713,158500
TXN-001955,CUS-0160,9945997181,2026-08-05 03:24,WEB,debit,2500,Lekki Luxury Stores,,Online card payment,successful,yes,,,,,,ENT388391634680,432500
TXN-003648,CUS-0295,9991259758,2026-08-05 03:33,USSD,debit,500,Airtime (fictional network),,Airtime purchase,successful,yes,,,,,,ENT285659250773,514500
TXN-005108,CUS-0414,9977024396,2026-08-05 03:43,POS,debit,45000,Lekki Luxury Stores,,POS purchase,successful,yes,,,,,,ENT612707990990,2622500
TXN-004512,CUS-0366,9961438798,2026-08-05 03:47,ATM,debit,10000,ENTIN ATM,,ATM withdrawal,successful,yes,,yes,,,,ENT146093342815,160300
TXN-002002,CUS-0163,9985476677,2026-08-05 03:49,POS,debit,22000,Bolt-like Rides (fictional),,POS purchase,successful,yes,,,,,,ENT367128762140,209500
TXN-000506,CUS-0042,9938560739,2026-08-05 04:04,POS,debit,12500,Bolt-like Rides (fictional),,POS purchase,successful,yes,,,,,,ENT329727957116,2602500
TXN-003164,CUS-0255,9927357934,2026-08-05 04:06,TRANSFER,debit,5000,Patience O*****o,Sample Savings Bank,Transfer,successful,yes,yes,,,,,ENT541574851060,1015500
TXN-001586,CUS-0130,9970533656,2026-08-05 04:12,POS,debit,22000,Mama Put Kitchen,,POS purchase,successful,yes,,,,,,ENT216779238705,41000
TXN-004915,CUS-0398,9963495400,2026-08-05 04:24,POS,debit,45000,Market Stall POS,,POS purchase,successful,yes,,,,,,ENT629827581760,325000
TXN-002970,CUS-0239,9963646907,2026-08-05 04:45,POS,debit,22000,ShopRite-like Store (fictional),,POS purchase,successful,yes,,,,,,ENT713645402019,482000
TXN-005591,CUS-0453,9912705740,2026-08-05 04:49,POS,debit,7800,StreamFlix (fictional),,POS purchase,successful,yes,,,,,,ENT586690707560,790200
TXN-002712,CUS-0220,9986070448,2026-08-05 05:11,WEB,debit,2500,Lekki Luxury Stores,,Online card payment,successful,yes,,,,,,ENT358884164609,380500
TXN-000654,CUS-0054,9918621076,2026-08-05 06:00,POS,debit,7800,Market Stall POS,,POS purchase,successful,yes,,,,,,ENT773269534790,411700
TXN-003913,CUS-0317,9938331314,2026-08-05 06:15,POS,debit,1500,ShopRite-like Store (fictional),,POS purchase,successful,yes,,,,,,ENT657497556014,337500
TXN-004281,CUS-0348,9968101700,2026-08-05 07:10,POS,debit,45000,QuickBuy Online (fictional),,POS purchase,successful,yes,,,,,,ENT604256096127,1505000
TXN-006033,CUS-0488,9947422699,2026-08-05 07:14,POS,debit,7800,Bolt-like Rides (fictional),,POS purchase,successful,yes,,,,,,ENT618847627927,224400
TXN-002513,CUS-0204,9937567822,2026-08-05 07:29,USSD,debit,1000,Airtime (fictional network),,Airtime purchase,successful,yes,,,,,,ENT326541698488,355000
TXN-005594,CUS-0453,9912705740,2026-08-05 07:34,TRANSFER,debit,20000,Tunde L***l,Placeholder Bank,Transfer,successful,yes,yes,,,,,ENT318309619840,770200
TXN-000036,CUS-0003,9944729405,2026-08-05 07:39,USSD,debit,5000,Airtime (fictional network),,Airtime purchase,successful,yes,,,,,,ENT365177868599,258000
TXN-001247,CUS-0103,9949574415,2026-08-05 07:41,TRANSFER,debit,100000,Ronke O*****o,Quick Fictional Bank,Transfer,successful,yes,yes,,,,,ENT431631135181,385000
TXN-006002,CUS-0485,9974291653,2026-08-05 07:51,USSD,debit,1000,Airtime (fictional network),,Airtime purchase,successful,yes,,,,,,ENT371568877749,2660700
TXN-001608,CUS-0131,9915379101,2026-08-05 08:03,POS,debit,45000,Mama Put Kitchen,,POS purchase,successful,yes,,,,,,ENT683320388204,355000
TXN-001003,CUS-0083,9950496570,2026-08-05 08:04,ATM,debit,10000,Other bank ATM,,ATM withdrawal,successful,yes,,no,,,,ENT136875980013,195000
TXN-001446,CUS-0119,9954928452,2026-08-05 08:41,WEB,debit,15000,StreamFlix (fictional),,Online card payment,successful,yes,,,,,,ENT976867835325,77500
TXN-004619,CUS-0375,9951549033,2026-08-05 08:47,POS,debit,45000,Filling Station (fictional),,POS purchase,successful,yes,,,,,,ENT230400034089,342500
TXN-002231,CUS-0182,9979765655,2026-08-05 09:03,TRANSFER,debit,100000,Ebere B****e,Placeholder Bank,Transfer,successful,yes,yes,,,,,ENT206030834165,475000
TXN-000126,CUS-0011,9983601610,2026-08-05 09:19,USSD,debit,5000,Airtime (fictional network),,Airtime purchase,successful,yes,,,,,,ENT467053529512,171500
TXN-002650,CUS-0215,9948992789,2026-08-05 09:27,ATM,debit,20000,ENTIN ATM,,ATM withdrawal,successful,yes,,yes,,,,ENT566532077149,232200
TXN-004428,CUS-0359,9954494020,2026-08-05 10:15,TRANSFER,debit,20000,Sani A*****e,Placeholder Bank,Transfer,successful,yes,yes,,,,,ENT601359574077,945000
TXN-000163,CUS-0014,9922264686,2026-08-05 10:31,POS,debit,3500,Mama Put Kitchen,,POS purchase,successful,yes,,,,,,ENT867297272127,211500
TXN-001738,CUS-0143,9964197110,2026-08-05 11:10,POS,debit,3500,Pharmacy Plus (fictional),,POS purchase,successful,yes,,,,,,ENT375820122027,1024500
TXN-001165,CUS-0096,9991804418,2026-08-05 11:15,ATM,debit,20000,Other bank ATM,,ATM withdrawal,successful,yes,,no,,,,ENT142744097961,497500
TXN-000554,CUS-0046,9968179223,2026-08-05 11:18,TRANSFER,debit,35000,Funke I***s,Demo Microfinance Bank,Transfer,successful,yes,yes,,,,,ENT794903438127,845000
TXN-000772,CUS-0064,9901461338,2026-08-05 11:28,POS,debit,22000,Market Stall POS,,POS purchase,successful,yes,,,,,,ENT509274245572,556500
TXN-004701,CUS-0381,9967998836,2026-08-05 11:56,TRANSFER,debit,5000,Mercy E****g,Quick Fictional Bank,Transfer,successful,yes,yes,,,,,ENT194820731555,257200
TXN-002582,CUS-0209,9986925245,2026-08-05 12:35,ATM,debit,40000,Other bank ATM,,ATM withdrawal,successful,yes,,no,,,,ENT816059634993,379500
TXN-001658,CUS-0136,9972130516,2026-08-05 13:01,WEB,debit,4500,Lekki Luxury Stores,,Online card payment,successful,yes,,,,,,ENT254842936794,468000
TXN-004856,CUS-0393,9978315160,2026-08-05 13:04,POS,debit,45000,Mama Put Kitchen,,POS purchase,successful,yes,,,,,,ENT210863676863,74000
TXN-004301,CUS-0349,9918348045,2026-08-05 13:14,WEB,debit,4500,Lekki Luxury Stores,,Online card payment,successful,yes,,,,,,ENT324821213026,445500
TXN-005508,CUS-0446,9965552641,2026-08-05 14:12,ATM,debit,40000,Other bank ATM,,ATM withdrawal,successful,yes,,no,,,,ENT271537860561,66500
TXN-004403,CUS-0357,9982452077,2026-08-05 14:21,POS,debit,7800,QuickBuy Online (fictional),,POS purchase,successful,yes,,,,,,ENT792388594017,518200
TXN-001115,CUS-0092,9995444615,2026-08-05 15:02,ATM,debit,10000,Other bank ATM,,ATM withdrawal,successful,yes,,no,,,,ENT880973787437,1272200
TXN-005408,CUS-0438,9912614443,2026-08-05 15:04,POS,debit,22000,Lekki Luxury Stores,,POS purchase,successful,yes,,,,,,ENT545534243086,2878000
TXN-005213,CUS-0422,9981759426,2026-08-05 15:24,POS,debit,22000,Lekki Luxury Stores,,POS purchase,successful,yes,,,,,,ENT592853721925,1004000
TXN-005918,CUS-0479,9976613626,2026-08-05 15:46,TRANSFER,debit,50000,Aminu O***o,Quick Fictional Bank,Transfer,successful,yes,yes,,,,,ENT427482888612,635000
TXN-003383,CUS-0273,9935986265,2026-08-05 15:52,POS,debit,1500,StreamFlix (fictional),,POS purchase,successful,yes,,,,,,ENT348302133282,323500
TXN-004344,CUS-0353,9939159099,2026-08-05 16:21,POS,debit,3500,Pharmacy Plus (fictional),,POS purchase,successful,yes,,,,,,ENT435838878701,396500
TXN-005745,CUS-0465,9919915036,2026-08-05 17:07,POS,debit,22000,Lekki Luxury Stores,,POS purchase,successful,yes,,,,,,ENT714899841537,1128000
TXN-004668,CUS-0378,9920862512,2026-08-05 17:13,POS,debit,45000,Market Stall POS,,POS purchase,successful,yes,,,,,,ENT506310623357,2855000
TXN-001644,CUS-0134,9983034549,2026-08-05 17:57,ATM,debit,40000,ENTIN ATM,,ATM withdrawal,successful,yes,,yes,,,,ENT352059841303,933700
TXN-006101,CUS-0493,9914772348,2026-08-05 18:01,TRANSFER,debit,35000,Usman A*****a,Quick Fictional Bank,Transfer,successful,yes,yes,,,,,ENT533738587888,630000
TXN-001995,CUS-0163,9985476677,2026-08-05 18:10,USSD,debit,2000,Airtime (fictional network),,Airtime purchase,successful,yes,,,,,,ENT127523688983,207500
TXN-005619,CUS-0455,9902792166,2026-08-05 18:11,POS,debit,22000,Mama Put Kitchen,,POS purchase,successful,yes,,,,,,ENT375662000299,774500
TXN-001082,CUS-0090,9945011459,2026-08-05 18:15,ATM,debit,20000,Other bank ATM,,ATM withdrawal,successful,yes,,no,,,,ENT378857236671,7500
TXN-001490,CUS-0122,9920453316,2026-08-05 18:28,USSD,debit,2000,Airtime (fictional network),,Airtime purchase,successful,yes,,,,,,ENT554800817455,2568000
TXN-003743,CUS-0303,9914192446,2026-08-05 18:33,POS,debit,12500,Lekki Luxury Stores,,POS purchase,successful,yes,,,,,,ENT934745267270,2705500
TXN-002196,CUS-0179,9929958470,2026-08-05 18:40,TRANSFER,debit,5000,Abubakar O*u,Fictional Trust Bank,Transfer,successful,yes,yes,,,,,ENT218120149659,205500
TXN-002551,CUS-0207,9954079211,2026-08-05 18:50,TRANSFER,debit,50000,Kunle I***s,Placeholder Bank,Transfer,successful,yes,yes,,,,,ENT419035473165,42200
TXN-004191,CUS-0341,9911918995,2026-08-05 19:00,WEB,debit,2500,Lekki Luxury Stores,,Online card payment,successful,yes,,,,,,ENT409086537913,177500
TXN-002525,CUS-0205,9904236164,2026-08-05 19:44,ATM,debit,40000,ENTIN ATM,,ATM withdrawal,successful,yes,,yes,,,,ENT448864281664,166700
TXN-001925,CUS-0158,9916441320,2026-08-05 20:08,USSD,debit,1000,Airtime (fictional network),,Airtime purchase,successful,yes,,,,,,ENT618212462978,1194000
TXN-006018,CUS-0487,9989218380,2026-08-05 20:08,POS,debit,1500,Market Stall POS,,POS purchase,successful,yes,,,,,,ENT469784493386,1033000
TXN-000177,CUS-0015,9984133017,2026-08-05 20:10,WEB,debit,4500,QuickBuy Online (fictional),,Online card payment,successful,yes,,,,,,ENT723210499132,2675500
TXN-003216,CUS-0259,9978482991,2026-08-05 20:10,USSD,debit,1000,Airtime (fictional network),,Airtime purchase,successful,yes,,,,,,ENT115293794520,275000
TXN-003687,CUS-0298,9994675331,2026-08-05 20:15,TRANSFER,debit,10000,Tunde O*u,Sample Savings Bank,Transfer,successful,yes,yes,,,,,ENT266947928801,1110000
TXN-005742,CUS-0465,9919915036,2026-08-05 20:26,TRANSFER,debit,20000,Ibrahim B***o,Quick Fictional Bank,Transfer,successful,yes,yes,,,,,ENT875454344017,1108000
TXN-001483,CUS-0121,9910108102,2026-08-05 20:42,POS,debit,22000,Lekki Luxury Stores,,POS purchase,successful,yes,,,,,,ENT575944610487,963000
TXN-003314,CUS-0267,9975140396,2026-08-05 21:53,POS,debit,45000,Mama Put Kitchen,,POS purchase,successful,yes,,,,,,ENT595666193837,177200
TXN-003222,CUS-0260,9952562853,2026-08-05 21:54,POS,debit,7800,Lekki Luxury Stores,,POS purchase,successful,yes,,,,,,ENT531525149579,260200
TXN-005424,CUS-0439,9979594787,2026-08-05 22:01,ATM,debit,10000,Other bank ATM,,ATM withdrawal,successful,yes,,no,,,,ENT621726730587,449700
TXN-000752,CUS-0062,9913785222,2026-08-05 22:13,POS,debit,12500,Filling Station (fictional),,POS purchase,successful,yes,,,,,,ENT285658186438,1236000
TXN-001452,CUS-0119,9954928452,2026-08-05 22:45,USSD,debit,2000,Airtime (fictional network),,Airtime purchase,successful,yes,,,,,,ENT876537146435,75500
TXN-002267,CUS-0185,9962334551,2026-08-05 22:53,POS,debit,45000,StreamFlix (fictional),,POS purchase,successful,yes,,,,,,ENT627939632757,28500
TXN-004908,CUS-0397,9939504343,2026-08-05 23:07,TRANSFER,debit,35000,Nnamdi B****e,Fictional Trust Bank,Transfer,successful,yes,yes,,,,,ENT154165374871,2470000
TXN-004155,CUS-0338,9965503781,2026-08-05 23:09,POS,debit,22000,Market Stall POS,,POS purchase,successful,yes,,,,,,ENT116246862271,583000
TXN-003302,CUS-0266,9911157896,2026-08-05 23:12,TRANSFER,debit,20000,Zainab O******e,Placeholder Bank,Transfer,successful,yes,yes,,,,,ENT311502432444,1090000
TXN-005169,CUS-0419,9947242692,2026-08-05 23:14,USSD,debit,1000,Airtime (fictional network),,Airtime purchase,successful,yes,,,,,,ENT290516312361,799000
TXN-000392,CUS-0033,9940720754,2026-08-05 23:20,USSD,debit,1000,Airtime (fictional network),,Airtime purchase,successful,yes,,,,,,ENT408798689915,1009000
TXN-002905,CUS-0235,9953911045,2026-08-05 23:27,POS,debit,12500,ShopRite-like Store (fictional),,POS purchase,successful,yes,,,,,,ENT859707716634,556000
TXN-002721,CUS-0220,9986070448,2026-08-05 23:42,TRANSFER,debit,35000,Kunle B***o,Placeholder Bank,Transfer,successful,yes,yes,,,,,ENT139750175255,345500
TXN-005413,CUS-0438,9912614443,2026-08-05 23:43,POS,debit,7800,Mama Put Kitchen,,POS purchase,successful,yes,,,,,,ENT633067264968,2870200
TXN-002504,CUS-0203,9911235217,2026-08-05 23:45,POS,debit,22000,ShopRite-like Store (fictional),,POS purchase,successful,yes,,,,,,ENT628835155547,178000
TXN-002566,CUS-0208,9908562995,2026-08-06 00:02,TRANSFER,debit,20000,Godwin O*****e,Fictional Trust Bank,Transfer,successful,yes,yes,,,,,ENT260567390081,2712200
TXN-000280,CUS-0023,9902145842,2026-08-06 00:14,TRANSFER,debit,35000,Nkechi C****u,Fictional Trust Bank,Transfer,successful,yes,yes,,,,,ENT486287406257,111200
TXN-004941,CUS-0400,9927020003,2026-08-06 00:14,ATM,debit,10000,ENTIN ATM,,ATM withdrawal,successful,yes,,yes,,,,ENT139165693084,510000
TXN-003750,CUS-0304,9919484159,2026-08-06 00:18,TRANSFER,debit,100000,Aisha F*****a,Sample Savings Bank,Transfer,successful,yes,yes,,,,,ENT130211085338,902500
TXN-004276,CUS-0347,9910644250,2026-08-06 00:28,TRANSFER,debit,5000,Titilayo A*****i,Fictional Trust Bank,Transfer,successful,yes,yes,,,,,ENT731948912227,545000
TXN-005155,CUS-0418,9975201362,2026-08-06 00:35,POS,debit,45000,Lekki Luxury Stores,,POS purchase,successful,yes,,,,,,ENT591287841091,3027700
TXN-005030,CUS-0408,9988225489,2026-08-06 00:55,POS,debit,12500,Mama Put Kitchen,,POS purchase,successful,yes,,,,,,ENT348239343386,420000
TXN-002622,CUS-0213,9943848714,2026-08-06 01:03,USSD,debit,500,Airtime (fictional network),,Airtime purchase,successful,yes,,,,,,ENT721038789409,549500
TXN-003176,CUS-0256,9912443952,2026-08-06 01:04,POS,debit,12500,StreamFlix (fictional),,POS purchase,successful,yes,,,,,,ENT664255003092,1517500
TXN-004767,CUS-0386,9930746491,2026-08-06 01:14,WEB,debit,2500,Lekki Luxury Stores,,Online card payment,successful,yes,,,,,,ENT640927754436,172500
TXN-002548,CUS-0207,9954079211,2026-08-06 01:16,ATM,debit,10000,Other bank ATM,,ATM withdrawal,successful,yes,,no,,,,ENT874908688988,32200
TXN-002693,CUS-0218,9910818187,2026-08-06 01:35,POS,debit,12500,Bolt-like Rides (fictional),,POS purchase,successful,yes,,,,,,ENT174769372361,635500
TXN-005348,CUS-0433,9973633995,2026-08-06 02:09,ATM,debit,10000,ENTIN ATM,,ATM withdrawal,successful,yes,,yes,,,,ENT127020811520,995000
TXN-002524,CUS-0205,9904236164,2026-08-06 02:11,ATM,debit,10000,ENTIN ATM,,ATM withdrawal,successful,yes,,yes,,,,ENT913994504655,156700
TXN-003338,CUS-0269,9936756441,2026-08-06 02:21,ATM,debit,20000,ENTIN ATM,,ATM withdrawal,successful,yes,,yes,,,,ENT983158641525,2835500
TXN-000395,CUS-0033,9940720754,2026-08-06 03:19,ATM,debit,40000,ENTIN ATM,,ATM withdrawal,successful,yes,,yes,,,,ENT356117239645,969000
TXN-005282,CUS-0428,9988816041,2026-08-06 03:37,USSD,debit,5000,Airtime (fictional network),,Airtime purchase,successful,yes,,,,,,ENT167107344259,263000
TXN-004197,CUS-0341,9911918995,2026-08-06 04:08,POS,debit,3500,Bolt-like Rides (fictional),,POS purchase,successful,yes,,,,,,ENT785695586537,174000
TXN-004250,CUS-0345,9954456726,2026-08-06 04:34,POS,debit,7800,ShopRite-like Store (fictional),,POS purchase,successful,yes,,,,,,ENT940287693755,224400
TXN-005252,CUS-0426,9934548587,2026-08-06 05:10,TRANSFER,debit,35000,Halima A*****e,Quick Fictional Bank,Transfer,successful,yes,yes,,,,,ENT145499311789,410000
TXN-000067,CUS-0006,9988766344,2026-08-06 05:11,WEB,debit,2500,StreamFlix (fictional),,Online card payment,successful,yes,,,,,,ENT768138736629,946900
TXN-001752,CUS-0144,9986071964,2026-08-06 05:15,WEB,debit,9900,QuickBuy Online (fictional),,Online card payment,successful,yes,,,,,,ENT404691962932,270100
TXN-000896,CUS-0074,9981299914,2026-08-06 05:17,POS,debit,1500,StreamFlix (fictional),,POS purchase,successful,yes,,,,,,ENT771625577929,178500
TXN-002356,CUS-0192,9988642115,2026-08-06 05:56,POS,debit,22000,ShopRite-like Store (fictional),,POS purchase,successful,yes,,,,,,ENT396575554781,598500
TXN-003853,CUS-0312,9975337207,2026-08-06 05:57,ATM,debit,40000,ENTIN ATM,,ATM withdrawal,successful,yes,,yes,,,,ENT512488855796,665000
TXN-001385,CUS-0114,9944317367,2026-08-06 06:21,POS,debit,1500,ShopRite-like Store (fictional),,POS purchase,successful,yes,,,,,,ENT617948477825,257000
TXN-004947,CUS-0401,9916928668,2026-08-06 06:43,ATM,debit,20000,Other bank ATM,,ATM withdrawal,successful,yes,,no,,,,ENT103313968920,147500
TXN-000432,CUS-0036,9926978043,2026-08-06 06:47,ATM,debit,10000,Other bank ATM,,ATM withdrawal,successful,yes,,no,,,,ENT777681446587,1075000
TXN-004107,CUS-0334,9962266421,2026-08-06 07:13,TRANSFER,debit,100000,Patience O*****o,Quick Fictional Bank,Transfer,successful,yes,yes,,,,,ENT361395804642,1431500
TXN-002425,CUS-0197,9999876763,2026-08-06 07:22,POS,debit,3500,ShopRite-like Store (fictional),,POS purchase,successful,yes,,,,,,ENT180162473086,744500
TXN-004441,CUS-0361,9980291368,2026-08-06 07:22,POS,debit,22000,StreamFlix (fictional),,POS purchase,successful,yes,,,,,,ENT985622522378,266200
TXN-005818,CUS-0471,9943902366,2026-08-06 07:54,USSD,debit,5000,Airtime (fictional network),,Airtime purchase,successful,yes,,,,,,ENT156693143230,150000
TXN-005433,CUS-0440,9953918603,2026-08-06 08:08,POS,debit,1500,Lekki Luxury Stores,,POS purchase,successful,yes,,,,,,ENT384732760195,498600
TXN-005920,CUS-0479,9976613626,2026-08-06 08:10,TRANSFER,debit,50000,Adebayo M**a,Sample Savings Bank,Transfer,successful,yes,yes,,,,,ENT625506160855,585000
TXN-005884,CUS-0476,9990474627,2026-08-06 08:36,POS,debit,1500,Bolt-like Rides (fictional),,POS purchase,successful,yes,,,,,,ENT644499950032,2880300
TXN-002532,CUS-0206,9960946297,2026-08-06 08:45,USSD,debit,500,Airtime (fictional network),,Airtime purchase,successful,yes,,,,,,ENT771786756172,833500
TXN-000074,CUS-0006,9988766344,2026-08-06 08:49,USSD,debit,1000,Airtime (fictional network),,Airtime purchase,successful,yes,,,,,,ENT906770911581,945900
TXN-006087,CUS-0492,9909587010,2026-08-06 08:54,POS,debit,3500,Filling Station (fictional),,POS purchase,successful,yes,,,,,,ENT628681202607,1523500
TXN-003184,CUS-0256,9912443952,2026-08-06 08:55,WEB,debit,2500,Lekki Luxury Stores,,Online card payment,successful,yes,,,,,,ENT196110403763,1515000
TXN-004696,CUS-0381,9967998836,2026-08-06 09:24,TRANSFER,debit,50000,Hauwa M**a,Fictional Trust Bank,Transfer,successful,yes,yes,,,,,ENT474079985638,207200
TXN-004912,CUS-0398,9963495400,2026-08-06 09:35,ATM,debit,20000,ENTIN ATM,,ATM withdrawal,successful,yes,,yes,,,,ENT911272417655,305000
TXN-001377,CUS-0113,9918118331,2026-08-06 09:47,USSD,debit,5000,Airtime (fictional network),,Airtime purchase,successful,yes,,,,,,ENT251934335949,1541500
TXN-001502,CUS-0123,9961205593,2026-08-06 10:11,POS,debit,45000,Mama Put Kitchen,,POS purchase,successful,yes,,,,,,ENT554376256887,205000
TXN-003968,CUS-0322,9949912955,2026-08-06 10:22,TRANSFER,debit,5000,Ibrahim A*******i,Demo Microfinance Bank,Transfer,successful,yes,yes,,,,,ENT562270497797,2525700
TXN-002662,CUS-0216,9903471072,2026-08-06 10:25,ATM,debit,20000,ENTIN ATM,,ATM withdrawal,successful,yes,,yes,,,,ENT768528357700,2630000
TXN-005164,CUS-0418,9975201362,2026-08-06 11:27,POS,debit,1500,Market Stall POS,,POS purchase,successful,yes,,,,,,ENT230634052445,3026200
TXN-000485,CUS-0041,9902520161,2026-08-06 11:28,POS,debit,7800,QuickBuy Online (fictional),,POS purchase,successful,yes,,,,,,ENT994853042811,1259700
TXN-003874,CUS-0314,9990571386,2026-08-06 12:12,TRANSFER,debit,10000,Kunle E*e,Demo Microfinance Bank,Transfer,successful,yes,yes,,,,,ENT782055111752,190000
TXN-000045,CUS-0004,9989768469,2026-08-06 12:23,POS,debit,12500,Mama Put Kitchen,,POS purchase,successful,yes,,,,,,ENT926662062639,1021000
TXN-002268,CUS-0185,9962334551,2026-08-06 12:33,TRANSFER,debit,20000,Emeka S**e,Sample Savings Bank,Transfer,successful,yes,yes,,,,,ENT752554015014,8500
TXN-002308,CUS-0188,9925691517,2026-08-06 12:40,USSD,debit,5000,Airtime (fictional network),,Airtime purchase,successful,yes,,,,,,ENT187442441001,1045000
TXN-000253,CUS-0021,9964529128,2026-08-06 13:18,POS,debit,1500,Lekki Luxury Stores,,POS purchase,successful,yes,,,,,,ENT380087032318,148500
TXN-004659,CUS-0378,9920862512,2026-08-06 13:18,USSD,debit,5000,Airtime (fictional network),,Airtime purchase,successful,yes,,,,,,ENT410064015709,2850000
TXN-003308,CUS-0267,9975140396,2026-08-06 13:30,POS,debit,1500,Market Stall POS,,POS purchase,successful,yes,,,,,,ENT224956687277,175700
TXN-002876,CUS-0233,9907462096,2026-08-06 13:49,TRANSFER,debit,20000,Patience S***u,Placeholder Bank,Transfer,successful,yes,yes,,,,,ENT567982518555,630000
TXN-000248,CUS-0021,9964529128,2026-08-06 13:56,WEB,debit,2500,Bolt-like Rides (fictional),,Online card payment,successful,yes,,,,,,ENT889056216963,146000
TXN-004658,CUS-0378,9920862512,2026-08-06 13:59,TRANSFER,debit,35000,Nkechi A***n,Quick Fictional Bank,Transfer,successful,yes,yes,,,,,ENT508093077734,2815000
TXN-000386,CUS-0032,9941968982,2026-08-06 14:01,POS,debit,45000,Mama Put Kitchen,,POS purchase,successful,yes,,,,,,ENT206635236020,2530700
TXN-005646,CUS-0457,9951470242,2026-08-06 14:30,POS,debit,12500,ShopRite-like Store (fictional),,POS purchase,successful,yes,,,,,,ENT558021143478,99000
TXN-004098,CUS-0333,9934134297,2026-08-06 14:45,POS,debit,1500,Filling Station (fictional),,POS purchase,successful,yes,,,,,,ENT508904239682,223500
TXN-005546,CUS-0449,9921814877,2026-08-06 15:03,POS,debit,45000,Filling Station (fictional),,POS purchase,successful,yes,,,,,,ENT834918005058,433700
TXN-003078,CUS-0248,9955864605,2026-08-06 15:31,ATM,debit,40000,Other bank ATM,,ATM withdrawal,successful,yes,,no,,,,ENT910146206419,485000
TXN-005400,CUS-0437,9935652556,2026-08-06 15:57,POS,debit,7800,Filling Station (fictional),,POS purchase,successful,yes,,,,,,ENT390444587220,738700
TXN-001599,CUS-0131,9915379101,2026-08-06 16:05,POS,debit,12500,StreamFlix (fictional),,POS purchase,successful,yes,,,,,,ENT859794598302,342500
TXN-003800,CUS-0308,9937456111,2026-08-06 16:21,ATM,debit,20000,ENTIN ATM,,ATM withdrawal,successful,yes,,yes,,,,ENT174328921937,735000
TXN-003235,CUS-0261,9911168312,2026-08-06 16:25,ATM,debit,10000,Other bank ATM,,ATM withdrawal,successful,yes,,no,,,,ENT350316515828,915000
TXN-003467,CUS-0280,9952498676,2026-08-06 16:31,TRANSFER,debit,10000,Dayo O*****e,Sample Savings Bank,Transfer,successful,yes,yes,,,,,ENT842561306993,715000
TXN-005895,CUS-0477,9950606428,2026-08-06 16:37,TRANSFER,debit,5000,Efe B***o,Quick Fictional Bank,Transfer,successful,yes,yes,,,,,ENT990887520956,140000
TXN-005568,CUS-0451,9961219558,2026-08-06 16:38,POS,debit,45000,Bolt-like Rides (fictional),,POS purchase,successful,yes,,,,,,ENT369879127474,629000
TXN-003437,CUS-0277,9900602652,2026-08-06 16:54,POS,debit,3500,ShopRite-like Store (fictional),,POS purchase,successful,yes,,,,,,ENT358632909199,980000
TXN-001273,CUS-0105,9972234888,2026-08-06 17:25,TRANSFER,debit,100000,Ifeanyi O*******i,Fictional Trust Bank,Transfer,successful,yes,yes,,,,,ENT905569519719,535100
TXN-000782,CUS-0065,9977605538,2026-08-06 17:41,POS,debit,7800,Mama Put Kitchen,,POS purchase,successful,yes,,,,,,ENT870831362854,669700
TXN-001805,CUS-0148,9929634769,2026-08-06 18:09,POS,debit,7800,Market Stall POS,,POS purchase,successful,yes,,,,,,ENT841166839036,506200
TXN-000326,CUS-0027,9935795111,2026-08-06 18:17,WEB,debit,9900,Lekki Luxury Stores,,Online card payment,successful,yes,,,,,,ENT223561933266,1024600
TXN-002494,CUS-0203,9911235217,2026-08-06 18:51,TRANSFER,debit,100000,Yemisi A*****i,Sample Savings Bank,Transfer,successful,yes,yes,,,,,ENT107864325028,78000
TXN-003062,CUS-0247,9956338649,2026-08-06 18:53,USSD,debit,1000,Airtime (fictional network),,Airtime purchase,successful,yes,,,,,,ENT137331054550,234000
TXN-001208,CUS-0100,9919172290,2026-08-06 18:59,TRANSFER,debit,100000,Folake O******i,Fictional Trust Bank,Transfer,successful,yes,yes,,,,,ENT846162866602,2417500
TXN-003580,CUS-0289,9944712177,2026-08-06 19:06,POS,debit,45000,ShopRite-like Store (fictional),,POS purchase,successful,yes,,,,,,ENT514414298459,1453000
TXN-003673,CUS-0297,9929017205,2026-08-06 19:17,WEB,debit,2500,StreamFlix (fictional),,Online card payment,successful,yes,,,,,,ENT679648125641,1062500
TXN-000025,CUS-0002,9917075364,2026-08-06 19:19,ATM,debit,40000,ENTIN ATM,,ATM withdrawal,successful,yes,,yes,,,,ENT584103589046,1259000
TXN-000081,CUS-0007,9977876804,2026-08-06 19:37,USSD,debit,1000,Airtime (fictional network),,Airtime purchase,successful,yes,,,,,,ENT367562353877,438000
TXN-005892,CUS-0477,9950606428,2026-08-06 20:01,TRANSFER,debit,50000,Uche O******e,Fictional Trust Bank,Transfer,successful,yes,yes,,,,,ENT650116785865,90000
TXN-002344,CUS-0191,9904355683,2026-08-06 20:27,POS,debit,45000,ShopRite-like Store (fictional),,POS purchase,successful,yes,,,,,,ENT872112987256,164700
TXN-001269,CUS-0105,9972234888,2026-08-06 20:44,WEB,debit,4500,StreamFlix (fictional),,Online card payment,successful,yes,,,,,,ENT782456062718,530600
TXN-000915,CUS-0076,9970950601,2026-08-06 20:56,POS,debit,1500,Pharmacy Plus (fictional),,POS purchase,successful,yes,,,,,,ENT112898618239,117500
TXN-001884,CUS-0154,9973621841,2026-08-06 21:12,ATM,debit,20000,Other bank ATM,,ATM withdrawal,successful,yes,,no,,,,ENT496013488679,535000
TXN-004650,CUS-0377,9956948792,2026-08-06 21:17,TRANSFER,debit,10000,Tope O******i,Quick Fictional Bank,Transfer,successful,yes,yes,,,,,ENT146163546907,313000
TXN-002812,CUS-0228,9954375149,2026-08-06 21:55,USSD,debit,500,Airtime (fictional network),,Airtime purchase,successful,yes,,,,,,ENT798189074606,559500
TXN-005306,CUS-0430,9922159393,2026-08-06 21:55,TRANSFER,debit,10000,Samuel C****u,Demo Microfinance Bank,Transfer,successful,yes,yes,,,,,ENT411432095240,168500
TXN-005340,CUS-0433,9973633995,2026-08-06 22:05,USSD,debit,5000,Airtime (fictional network),,Airtime purchase,successful,yes,,,,,,ENT805891704497,990000
TXN-001322,CUS-0109,9926445274,2026-08-06 22:24,TRANSFER,debit,20000,Sani N***i,Fictional Trust Bank,Transfer,successful,yes,yes,,,,,ENT438963993770,366500
TXN-002695,CUS-0218,9910818187,2026-08-06 22:44,USSD,debit,1000,Airtime (fictional network),,Airtime purchase,successful,yes,,,,,,ENT702666806813,634500
TXN-003030,CUS-0244,9931572552,2026-08-06 23:03,WEB,debit,2500,QuickBuy Online (fictional),,Online card payment,successful,yes,,,,,,ENT396917478310,202600
TXN-003528,CUS-0285,9943032214,2026-08-06 23:19,TRANSFER,debit,5000,Adebayo O*****o,Demo Microfinance Bank,Transfer,successful,yes,yes,,,,,ENT113293582994,1545000
TXN-005634,CUS-0456,9972514839,2026-08-07 00:03,POS,debit,45000,Filling Station (fictional),,POS purchase,successful,yes,,,,,,ENT442915443378,347200
TXN-005727,CUS-0464,9998523750,2026-08-07 00:15,USSD,debit,2000,Airtime (fictional network),,Airtime purchase,successful,yes,,,,,,ENT496166429666,473000
TXN-001277,CUS-0105,9972234888,2026-08-07 00:34,POS,debit,22000,Pharmacy Plus (fictional),,POS purchase,successful,yes,,,,,,ENT799410029430,508600
TXN-004066,CUS-0330,9955477122,2026-08-07 00:34,POS,debit,12500,StreamFlix (fictional),,POS purchase,successful,yes,,,,,,ENT549636867388,2619500
TXN-001620,CUS-0132,9913900264,2026-08-07 00:45,POS,debit,12500,QuickBuy Online (fictional),,POS purchase,successful,yes,,,,,,ENT459653041483,2592500
TXN-001387,CUS-0114,9944317367,2026-08-07 01:00,POS,debit,1500,Pharmacy Plus (fictional),,POS purchase,successful,yes,,,,,,ENT627392180612,255500
TXN-004802,CUS-0389,9985163816,2026-08-07 01:06,POS,debit,7800,Lekki Luxury Stores,,POS purchase,successful,yes,,,,,,ENT824101946302,417200
TXN-003107,CUS-0250,9922213933,2026-08-07 01:07,TRANSFER,debit,20000,Ibrahim A*******i,Fictional Trust Bank,Transfer,successful,yes,yes,,,,,ENT956937056724,351500
TXN-003868,CUS-0313,9946277869,2026-08-07 01:35,POS,debit,12500,Mama Put Kitchen,,POS purchase,successful,yes,,,,,,ENT331555998523,2355500
TXN-006187,CUS-0500,9934447608,2026-08-07 01:46,ATM,debit,40000,Other bank ATM,,ATM withdrawal,successful,yes,,no,,,,ENT110238001241,628000
TXN-003611,CUS-0292,9969206472,2026-08-07 02:03,POS,debit,7800,ShopRite-like Store (fictional),,POS purchase,successful,yes,,,,,,ENT760719447677,637200
TXN-001328,CUS-0109,9926445274,2026-08-07 02:25,TRANSFER,debit,10000,Efe A***n,Sample Savings Bank,Transfer,successful,yes,yes,,,,,ENT862953293883,356500
TXN-004036,CUS-0328,9932477086,2026-08-07 02:41,USSD,debit,500,Airtime (fictional network),,Airtime purchase,successful,yes,,,,,,ENT462304518462,2677500
TXN-000434,CUS-0036,9926978043,2026-08-07 03:13,WEB,debit,2500,Bolt-like Rides (fictional),,Online card payment,successful,yes,,,,,,ENT234794620492,1072500
TXN-003445,CUS-0278,9932946850,2026-08-07 03:28,TRANSFER,debit,20000,Segun A*****a,Sample Savings Bank,Transfer,successful,yes,yes,,,,,ENT199822842612,767500
TXN-001092,CUS-0090,9945011459,2026-08-07 03:50,POS,debit,7800,Filling Station (fictional),,POS purchase,successful,yes,,,,,,ENT904044150477,499700
TXN-004129,CUS-0336,9952764504,2026-08-07 04:08,TRANSFER,debit,20000,Ifeanyi O******i,Quick Fictional Bank,Transfer,successful,yes,yes,,,,,ENT139890503820,724000
TXN-002194,CUS-0179,9929958470,2026-08-07 04:52,WEB,debit,2500,QuickBuy Online (fictional),,Online card payment,successful,yes,,,,,,ENT910662988235,203000
TXN-004333,CUS-0352,9911574849,2026-08-07 05:32,TRANSFER,debit,5000,Efe E****g,Fictional Trust Bank,Transfer,successful,yes,yes,,,,,ENT600866189424,795000
TXN-000360,CUS-0030,9925996775,2026-08-07 05:58,TRANSFER,debit,20000,Kemi A*****i,Fictional Trust Bank,Transfer,successful,yes,yes,,,,,ENT669331196783,135000
TXN-006000,CUS-0485,9974291653,2026-08-07 06:37,POS,debit,22000,QuickBuy Online (fictional),,POS purchase,successful,yes,,,,,,ENT751995537148,2638700
TXN-004789,CUS-0388,9966683513,2026-08-07 07:03,WEB,debit,9900,Lekki Luxury Stores,,Online card payment,successful,yes,,,,,,ENT740135390314,550100
TXN-004079,CUS-0331,9925736997,2026-08-07 07:17,USSD,debit,500,Airtime (fictional network),,Airtime purchase,successful,yes,,,,,,ENT375925091004,164500
TXN-004698,CUS-0381,9967998836,2026-08-07 07:25,POS,debit,7800,QuickBuy Online (fictional),,POS purchase,successful,yes,,,,,,ENT920979368850,199400
TXN-004757,CUS-0385,9986616742,2026-08-07 08:10,ATM,debit,40000,Other bank ATM,,ATM withdrawal,successful,yes,,no,,,,ENT538597112053,2568200
TXN-001392,CUS-0114,9944317367,2026-08-07 08:37,ATM,debit,20000,Other bank ATM,,ATM withdrawal,successful,yes,,no,,,,ENT941120118635,235500
TXN-001563,CUS-0128,9943949119,2026-08-07 09:06,POS,debit,1500,StreamFlix (fictional),,POS purchase,successful,yes,,,,,,ENT205036774229,183000
TXN-004442,CUS-0361,9980291368,2026-08-07 09:11,POS,debit,45000,Bolt-like Rides (fictional),,POS purchase,successful,yes,,,,,,ENT466778849984,221200
TXN-004205,CUS-0342,9945277907,2026-08-07 09:32,TRANSFER,debit,50000,Efe S****i,Placeholder Bank,Transfer,successful,yes,yes,,,,,ENT207439350081,1030000
TXN-000363,CUS-0030,9925996775,2026-08-07 10:09,POS,debit,12500,Mama Put Kitchen,,POS purchase,successful,yes,,,,,,ENT704418044808,122500
TXN-002776,CUS-0225,9910257598,2026-08-07 10:20,ATM,debit,10000,Other bank ATM,,ATM withdrawal,successful,yes,,no,,,,ENT560969517063,990000
TXN-001493,CUS-0122,9920453316,2026-08-07 10:32,TRANSFER,debit,35000,Aminu I***s,Fictional Trust Bank,Transfer,successful,yes,yes,,,,,ENT630162395187,2533000
TXN-004280,CUS-0348,9968101700,2026-08-07 10:34,USSD,debit,2000,Airtime (fictional network),,Airtime purchase,successful,yes,,,,,,ENT597324327802,1503000
TXN-001637,CUS-0134,9983034549,2026-08-07 10:58,POS,debit,3500,Lekki Luxury Stores,,POS purchase,successful,yes,,,,,,ENT540047087621,930200
TXN-006089,CUS-0492,9909587010,2026-08-07 11:23,POS,debit,12500,StreamFlix (fictional),,POS purchase,successful,yes,,,,,,ENT868522714178,1511000
TXN-004073,CUS-0331,9925736997,2026-08-07 11:40,USSD,debit,2000,Airtime (fictional network),,Airtime purchase,successful,yes,,,,,,ENT975022007791,162500
TXN-001149,CUS-0095,9966981433,2026-08-07 11:42,USSD,debit,2000,Airtime (fictional network),,Airtime purchase,successful,yes,,,,,,ENT899251140701,48000
TXN-004625,CUS-0375,9951549033,2026-08-07 11:48,POS,debit,1500,ShopRite-like Store (fictional),,POS purchase,successful,yes,,,,,,ENT555958958906,341000
TXN-003140,CUS-0253,9919879915,2026-08-07 12:00,POS,debit,22000,ShopRite-like Store (fictional),,POS purchase,successful,yes,,,,,,ENT700407254967,136500
TXN-001914,CUS-0157,9984980730,2026-08-07 12:14,ATM,debit,10000,ENTIN ATM,,ATM withdrawal,successful,yes,,yes,,,,ENT778951079147,1437500
TXN-000184,CUS-0016,9982141621,2026-08-07 12:30,ATM,debit,10000,ENTIN ATM,,ATM withdrawal,successful,yes,,yes,,,,ENT833103760943,468500
TXN-001940,CUS-0159,9941946065,2026-08-07 13:08,POS,debit,1500,Bolt-like Rides (fictional),,POS purchase,successful,yes,,,,,,ENT983405468939,662000
TXN-001983,CUS-0162,9936876480,2026-08-07 14:29,POS,debit,7800,StreamFlix (fictional),,POS purchase,successful,yes,,,,,,ENT125820678452,537200
TXN-000666,CUS-0055,9915202994,2026-08-07 14:31,ATM,debit,20000,Other bank ATM,,ATM withdrawal,successful,yes,,no,,,,ENT665499812243,1060000
TXN-003530,CUS-0285,9943032214,2026-08-07 15:18,TRANSFER,debit,35000,Femi N***i,Quick Fictional Bank,Transfer,successful,yes,yes,,,,,ENT747818645599,1510000
TXN-005243,CUS-0425,9940818369,2026-08-07 15:19,USSD,debit,5000,Airtime (fictional network),,Airtime purchase,successful,yes,,,,,,ENT149047313710,274500
TXN-004193,CUS-0341,9911918995,2026-08-07 15:31,USSD,debit,2000,Airtime (fictional network),,Airtime purchase,successful,yes,,,,,,ENT225488534166,172000
TXN-001134,CUS-0094,9962528456,2026-08-07 15:41,POS,debit,7800,StreamFlix (fictional),,POS purchase,successful,yes,,,,,,ENT154847021337,26700
TXN-004088,CUS-0332,9988059718,2026-08-07 15:55,TRANSFER,debit,10000,Ifeanyi S**e,Fictional Trust Bank,Transfer,successful,yes,yes,,,,,ENT210225823133,3122200
TXN-002760,CUS-0223,9973866346,2026-08-07 16:12,TRANSFER,debit,10000,Efe M**a,Placeholder Bank,Transfer,successful,yes,yes,,,,,ENT197781223915,142500
TXN-000404,CUS-0034,9918847918,2026-08-07 16:36,TRANSFER,debit,10000,Hauwa O****e,Demo Microfinance Bank,Transfer,successful,yes,yes,,,,,ENT291388625191,129500
TXN-006084,CUS-0492,9909587010,2026-08-07 17:01,POS,debit,7800,Filling Station (fictional),,POS purchase,successful,yes,,,,,,ENT436140633702,1503200
TXN-001904,CUS-0156,9944565338,2026-08-07 17:02,WEB,debit,15000,QuickBuy Online (fictional),,Online card payment,successful,yes,,,,,,ENT475654072649,1253000
TXN-001461,CUS-0120,9939956816,2026-08-07 17:15,ATM,debit,10000,Other bank ATM,,ATM withdrawal,successful,yes,,no,,,,ENT705962621313,1140000
TXN-003695,CUS-0299,9903987204,2026-08-07 17:16,POS,debit,1500,Mama Put Kitchen,,POS purchase,successful,yes,,,,,,ENT493781379618,135500
TXN-001436,CUS-0118,9975049979,2026-08-07 17:35,POS,debit,12500,Bolt-like Rides (fictional),,POS purchase,successful,yes,,,,,,ENT345740893053,307500
TXN-002569,CUS-0208,9908562995,2026-08-07 17:50,POS,debit,3500,Mama Put Kitchen,,POS purchase,successful,yes,,,,,,ENT148920575729,2708700
TXN-001902,CUS-0156,9944565338,2026-08-07 17:58,POS,debit,1500,QuickBuy Online (fictional),,POS purchase,successful,yes,,,,,,ENT411305203955,1251500
TXN-004387,CUS-0356,9916389373,2026-08-07 18:51,WEB,debit,15000,StreamFlix (fictional),,Online card payment,successful,yes,,,,,,ENT721842704870,237200
TXN-003481,CUS-0281,9984118790,2026-08-07 18:54,USSD,debit,2000,Airtime (fictional network),,Airtime purchase,successful,yes,,,,,,ENT273930516282,192000
TXN-001651,CUS-0135,9907512280,2026-08-07 19:07,USSD,debit,500,Airtime (fictional network),,Airtime purchase,successful,yes,,,,,,ENT517862353341,529500
TXN-005878,CUS-0476,9990474627,2026-08-07 19:24,ATM,debit,40000,ENTIN ATM,,ATM withdrawal,successful,yes,,yes,,,,ENT885457563456,2840300
TXN-000400,CUS-0034,9918847918,2026-08-07 20:02,POS,debit,22000,Pharmacy Plus (fictional),,POS purchase,successful,yes,,,,,,ENT288616892879,107500
TXN-000501,CUS-0042,9938560739,2026-08-07 20:17,USSD,debit,2000,Airtime (fictional network),,Airtime purchase,successful,yes,,,,,,ENT478870749549,2600500
TXN-000579,CUS-0048,9972987112,2026-08-07 20:19,POS,debit,7800,Pharmacy Plus (fictional),,POS purchase,successful,yes,,,,,,ENT155672014417,2877800
TXN-000553,CUS-0046,9968179223,2026-08-07 20:39,POS,debit,1500,Filling Station (fictional),,POS purchase,successful,yes,,,,,,ENT986009592901,843500
TXN-001112,CUS-0092,9995444615,2026-08-07 20:41,USSD,debit,5000,Airtime (fictional network),,Airtime purchase,successful,yes,,,,,,ENT792415645681,1267200
TXN-000052,CUS-0004,9989768469,2026-08-07 20:44,POS,debit,1500,Mama Put Kitchen,,POS purchase,successful,yes,,,,,,ENT115580860132,1019500
TXN-000640,CUS-0053,9916354011,2026-08-07 21:10,USSD,debit,2000,Airtime (fictional network),,Airtime purchase,successful,yes,,,,,,ENT190524648127,2608000
TXN-000440,CUS-0037,9980700159,2026-08-07 21:30,POS,debit,1500,Filling Station (fictional),,POS purchase,successful,yes,,,,,,ENT829596743209,1038500
TXN-002286,CUS-0186,9978728285,2026-08-07 21:31,TRANSFER,debit,35000,Amaka L***l,Quick Fictional Bank,Transfer,successful,yes,yes,,,,,ENT316477394582,2488000
TXN-002038,CUS-0166,9936354926,2026-08-07 21:43,TRANSFER,debit,35000,Sani E*e,Placeholder Bank,Transfer,successful,yes,yes,,,,,ENT999626329007,607500
TXN-001024,CUS-0085,9920987695,2026-08-07 22:07,POS,debit,12500,StreamFlix (fictional),,POS purchase,successful,yes,,,,,,ENT839820818702,997500
TXN-003105,CUS-0250,9922213933,2026-08-07 22:36,POS,debit,1500,QuickBuy Online (fictional),,POS purchase,successful,yes,,,,,,ENT549101562057,350000
TXN-002793,CUS-0226,9909301930,2026-08-07 22:49,WEB,debit,15000,StreamFlix (fictional),,Online card payment,successful,yes,,,,,,ENT621453370561,307200
TXN-003282,CUS-0265,9913982658,2026-08-07 22:59,POS,debit,1500,Lekki Luxury Stores,,POS purchase,successful,yes,,,,,,ENT619020179986,498500
TXN-002242,CUS-0183,9902993351,2026-08-07 23:00,ATM,debit,20000,Other bank ATM,,ATM withdrawal,successful,yes,,no,,,,ENT592861280742,2557500
TXN-001138,CUS-0094,9962528456,2026-08-07 23:19,USSD,debit,5000,Airtime (fictional network),,Airtime purchase,successful,yes,,,,,,ENT247002837259,21700
TXN-001326,CUS-0109,9926445274,2026-08-07 23:49,WEB,debit,15000,Bolt-like Rides (fictional),,Online card payment,successful,yes,,,,,,ENT301171591685,341500
TXN-000010,CUS-0001,9913998698,2026-08-08 00:03,WEB,debit,4500,QuickBuy Online (fictional),,Online card payment,successful,yes,,,,,,ENT599581321597,252000
TXN-001200,CUS-0099,9936708878,2026-08-08 00:16,TRANSFER,debit,5000,Uche N***i,Demo Microfinance Bank,Transfer,successful,yes,yes,,,,,ENT444583975886,2647200
TXN-002485,CUS-0202,9914950549,2026-08-08 00:27,POS,debit,45000,Lekki Luxury Stores,,POS purchase,successful,yes,,,,,,ENT987787301415,2530000
TXN-003067,CUS-0247,9956338649,2026-08-08 00:28,TRANSFER,debit,10000,Mercy A***u,Quick Fictional Bank,Transfer,successful,yes,yes,,,,,ENT760789896073,224000
TXN-005525,CUS-0448,9949863391,2026-08-08 00:47,POS,debit,45000,ShopRite-like Store (fictional),,POS purchase,successful,yes,,,,,,ENT111179352247,168000
TXN-005874,CUS-0475,9942169114,2026-08-08 00:49,WEB,debit,15000,Lekki Luxury Stores,,Online card payment,successful,yes,,,,,,ENT215844613086,271500
TXN-002100,CUS-0171,9983851534,2026-08-08 00:51,TRANSFER,debit,50000,Aminu A*******i,Quick Fictional Bank,Transfer,successful,yes,yes,,,,,ENT126421123581,870000
TXN-001697,CUS-0139,9928539598,2026-08-08 01:05,POS,debit,3500,Market Stall POS,,POS purchase,successful,yes,,,,,,ENT603186752597,2846500
TXN-005791,CUS-0469,9968933238,2026-08-08 01:09,POS,debit,45000,QuickBuy Online (fictional),,POS purchase,successful,yes,,,,,,ENT493821880062,276200
TXN-004177,CUS-0340,9968650702,2026-08-08 01:19,POS,debit,45000,Bolt-like Rides (fictional),,POS purchase,successful,yes,,,,,,ENT460059280512,535000
TXN-001812,CUS-0148,9929634769,2026-08-08 01:30,POS,debit,22000,Lekki Luxury Stores,,POS purchase,successful,yes,,,,,,ENT230987543757,484200
TXN-003722,CUS-0301,9969065643,2026-08-08 01:30,TRANSFER,debit,35000,Sani O*i,Fictional Trust Bank,Transfer,successful,yes,yes,,,,,ENT189932388651,280000
TXN-001039,CUS-0086,9907016929,2026-08-08 01:55,ATM,debit,10000,ENTIN ATM,,ATM withdrawal,successful,yes,,yes,,,,ENT782320768133,240000
TXN-002862,CUS-0231,9987407604,2026-08-08 01:55,POS,debit,22000,Bolt-like Rides (fictional),,POS purchase,successful,yes,,,,,,ENT698490146188,184500
TXN-004156,CUS-0338,9965503781,2026-08-08 02:30,ATM,debit,40000,Other bank ATM,,ATM withdrawal,successful,yes,,no,,,,ENT186384245913,543000
TXN-003520,CUS-0284,9966833571,2026-08-08 02:46,POS,debit,1500,Pharmacy Plus (fictional),,POS purchase,successful,yes,,,,,,ENT898049393619,1066500
TXN-002837,CUS-0230,9946252003,2026-08-08 03:12,TRANSFER,debit,10000,Ngozi U**r,Fictional Trust Bank,Transfer,successful,yes,yes,,,,,ENT197042662093,5000
TXN-001180,CUS-0097,9961807567,2026-08-08 03:26,POS,debit,7800,Filling Station (fictional),,POS purchase,successful,yes,,,,,,ENT535109685968,2571200
TXN-001889,CUS-0155,9924565054,2026-08-08 04:21,ATM,debit,40000,ENTIN ATM,,ATM withdrawal,successful,yes,,yes,,,,ENT959384674941,55000
TXN-000382,CUS-0032,9941968982,2026-08-08 05:01,TRANSFER,debit,20000,Joy L***l,Fictional Trust Bank,Transfer,successful,yes,yes,,,,,ENT391051982563,2510700
TXN-000152,CUS-0013,9918603208,2026-08-08 05:08,USSD,debit,500,Airtime (fictional network),,Airtime purchase,successful,yes,,,,,,ENT639736815252,1013000
TXN-003782,CUS-0306,9912755790,2026-08-08 05:50,TRANSFER,debit,100000,Yusuf O******i,Demo Microfinance Bank,Transfer,successful,yes,yes,,,,,ENT768678693143,230000
TXN-000410,CUS-0034,9918847918,2026-08-08 05:57,POS,debit,7800,Bolt-like Rides (fictional),,POS purchase,successful,yes,,,,,,ENT577275163967,99700
TXN-003123,CUS-0252,9937906660,2026-08-08 06:38,ATM,debit,10000,ENTIN ATM,,ATM withdrawal,successful,yes,,yes,,,,ENT336373624682,985200
TXN-004622,CUS-0375,9951549033,2026-08-08 06:45,TRANSFER,debit,10000,Obinna E**m,Quick Fictional Bank,Transfer,successful,yes,yes,,,,,ENT114163001164,331000
TXN-001491,CUS-0122,9920453316,2026-08-08 06:46,USSD,debit,2000,Airtime (fictional network),,Airtime purchase,successful,yes,,,,,,ENT705982117108,2531000
TXN-004849,CUS-0393,9978315160,2026-08-08 07:15,TRANSFER,debit,20000,Chiamaka B****y,Quick Fictional Bank,Transfer,successful,yes,yes,,,,,ENT768426940093,54000
TXN-000572,CUS-0047,9969585190,2026-08-08 07:24,POS,debit,12500,QuickBuy Online (fictional),,POS purchase,successful,yes,,,,,,ENT352577291970,210000
TXN-003706,CUS-0300,9986118151,2026-08-08 08:17,ATM,debit,40000,ENTIN ATM,,ATM withdrawal,successful,yes,,yes,,,,ENT657463951463,288500
TXN-003511,CUS-0283,9992725775,2026-08-08 08:25,ATM,debit,40000,ENTIN ATM,,ATM withdrawal,successful,yes,,yes,,,,ENT702202688676,417200
TXN-002070,CUS-0169,9984249158,2026-08-08 08:55,POS,debit,7800,ShopRite-like Store (fictional),,POS purchase,successful,yes,,,,,,ENT485670358823,414700
TXN-002880,CUS-0233,9907462096,2026-08-08 09:17,ATM,debit,10000,ENTIN ATM,,ATM withdrawal,successful,yes,,yes,,,,ENT160099551251,620000
TXN-000444,CUS-0037,9980700159,2026-08-08 09:19,POS,debit,1500,Mama Put Kitchen,,POS purchase,successful,yes,,,,,,ENT455869085558,1037000
TXN-005032,CUS-0408,9988225489,2026-08-08 09:37,TRANSFER,debit,5000,Adaeze O****e,Sample Savings Bank,Transfer,successful,yes,yes,,,,,ENT961082343497,415000
TXN-005679,CUS-0460,9955245029,2026-08-08 09:39,POS,debit,3500,StreamFlix (fictional),,POS purchase,successful,yes,,,,,,ENT908339056520,533700
TXN-005592,CUS-0453,9912705740,2026-08-08 09:42,ATM,debit,40000,ENTIN ATM,,ATM withdrawal,successful,yes,,yes,,,,ENT337504032125,730200
TXN-003215,CUS-0259,9978482991,2026-08-08 09:49,USSD,debit,2000,Airtime (fictional network),,Airtime purchase,successful,yes,,,,,,ENT726181601926,273000
TXN-001669,CUS-0137,9965386482,2026-08-08 09:55,TRANSFER,debit,35000,Bisola N*******u,Placeholder Bank,Transfer,successful,yes,yes,,,,,ENT246757956389,175000
TXN-002068,CUS-0169,9984249158,2026-08-08 10:06,TRANSFER,debit,100000,Blessing O****r,Demo Microfinance Bank,Transfer,successful,yes,yes,,,,,ENT230355076383,314700
TXN-000172,CUS-0015,9984133017,2026-08-08 10:22,ATM,debit,40000,ENTIN ATM,,ATM withdrawal,successful,yes,,yes,,,,ENT153442972741,2635500
TXN-004085,CUS-0332,9988059718,2026-08-08 10:46,ATM,debit,20000,ENTIN ATM,,ATM withdrawal,successful,yes,,yes,,,,ENT734882966035,3102200
TXN-005965,CUS-0483,9956134913,2026-08-08 11:27,POS,debit,22000,StreamFlix (fictional),,POS purchase,successful,yes,,,,,,ENT418071072467,203000
TXN-003989,CUS-0324,9957360445,2026-08-08 11:28,POS,debit,1500,StreamFlix (fictional),,POS purchase,successful,yes,,,,,,ENT419656393274,998500
TXN-002595,CUS-0210,9911316159,2026-08-08 11:52,POS,debit,45000,QuickBuy Online (fictional),,POS purchase,successful,yes,,,,,,ENT570756279901,1498500
TXN-006186,CUS-0500,9934447608,2026-08-08 11:56,POS,debit,7800,Bolt-like Rides (fictional),,POS purchase,successful,yes,,,,,,ENT138233737980,620200
TXN-000496,CUS-0041,9902520161,2026-08-08 12:00,POS,debit,1500,Filling Station (fictional),,POS purchase,successful,yes,,,,,,ENT865572942318,1258200
TXN-004224,CUS-0343,9922438945,2026-08-08 12:07,ATM,debit,20000,ENTIN ATM,,ATM withdrawal,successful,yes,,yes,,,,ENT511932330261,440500
TXN-005198,CUS-0421,9917263678,2026-08-08 12:13,POS,debit,1500,QuickBuy Online (fictional),,POS purchase,successful,yes,,,,,,ENT545973397561,118500
TXN-000357,CUS-0030,9925996775,2026-08-08 12:30,POS,debit,22000,StreamFlix (fictional),,POS purchase,successful,yes,,,,,,ENT357489411539,100500
TXN-002111,CUS-0172,9933836620,2026-08-08 12:30,TRANSFER,debit,10000,Aminu E**t,Sample Savings Bank,Transfer,successful,yes,yes,,,,,ENT752208251848,925000
TXN-003542,CUS-0286,9930900140,2026-08-08 13:11,USSD,debit,5000,Airtime (fictional network),,Airtime purchase,successful,yes,,,,,,ENT479973626201,2612500
TXN-000189,CUS-0016,9982141621,2026-08-08 13:18,WEB,debit,2500,QuickBuy Online (fictional),,Online card payment,successful,yes,,,,,,ENT730159322411,466000
TXN-003456,CUS-0279,9955326148,2026-08-08 13:34,TRANSFER,debit,5000,Precious O*******i,Demo Microfinance Bank,Transfer,successful,yes,yes,,,,,ENT517339940691,310500
TXN-006071,CUS-0491,9971365877,2026-08-08 13:40,WEB,debit,2500,Lekki Luxury Stores,,Online card payment,successful,yes,,,,,,ENT990300850907,773200
TXN-005527,CUS-0448,9949863391,2026-08-08 13:46,USSD,debit,1000,Airtime (fictional network),,Airtime purchase,successful,yes,,,,,,ENT180002051677,167000
TXN-006025,CUS-0487,9989218380,2026-08-08 14:09,POS,debit,7800,Mama Put Kitchen,,POS purchase,successful,yes,,,,,,ENT264280513841,1025200
TXN-001996,CUS-0163,9985476677,2026-08-08 14:15,TRANSFER,debit,20000,Hadiza E*e,Fictional Trust Bank,Transfer,successful,yes,yes,,,,,ENT723197259309,187500
TXN-001145,CUS-0095,9966981433,2026-08-08 14:36,POS,debit,22000,Pharmacy Plus (fictional),,POS purchase,successful,yes,,,,,,ENT379627530342,26000
TXN-001853,CUS-0152,9950934230,2026-08-08 14:53,POS,debit,12500,Market Stall POS,,POS purchase,successful,yes,,,,,,ENT468466160775,626000
TXN-002375,CUS-0193,9961766752,2026-08-08 14:55,ATM,debit,10000,ENTIN ATM,,ATM withdrawal,successful,yes,,yes,,,,ENT388680418472,520000
TXN-000332,CUS-0028,9955696327,2026-08-08 15:23,TRANSFER,debit,10000,Emmanuel O*****o,Fictional Trust Bank,Transfer,successful,yes,yes,,,,,ENT411267962034,222500
TXN-002051,CUS-0168,9989354914,2026-08-08 15:31,POS,debit,1500,Lekki Luxury Stores,,POS purchase,successful,yes,,,,,,ENT422552034781,2669200
TXN-000597,CUS-0049,9996745219,2026-08-08 15:36,POS,debit,45000,Filling Station (fictional),,POS purchase,successful,yes,,,,,,ENT683600329490,1450500
TXN-000639,CUS-0053,9916354011,2026-08-08 15:37,ATM,debit,20000,ENTIN ATM,,ATM withdrawal,successful,yes,,yes,,,,ENT304955488145,2588000
TXN-003053,CUS-0246,9985384634,2026-08-08 15:49,POS,debit,7800,ShopRite-like Store (fictional),,POS purchase,successful,yes,,,,,,ENT978431113166,2592200
TXN-002092,CUS-0171,9983851534,2026-08-08 15:59,USSD,debit,5000,Airtime (fictional network),,Airtime purchase,successful,yes,,,,,,ENT845279105874,865000
TXN-005446,CUS-0441,9989912305,2026-08-08 16:04,TRANSFER,debit,20000,Funke E*e,Placeholder Bank,Transfer,successful,yes,yes,,,,,ENT920832544854,180000
TXN-005024,CUS-0407,9927834375,2026-08-08 16:20,POS,debit,1500,ShopRite-like Store (fictional),,POS purchase,successful,yes,,,,,,ENT476826587352,84000
TXN-001933,CUS-0158,9916441320,2026-08-08 16:44,USSD,debit,2000,Airtime (fictional network),,Airtime purchase,successful,yes,,,,,,ENT247001017356,1192000
TXN-003375,CUS-0272,9940071152,2026-08-08 16:51,TRANSFER,debit,100000,Samuel I*e,Placeholder Bank,Transfer,successful,yes,yes,,,,,ENT563152875530,37200
TXN-004125,CUS-0335,9937290469,2026-08-08 17:04,POS,debit,3500,Market Stall POS,,POS purchase,successful,yes,,,,,,ENT849391449615,1196000
TXN-001253,CUS-0103,9949574415,2026-08-08 17:58,POS,debit,3500,QuickBuy Online (fictional),,POS purchase,successful,yes,,,,,,ENT581482307268,381500
TXN-002397,CUS-0195,9911125736,2026-08-08 18:06,WEB,debit,2500,StreamFlix (fictional),,Online card payment,successful,yes,,,,,,ENT380098682438,2462500
TXN-001821,CUS-0149,9932706983,2026-08-08 18:14,POS,debit,1500,Pharmacy Plus (fictional),,POS purchase,successful,yes,,,,,,ENT276755190901,328500
TXN-000038,CUS-0003,9944729405,2026-08-08 18:15,USSD,debit,1000,Airtime (fictional network),,Airtime purchase,successful,yes,,,,,,ENT111517354748,257000
TXN-005971,CUS-0483,9956134913,2026-08-08 19:14,TRANSFER,debit,20000,Aminu B***o,Placeholder Bank,Transfer,successful,yes,yes,,,,,ENT724917449949,183000
TXN-002868,CUS-0232,9902084385,2026-08-08 19:22,TRANSFER,debit,50000,Ese A*****o,Quick Fictional Bank,Transfer,successful,yes,yes,,,,,ENT604983262314,1029000
TXN-000473,CUS-0040,9954177588,2026-08-08 19:39,TRANSFER,debit,5000,Nkechi E****g,Sample Savings Bank,Transfer,successful,yes,yes,,,,,ENT403219454874,522500
TXN-002293,CUS-0187,9956885470,2026-08-08 20:01,ATM,debit,40000,Other bank ATM,,ATM withdrawal,successful,yes,,no,,,,ENT118627421311,2580000
TXN-005441,CUS-0441,9989912305,2026-08-08 20:07,POS,debit,12500,Bolt-like Rides (fictional),,POS purchase,successful,yes,,,,,,ENT965964210888,167500
TXN-001999,CUS-0163,9985476677,2026-08-08 20:14,USSD,debit,500,Airtime (fictional network),,Airtime purchase,successful,yes,,,,,,ENT707182589630,187000
TXN-000941,CUS-0078,9938696953,2026-08-08 20:31,ATM,debit,40000,ENTIN ATM,,ATM withdrawal,successful,yes,,yes,,,,ENT578983699304,2580000
TXN-002681,CUS-0217,9923754061,2026-08-08 20:31,TRANSFER,debit,5000,Chiamaka S***u,Placeholder Bank,Transfer,successful,yes,yes,,,,,ENT607260823279,702200
TXN-000161,CUS-0014,9922264686,2026-08-08 20:35,POS,debit,45000,Market Stall POS,,POS purchase,successful,yes,,,,,,ENT613785095268,166500
TXN-004905,CUS-0397,9939504343,2026-08-08 20:58,POS,debit,1500,Bolt-like Rides (fictional),,POS purchase,successful,yes,,,,,,ENT552881040778,2468500
TXN-000508,CUS-0042,9938560739,2026-08-08 20:59,POS,debit,12500,Filling Station (fictional),,POS purchase,successful,yes,,,,,,ENT994201219758,2588000
TXN-002484,CUS-0202,9914950549,2026-08-08 21:02,POS,debit,22000,ShopRite-like Store (fictional),,POS purchase,successful,yes,,,,,,ENT356076254729,2508000
TXN-003992,CUS-0324,9957360445,2026-08-08 21:59,TRANSFER,debit,50000,Fatima O******e,Quick Fictional Bank,Transfer,successful,yes,yes,,,,,ENT803416647493,948500
TXN-005128,CUS-0415,9933680819,2026-08-08 22:20,ATM,debit,20000,Other bank ATM,,ATM withdrawal,successful,yes,,no,,,,ENT247326429502,257500
TXN-005748,CUS-0465,9919915036,2026-08-08 22:24,USSD,debit,2000,Airtime (fictional network),,Airtime purchase,successful,yes,,,,,,ENT627439500765,1106000
TXN-001753,CUS-0144,9986071964,2026-08-08 22:34,POS,debit,22000,Bolt-like Rides (fictional),,POS purchase,successful,yes,,,,,,ENT887336062784,248100
TXN-006031,CUS-0488,9947422699,2026-08-08 22:36,POS,debit,22000,ShopRite-like Store (fictional),,POS purchase,successful,yes,,,,,,ENT591580046709,202400
TXN-004341,CUS-0353,9939159099,2026-08-08 22:42,USSD,debit,2000,Airtime (fictional network),,Airtime purchase,successful,yes,,,,,,ENT500101807614,394500
TXN-002311,CUS-0188,9925691517,2026-08-08 23:21,TRANSFER,debit,35000,Patience G***a,Quick Fictional Bank,Transfer,successful,yes,yes,,,,,ENT547984287613,1010000
TXN-000093,CUS-0008,9971475136,2026-08-08 23:32,TRANSFER,debit,10000,Musa O******i,Placeholder Bank,Transfer,successful,yes,yes,,,,,ENT923473670161,883700
TXN-000629,CUS-0052,9965013327,2026-08-08 23:32,POS,debit,3500,Market Stall POS,,POS purchase,successful,yes,,,,,,ENT990754242546,2521200
TXN-004861,CUS-0394,9948693005,2026-08-08 23:40,POS,debit,45000,Pharmacy Plus (fictional),,POS purchase,successful,yes,,,,,,ENT353885535794,283500
TXN-004243,CUS-0345,9954456726,2026-08-09 00:07,POS,debit,7800,QuickBuy Online (fictional),,POS purchase,successful,yes,,,,,,ENT316525232182,216600
TXN-003565,CUS-0288,9972097656,2026-08-09 00:30,TRANSFER,debit,10000,Funke A*****o,Placeholder Bank,Transfer,successful,yes,yes,,,,,ENT342601147346,2871500
TXN-002282,CUS-0186,9978728285,2026-08-09 00:37,POS,debit,1500,Market Stall POS,,POS purchase,successful,yes,,,,,,ENT283043941590,2486500
TXN-004268,CUS-0347,9910644250,2026-08-09 00:40,ATM,debit,20000,ENTIN ATM,,ATM withdrawal,successful,yes,,yes,,,,ENT985089986148,525000
TXN-003871,CUS-0314,9990571386,2026-08-09 00:57,POS,debit,1500,StreamFlix (fictional),,POS purchase,successful,yes,,,,,,ENT400135291924,188500
TXN-005318,CUS-0431,9985406888,2026-08-09 01:22,TRANSFER,debit,50000,Aminu O***o,Fictional Trust Bank,Transfer,successful,yes,yes,,,,,ENT710407500351,2557500
TXN-005453,CUS-0442,9996044337,2026-08-09 01:41,POS,debit,1500,QuickBuy Online (fictional),,POS purchase,successful,yes,,,,,,ENT450175196323,3096500
TXN-005935,CUS-0480,9952051483,2026-08-09 01:59,POS,debit,7800,StreamFlix (fictional),,POS purchase,successful,yes,,,,,,ENT544282772506,3142200
TXN-005484,CUS-0444,9984434096,2026-08-09 02:09,ATM,debit,10000,Other bank ATM,,ATM withdrawal,successful,yes,,no,,,,ENT208021452052,253000
TXN-002866,CUS-0232,9902084385,2026-08-09 02:11,TRANSFER,debit,20000,Ifeanyi A***n,Placeholder Bank,Transfer,successful,yes,yes,,,,,ENT726693608142,1009000
TXN-005726,CUS-0464,9998523750,2026-08-09 02:13,POS,debit,12500,Market Stall POS,,POS purchase,successful,yes,,,,,,ENT769916126446,460500
TXN-000645,CUS-0053,9916354011,2026-08-09 02:17,TRANSFER,debit,20000,Yemisi I***s,Sample Savings Bank,Transfer,successful,yes,yes,,,,,ENT643399195608,2568000
TXN-003113,CUS-0251,9972251933,2026-08-09 02:26,TRANSFER,debit,10000,Lola U**h,Fictional Trust Bank,Transfer,successful,yes,yes,,,,,ENT698669154624,247500
TXN-005316,CUS-0431,9985406888,2026-08-09 02:29,POS,debit,22000,Filling Station (fictional),,POS purchase,successful,yes,,,,,,ENT708970663675,2535500
TXN-001151,CUS-0095,9966981433,2026-08-09 02:47,POS,debit,12500,Market Stall POS,,POS purchase,successful,yes,,,,,,ENT249964282165,13500
TXN-003630,CUS-0294,9981044386,2026-08-09 03:18,POS,debit,22000,Market Stall POS,,POS purchase,successful,yes,,,,,,ENT643204394888,2563000
TXN-001286,CUS-0106,9959061922,2026-08-09 03:20,TRANSFER,debit,100000,Segun O*u,Quick Fictional Bank,Transfer,successful,yes,yes,,,,,ENT926140112041,170000
TXN-000753,CUS-0062,9913785222,2026-08-09 03:30,POS,debit,7800,Pharmacy Plus (fictional),,POS purchase,successful,yes,,,,,,ENT844916007340,1228200
TXN-005381,CUS-0436,9957764503,2026-08-09 03:42,POS,debit,22000,QuickBuy Online (fictional),,POS purchase,successful,yes,,,,,,ENT219132270870,1244200
TXN-005900,CUS-0477,9950606428,2026-08-09 04:20,POS,debit,1500,ShopRite-like Store (fictional),,POS purchase,successful,yes,,,,,,ENT329966617325,88500
TXN-002937,CUS-0237,9969336506,2026-08-09 04:36,USSD,debit,500,Airtime (fictional network),,Airtime purchase,successful,yes,,,,,,ENT363791171056,67000
TXN-004105,CUS-0334,9962266421,2026-08-09 04:54,POS,debit,3500,Lekki Luxury Stores,,POS purchase,successful,yes,,,,,,ENT606515260597,1428000
TXN-005955,CUS-0482,9931572769,2026-08-09 04:56,POS,debit,22000,Bolt-like Rides (fictional),,POS purchase,successful,yes,,,,,,ENT183172363238,694600
TXN-002258,CUS-0184,9912799315,2026-08-09 05:13,ATM,debit,40000,Other bank ATM,,ATM withdrawal,successful,yes,,no,,,,ENT279495979239,1213500
TXN-005746,CUS-0465,9919915036,2026-08-09 05:14,POS,debit,3500,Market Stall POS,,POS purchase,successful,yes,,,,,,ENT631599856368,1102500
TXN-004062,CUS-0330,9955477122,2026-08-09 05:23,USSD,debit,2000,Airtime (fictional network),,Airtime purchase,successful,yes,,,,,,ENT874872887239,2617500
TXN-001785,CUS-0146,9915789794,2026-08-09 05:38,POS,debit,12500,Pharmacy Plus (fictional),,POS purchase,successful,yes,,,,,,ENT945880240285,312500
TXN-003510,CUS-0283,9992725775,2026-08-09 06:09,TRANSFER,debit,10000,Kunle A***u,Fictional Trust Bank,Transfer,successful,yes,yes,,,,,ENT555016418448,407200
TXN-001368,CUS-0112,9942365966,2026-08-09 06:19,TRANSFER,debit,10000,Joy N***u,Fictional Trust Bank,Transfer,successful,yes,yes,,,,,ENT314600973675,270000
TXN-005048,CUS-0409,9926600363,2026-08-09 06:37,ATM,debit,10000,ENTIN ATM,,ATM withdrawal,successful,yes,,yes,,,,ENT787779948042,537000
TXN-000712,CUS-0059,9990421631,2026-08-09 06:51,USSD,debit,5000,Airtime (fictional network),,Airtime purchase,successful,yes,,,,,,ENT270858838502,795000
TXN-002702,CUS-0219,9930963627,2026-08-09 06:51,POS,debit,7800,QuickBuy Online (fictional),,POS purchase,successful,yes,,,,,,ENT235933816285,112200
TXN-002129,CUS-0173,9937785973,2026-08-09 06:54,USSD,debit,5000,Airtime (fictional network),,Airtime purchase,successful,yes,,,,,,ENT269158388077,946000
TXN-001713,CUS-0140,9975216214,2026-08-09 07:02,USSD,debit,2000,Airtime (fictional network),,Airtime purchase,successful,yes,,,,,,ENT636688210582,796500
TXN-004582,CUS-0372,9937583244,2026-08-09 07:21,POS,debit,1500,Bolt-like Rides (fictional),,POS purchase,successful,yes,,,,,,ENT114995182384,1002500
TXN-003735,CUS-0302,9916038871,2026-08-09 07:25,USSD,debit,5000,Airtime (fictional network),,Airtime purchase,successful,yes,,,,,,ENT581420082401,672500
TXN-000491,CUS-0041,9902520161,2026-08-09 08:08,TRANSFER,debit,20000,Kunle A*****e,Demo Microfinance Bank,Transfer,successful,yes,yes,,,,,ENT641981122184,1238200
TXN-005174,CUS-0419,9947242692,2026-08-09 08:37,POS,debit,3500,Pharmacy Plus (fictional),,POS purchase,successful,yes,,,,,,ENT878924910604,795500
TXN-005734,CUS-0464,9998523750,2026-08-09 08:59,TRANSFER,debit,35000,Zainab N***u,Quick Fictional Bank,Transfer,successful,yes,yes,,,,,ENT403441298913,425500
TXN-004608,CUS-0374,9931151207,2026-08-09 09:18,WEB,debit,2500,StreamFlix (fictional),,Online card payment,successful,yes,,,,,,ENT159000678835,553500
TXN-006088,CUS-0492,9909587010,2026-08-09 09:20,TRANSFER,debit,35000,Adaeze O****r,Demo Microfinance Bank,Transfer,successful,yes,yes,,,,,ENT142139699170,1468200
TXN-004559,CUS-0370,9934238589,2026-08-09 09:54,WEB,debit,15000,QuickBuy Online (fictional),,Online card payment,successful,yes,,,,,,ENT864256716673,1079000
TXN-005082,CUS-0412,9954372850,2026-08-09 09:55,USSD,debit,1000,Airtime (fictional network),,Airtime purchase,successful,yes,,,,,,ENT309554132087,398700
TXN-002151,CUS-0175,9903136249,2026-08-09 09:58,USSD,debit,500,Airtime (fictional network),,Airtime purchase,successful,yes,,,,,,ENT429656228730,329500
TXN-003949,CUS-0320,9939671395,2026-08-09 09:59,POS,debit,3500,Market Stall POS,,POS purchase,successful,yes,,,,,,ENT690449140193,380900
TXN-002644,CUS-0215,9948992789,2026-08-09 10:00,TRANSFER,debit,35000,Maryam S***u,Fictional Trust Bank,Transfer,successful,yes,yes,,,,,ENT482970242642,197200
TXN-004319,CUS-0351,9935890704,2026-08-09 10:06,USSD,debit,5000,Airtime (fictional network),,Airtime purchase,successful,yes,,,,,,ENT908294677482,215000
TXN-002587,CUS-0210,9911316159,2026-08-09 10:13,TRANSFER,debit,5000,Hadiza O*****o,Fictional Trust Bank,Transfer,successful,yes,yes,,,,,ENT107154890159,1493500
TXN-001005,CUS-0083,9950496570,2026-08-09 10:32,POS,debit,22000,QuickBuy Online (fictional),,POS purchase,successful,yes,,,,,,ENT161977494606,173000
TXN-002705,CUS-0219,9930963627,2026-08-09 10:36,USSD,debit,500,Airtime (fictional network),,Airtime purchase,successful,yes,,,,,,ENT162411080140,111700
TXN-004552,CUS-0369,9982914423,2026-08-09 10:50,USSD,debit,5000,Airtime (fictional network),,Airtime purchase,successful,yes,,,,,,ENT667409772684,537500
TXN-002202,CUS-0179,9929958470,2026-08-09 12:45,WEB,debit,4500,QuickBuy Online (fictional),,Online card payment,successful,yes,,,,,,ENT663303158722,198500
TXN-002786,CUS-0226,9909301930,2026-08-09 12:45,POS,debit,45000,StreamFlix (fictional),,POS purchase,successful,yes,,,,,,ENT616471203031,262200
TXN-005953,CUS-0482,9931572769,2026-08-09 13:11,POS,debit,7800,Market Stall POS,,POS purchase,successful,yes,,,,,,ENT545392309339,686800
TXN-002976,CUS-0240,9926272745,2026-08-09 13:28,POS,debit,3500,Pharmacy Plus (fictional),,POS purchase,successful,yes,,,,,,ENT577071843994,546600
TXN-002192,CUS-0179,9929958470,2026-08-09 14:00,TRANSFER,debit,5000,Seun O***o,Quick Fictional Bank,Transfer,successful,yes,yes,,,,,ENT660734887754,193500
TXN-002935,CUS-0237,9969336506,2026-08-09 14:06,ATM,debit,10000,ENTIN ATM,,ATM withdrawal,successful,yes,,yes,,,,ENT105763169938,57000
TXN-002086,CUS-0170,9942564933,2026-08-09 14:08,ATM,debit,10000,Other bank ATM,,ATM withdrawal,successful,yes,,no,,,,ENT266648249231,485000
TXN-003494,CUS-0282,9946306844,2026-08-09 14:30,POS,debit,3500,Lekki Luxury Stores,,POS purchase,successful,yes,,,,,,ENT310004360177,1499700
TXN-001324,CUS-0109,9926445274,2026-08-09 14:46,ATM,debit,40000,Other bank ATM,,ATM withdrawal,successful,yes,,no,,,,ENT420211632258,301500
TXN-005914,CUS-0478,9926098818,2026-08-09 14:46,POS,debit,7800,Pharmacy Plus (fictional),,POS purchase,successful,yes,,,,,,ENT532683587847,3108200
TXN-003522,CUS-0284,9966833571,2026-08-09 14:58,USSD,debit,500,Airtime (fictional network),,Airtime purchase,successful,yes,,,,,,ENT114950725642,1066000
TXN-005759,CUS-0466,9921435033,2026-08-09 14:58,POS,debit,3500,Filling Station (fictional),,POS purchase,successful,yes,,,,,,ENT432529212213,569000
TXN-003461,CUS-0279,9955326148,2026-08-09 15:04,WEB,debit,2500,Lekki Luxury Stores,,Online card payment,successful,yes,,,,,,ENT849324791482,308000
TXN-000564,CUS-0047,9969585190,2026-08-09 15:14,TRANSFER,debit,35000,Usman A***n,Sample Savings Bank,Transfer,successful,yes,yes,,,,,ENT661837298276,175000
TXN-002512,CUS-0204,9937567822,2026-08-09 15:19,USSD,debit,2000,Airtime (fictional network),,Airtime purchase,successful,yes,,,,,,ENT179543096059,353000
TXN-003274,CUS-0264,9910453125,2026-08-09 15:47,ATM,debit,40000,Other bank ATM,,ATM withdrawal,successful,yes,,no,,,,ENT824030313189,122500
TXN-006152,CUS-0497,9975222469,2026-08-09 15:51,ATM,debit,20000,ENTIN ATM,,ATM withdrawal,successful,yes,,yes,,,,ENT980769435580,120500
TXN-004350,CUS-0353,9939159099,2026-08-09 15:56,ATM,debit,20000,Other bank ATM,,ATM withdrawal,successful,yes,,no,,,,ENT801979372032,374500
TXN-003152,CUS-0254,9910485144,2026-08-09 15:59,USSD,debit,2000,Airtime (fictional network),,Airtime purchase,successful,yes,,,,,,ENT981217200867,1458000
TXN-000520,CUS-0043,9985469059,2026-08-09 16:10,ATM,debit,20000,ENTIN ATM,,ATM withdrawal,successful,yes,,yes,,,,ENT444636211517,339000
TXN-004217,CUS-0343,9922438945,2026-08-09 17:08,POS,debit,12500,QuickBuy Online (fictional),,POS purchase,successful,yes,,,,,,ENT229734610270,428000
TXN-005554,CUS-0450,9931478410,2026-08-09 17:13,TRANSFER,debit,35000,Bisola A*****o,Demo Microfinance Bank,Transfer,successful,yes,yes,,,,,ENT748792372818,390000
TXN-004591,CUS-0373,9932052387,2026-08-09 17:24,USSD,debit,1000,Airtime (fictional network),,Airtime purchase,successful,yes,,,,,,ENT122927853120,26200
TXN-001942,CUS-0159,9941946065,2026-08-09 17:47,TRANSFER,debit,20000,Ronke O*****o,Demo Microfinance Bank,Transfer,successful,yes,yes,,,,,ENT330089672279,642000
TXN-001735,CUS-0142,9986367800,2026-08-09 18:04,USSD,debit,2000,Airtime (fictional network),,Airtime purchase,successful,yes,,,,,,ENT275828764608,996000
TXN-005008,CUS-0406,9986833881,2026-08-09 18:36,POS,debit,3500,ShopRite-like Store (fictional),,POS purchase,successful,yes,,,,,,ENT932497842404,11000
TXN-000551,CUS-0046,9968179223,2026-08-09 18:45,USSD,debit,500,Airtime (fictional network),,Airtime purchase,successful,yes,,,,,,ENT185888412191,843000
TXN-004399,CUS-0357,9982452077,2026-08-09 18:53,USSD,debit,500,Airtime (fictional network),,Airtime purchase,successful,yes,,,,,,ENT461216458372,517700
TXN-004613,CUS-0374,9931151207,2026-08-09 19:00,POS,debit,3500,Filling Station (fictional),,POS purchase,successful,yes,,,,,,ENT304804218936,550000
TXN-000421,CUS-0035,9955689832,2026-08-09 19:27,USSD,debit,5000,Airtime (fictional network),,Airtime purchase,successful,yes,,,,,,ENT921960751351,2470500
TXN-001870,CUS-0153,9979262701,2026-08-09 19:43,TRANSFER,debit,35000,Ngozi O******e,Quick Fictional Bank,Transfer,successful,yes,yes,,,,,ENT831072659351,289000
TXN-002668,CUS-0216,9903471072,2026-08-09 20:02,USSD,debit,5000,Airtime (fictional network),,Airtime purchase,successful,yes,,,,,,ENT282385320602,2625000
TXN-000593,CUS-0049,9996745219,2026-08-09 20:09,POS,debit,1500,ShopRite-like Store (fictional),,POS purchase,successful,yes,,,,,,ENT764301763703,1449000
TXN-003265,CUS-0263,9950345134,2026-08-09 20:11,TRANSFER,debit,50000,Zainab Y***f,Sample Savings Bank,Transfer,successful,yes,yes,,,,,ENT936654336299,108500
TXN-005469,CUS-0443,9932469947,2026-08-09 21:05,POS,debit,12500,QuickBuy Online (fictional),,POS purchase,successful,yes,,,,,,ENT738845487161,85000
TXN-003649,CUS-0295,9991259758,2026-08-09 21:15,TRANSFER,debit,35000,Segun A*****a,Demo Microfinance Bank,Transfer,successful,yes,yes,,,,,ENT111701886955,479500
TXN-003984,CUS-0323,9954538030,2026-08-09 21:38,POS,debit,12500,StreamFlix (fictional),,POS purchase,successful,yes,,,,,,ENT920023476420,717500
TXN-005186,CUS-0420,9939184404,2026-08-09 21:42,USSD,debit,1000,Airtime (fictional network),,Airtime purchase,successful,yes,,,,,,ENT528709061175,1005500
TXN-002019,CUS-0165,9957207101,2026-08-09 21:57,TRANSFER,debit,100000,Zainab O*u,Quick Fictional Bank,Transfer,successful,yes,yes,,,,,ENT858966632021,627500
TXN-002647,CUS-0215,9948992789,2026-08-09 22:08,POS,debit,22000,Bolt-like Rides (fictional),,POS purchase,successful,yes,,,,,,ENT401752646000,175200
TXN-003715,CUS-0301,9969065643,2026-08-09 22:09,ATM,debit,20000,ENTIN ATM,,ATM withdrawal,successful,yes,,yes,,,,ENT327817857898,260000
TXN-000814,CUS-0068,9934217233,2026-08-09 22:51,WEB,debit,2500,QuickBuy Online (fictional),,Online card payment,successful,yes,,,,,,ENT223043035963,567500
TXN-000773,CUS-0064,9901461338,2026-08-09 23:34,TRANSFER,debit,20000,Musa O***o,Sample Savings Bank,Transfer,successful,yes,yes,,,,,ENT264477765640,536500
TXN-000049,CUS-0004,9989768469,2026-08-10 00:32,WEB,debit,4500,Bolt-like Rides (fictional),,Online card payment,successful,yes,,,,,,ENT464558468982,1015000
TXN-004841,CUS-0392,9991287050,2026-08-10 01:09,WEB,debit,15000,StreamFlix (fictional),,Online card payment,successful,yes,,,,,,ENT903553761592,488000
TXN-000690,CUS-0057,9939955156,2026-08-10 01:31,POS,debit,1500,Filling Station (fictional),,POS purchase,successful,yes,,,,,,ENT261459838123,679000
TXN-002172,CUS-0177,9940024094,2026-08-10 01:38,TRANSFER,debit,100000,Funke O******n,Quick Fictional Bank,Transfer,successful,yes,yes,,,,,ENT145126333350,6500
TXN-001616,CUS-0132,9913900264,2026-08-10 01:40,TRANSFER,debit,35000,Fatima O*i,Demo Microfinance Bank,Transfer,successful,yes,yes,,,,,ENT909463647969,2557500
TXN-000612,CUS-0050,9988645732,2026-08-10 01:56,POS,debit,22000,Lekki Luxury Stores,,POS purchase,successful,yes,,,,,,ENT999872405544,256000
TXN-005435,CUS-0440,9953918603,2026-08-10 01:57,WEB,debit,15000,QuickBuy Online (fictional),,Online card payment,successful,yes,,,,,,ENT291186336163,483600
TXN-004149,CUS-0337,9928921183,2026-08-10 03:08,TRANSFER,debit,20000,Adaeze O******e,Fictional Trust Bank,Transfer,successful,yes,yes,,,,,ENT916644287082,2864500
TXN-001670,CUS-0137,9965386482,2026-08-10 03:17,TRANSFER,debit,100000,Daniel O*****e,Fictional Trust Bank,Transfer,successful,yes,yes,,,,,ENT120481790915,75000
TXN-004432,CUS-0360,9950802361,2026-08-10 03:48,WEB,debit,15000,QuickBuy Online (fictional),,Online card payment,successful,yes,,,,,,ENT188910956669,2865000
TXN-002743,CUS-0222,9943397743,2026-08-10 04:04,TRANSFER,debit,20000,Ronke F*****a,Fictional Trust Bank,Transfer,successful,yes,yes,,,,,ENT605064929155,630500
TXN-000338,CUS-0028,9955696327,2026-08-10 04:16,ATM,debit,10000,ENTIN ATM,,ATM withdrawal,successful,yes,,yes,,,,ENT895514302430,212500
TXN-005023,CUS-0407,9927834375,2026-08-10 04:18,POS,debit,3500,Mama Put Kitchen,,POS purchase,successful,yes,,,,,,ENT249811648172,80500
TXN-004206,CUS-0342,9945277907,2026-08-10 05:24,ATM,debit,20000,ENTIN ATM,,ATM withdrawal,successful,yes,,yes,,,,ENT730523685656,1010000
TXN-003399,CUS-0274,9955297955,2026-08-10 05:27,TRANSFER,debit,50000,Tunde O****e,Demo Microfinance Bank,Transfer,successful,yes,yes,,,,,ENT398041480663,132200
TXN-005121,CUS-0415,9933680819,2026-08-10 05:31,USSD,debit,5000,Airtime (fictional network),,Airtime purchase,successful,yes,,,,,,ENT264187399218,252500
TXN-005239,CUS-0425,9940818369,2026-08-10 05:33,POS,debit,3500,Bolt-like Rides (fictional),,POS purchase,successful,yes,,,,,,ENT120036605135,271000
TXN-002240,CUS-0183,9902993351,2026-08-10 05:42,ATM,debit,20000,Other bank ATM,,ATM withdrawal,successful,yes,,no,,,,ENT535141844182,2537500
TXN-003688,CUS-0298,9994675331,2026-08-10 05:42,ATM,debit,20000,Other bank ATM,,ATM withdrawal,successful,yes,,no,,,,ENT575127101775,1090000
TXN-002429,CUS-0198,9908529541,2026-08-10 05:50,TRANSFER,debit,50000,Kelechi A*****i,Placeholder Bank,Transfer,successful,yes,yes,,,,,ENT835012123178,158000
TXN-002327,CUS-0190,9967378530,2026-08-10 05:51,POS,debit,45000,ShopRite-like Store (fictional),,POS purchase,successful,yes,,,,,,ENT108362520533,1484700
TXN-002983,CUS-0240,9926272745,2026-08-10 06:05,POS,debit,12500,QuickBuy Online (fictional),,POS purchase,successful,yes,,,,,,ENT181338053511,534100
TXN-001414,CUS-0116,9962245900,2026-08-10 06:48,WEB,debit,4500,QuickBuy Online (fictional),,Online card payment,successful,yes,,,,,,ENT572864689402,1045500
TXN-005040,CUS-0409,9926600363,2026-08-10 06:48,WEB,debit,9900,Lekki Luxury Stores,,Online card payment,successful,yes,,,,,,ENT636553919229,527100
TXN-004569,CUS-0371,9907694305,2026-08-10 07:03,ATM,debit,10000,Other bank ATM,,ATM withdrawal,successful,yes,,no,,,,ENT148981147890,51700
TXN-002514,CUS-0204,9937567822,2026-08-10 07:18,WEB,debit,4500,Bolt-like Rides (fictional),,Online card payment,successful,yes,,,,,,ENT971173728383,348500
TXN-004367,CUS-0355,9924902182,2026-08-10 08:13,WEB,debit,4500,Bolt-like Rides (fictional),,Online card payment,successful,yes,,,,,,ENT440976560761,130000
TXN-000486,CUS-0041,9902520161,2026-08-10 08:36,TRANSFER,debit,35000,Yemisi O***e,Quick Fictional Bank,Transfer,successful,yes,yes,,,,,ENT384792961082,1203200
TXN-002565,CUS-0208,9908562995,2026-08-10 09:11,WEB,debit,4500,StreamFlix (fictional),,Online card payment,successful,yes,,,,,,ENT623233798664,2704200
TXN-005276,CUS-0428,9988816041,2026-08-10 09:38,POS,debit,22000,ShopRite-like Store (fictional),,POS purchase,successful,yes,,,,,,ENT798777641595,241000
TXN-004372,CUS-0355,9924902182,2026-08-10 10:11,POS,debit,22000,Lekki Luxury Stores,,POS purchase,successful,yes,,,,,,ENT745549724133,108000
TXN-004072,CUS-0331,9925736997,2026-08-10 11:30,POS,debit,12500,Mama Put Kitchen,,POS purchase,successful,yes,,,,,,ENT416162202017,150000
TXN-002766,CUS-0224,9958085404,2026-08-10 11:40,ATM,debit,20000,Other bank ATM,,ATM withdrawal,successful,yes,,no,,,,ENT580100890651,2478000
TXN-004207,CUS-0342,9945277907,2026-08-10 11:52,POS,debit,22000,Mama Put Kitchen,,POS purchase,successful,yes,,,,,,ENT448397695759,988000
TXN-000927,CUS-0077,9956378276,2026-08-10 11:54,WEB,debit,4500,QuickBuy Online (fictional),,Online card payment,successful,yes,,,,,,ENT174502280494,321000
TXN-000299,CUS-0025,9948452630,2026-08-10 12:11,USSD,debit,500,Airtime (fictional network),,Airtime purchase,successful,yes,,,,,,ENT315303240456,489700
TXN-002071,CUS-0169,9984249158,2026-08-10 12:40,TRANSFER,debit,20000,Joy E****g,Sample Savings Bank,Transfer,successful,yes,yes,,,,,ENT966992624657,294700
TXN-003101,CUS-0250,9922213933,2026-08-10 12:40,TRANSFER,debit,35000,Ifeanyi N***i,Sample Savings Bank,Transfer,successful,yes,yes,,,,,ENT840327152649,315000
TXN-001708,CUS-0140,9975216214,2026-08-10 12:56,TRANSFER,debit,35000,Daniel S**e,Demo Microfinance Bank,Transfer,successful,yes,yes,,,,,ENT888044159085,761500
TXN-005960,CUS-0482,9931572769,2026-08-10 13:05,POS,debit,22000,ShopRite-like Store (fictional),,POS purchase,successful,yes,,,,,,ENT835212886827,664800
TXN-005893,CUS-0477,9950606428,2026-08-10 13:14,POS,debit,22000,Mama Put Kitchen,,POS purchase,successful,yes,,,,,,ENT948924188181,66500
TXN-001438,CUS-0118,9975049979,2026-08-10 13:27,USSD,debit,1000,Airtime (fictional network),,Airtime purchase,successful,yes,,,,,,ENT317874101227,306500
TXN-004530,CUS-0367,9951406955,2026-08-10 13:49,POS,debit,12500,Bolt-like Rides (fictional),,POS purchase,successful,yes,,,,,,ENT629928624859,2717500
TXN-002405,CUS-0196,9967074401,2026-08-10 14:01,POS,debit,22000,StreamFlix (fictional),,POS purchase,successful,yes,,,,,,ENT936561675499,197500
TXN-001075,CUS-0089,9995292074,2026-08-10 14:36,POS,debit,7800,Pharmacy Plus (fictional),,POS purchase,successful,yes,,,,,,ENT254354420402,705700
TXN-001296,CUS-0107,9961387303,2026-08-10 14:57,USSD,debit,500,Airtime (fictional network),,Airtime purchase,successful,yes,,,,,,ENT868717410930,301500
TXN-002134,CUS-0174,9904061872,2026-08-10 15:02,TRANSFER,debit,35000,Hauwa O***e,Fictional Trust Bank,Transfer,successful,yes,yes,,,,,ENT335634169000,3102200
TXN-005757,CUS-0466,9921435033,2026-08-10 15:08,POS,debit,12500,Lekki Luxury Stores,,POS purchase,successful,yes,,,,,,ENT789341727558,556500
TXN-001881,CUS-0154,9973621841,2026-08-10 15:26,ATM,debit,20000,ENTIN ATM,,ATM withdrawal,successful,yes,,yes,,,,ENT291789995291,515000
TXN-001604,CUS-0131,9915379101,2026-08-10 15:36,WEB,debit,9900,QuickBuy Online (fictional),,Online card payment,successful,yes,,,,,,ENT178338703861,332600
TXN-003273,CUS-0264,9910453125,2026-08-10 16:38,TRANSFER,debit,35000,Nkechi D*****a,Sample Savings Bank,Transfer,successful,yes,yes,,,,,ENT669992016303,87500
TXN-003646,CUS-0295,9991259758,2026-08-10 16:52,WEB,debit,2500,Bolt-like Rides (fictional),,Online card payment,successful,yes,,,,,,ENT504526764194,477000
TXN-001842,CUS-0151,9923911317,2026-08-10 17:23,POS,debit,3500,Lekki Luxury Stores,,POS purchase,successful,yes,,,,,,ENT735710504645,979000
TXN-000509,CUS-0042,9938560739,2026-08-10 17:39,POS,debit,22000,Pharmacy Plus (fictional),,POS purchase,successful,yes,,,,,,ENT454498319045,2566000
TXN-004567,CUS-0371,9907694305,2026-08-10 17:50,USSD,debit,5000,Airtime (fictional network),,Airtime purchase,successful,yes,,,,,,ENT578663389403,46700
TXN-004351,CUS-0353,9939159099,2026-08-10 17:51,POS,debit,3500,ShopRite-like Store (fictional),,POS purchase,successful,yes,,,,,,ENT698517199170,371000
TXN-003736,CUS-0302,9916038871,2026-08-10 17:52,POS,debit,12500,Filling Station (fictional),,POS purchase,successful,yes,,,,,,ENT207306206580,660000
TXN-001345,CUS-0110,9951521657,2026-08-10 18:01,TRANSFER,debit,35000,Abubakar N***u,Quick Fictional Bank,Transfer,successful,yes,yes,,,,,ENT136797100659,2584000
TXN-003753,CUS-0304,9919484159,2026-08-10 18:04,ATM,debit,40000,Other bank ATM,,ATM withdrawal,successful,yes,,no,,,,ENT404431321079,862500
TXN-003536,CUS-0285,9943032214,2026-08-10 18:50,POS,debit,3500,Market Stall POS,,POS purchase,successful,yes,,,,,,ENT342434892930,1506500
TXN-001297,CUS-0107,9961387303,2026-08-10 19:06,POS,debit,3500,Lekki Luxury Stores,,POS purchase,successful,yes,,,,,,ENT869014342815,298000
TXN-001650,CUS-0135,9907512280,2026-08-10 19:22,TRANSFER,debit,50000,Yusuf A***u,Sample Savings Bank,Transfer,successful,yes,yes,,,,,ENT717741868677,479500
TXN-002633,CUS-0214,9980024371,2026-08-10 19:55,TRANSFER,debit,50000,Seun O******e,Quick Fictional Bank,Transfer,successful,yes,yes,,,,,ENT100921245729,915200
TXN-001113,CUS-0092,9995444615,2026-08-10 19:59,ATM,debit,10000,ENTIN ATM,,ATM withdrawal,successful,yes,,yes,,,,ENT446875414634,1257200
TXN-005394,CUS-0437,9935652556,2026-08-10 20:21,POS,debit,12500,QuickBuy Online (fictional),,POS purchase,successful,yes,,,,,,ENT547716042601,726200
TXN-002992,CUS-0241,9968320519,2026-08-10 20:42,POS,debit,1500,Filling Station (fictional),,POS purchase,successful,yes,,,,,,ENT232399250884,283500
TXN-004225,CUS-0343,9922438945,2026-08-10 21:09,POS,debit,3500,Market Stall POS,,POS purchase,successful,yes,,,,,,ENT620957584939,424500
TXN-003394,CUS-0274,9955297955,2026-08-10 21:12,POS,debit,1500,Mama Put Kitchen,,POS purchase,successful,yes,,,,,,ENT509737106216,130700
TXN-004253,CUS-0346,9910643132,2026-08-10 21:28,ATM,debit,20000,Other bank ATM,,ATM withdrawal,successful,yes,,no,,,,ENT660834373226,395000
TXN-002465,CUS-0200,9967769593,2026-08-10 21:35,WEB,debit,2500,StreamFlix (fictional),,Online card payment,successful,yes,,,,,,ENT705430083638,2582500
TXN-005798,CUS-0469,9968933238,2026-08-10 21:39,POS,debit,22000,StreamFlix (fictional),,POS purchase,successful,yes,,,,,,ENT829998854900,254200
TXN-005447,CUS-0441,9989912305,2026-08-10 21:48,USSD,debit,500,Airtime (fictional network),,Airtime purchase,successful,yes,,,,,,ENT718200056431,167000
TXN-005534,CUS-0448,9949863391,2026-08-10 22:03,POS,debit,45000,StreamFlix (fictional),,POS purchase,successful,yes,,,,,,ENT475993253507,122000
TXN-001780,CUS-0146,9915789794,2026-08-10 22:18,TRANSFER,debit,10000,Blessing O***e,Sample Savings Bank,Transfer,successful,yes,yes,,,,,ENT830345708202,302500
TXN-004028,CUS-0327,9985785371,2026-08-10 22:19,USSD,debit,1000,Airtime (fictional network),,Airtime purchase,successful,yes,,,,,,ENT106832688695,704000
TXN-001447,CUS-0119,9954928452,2026-08-10 22:30,TRANSFER,debit,50000,Wale O***o,Demo Microfinance Bank,Transfer,successful,yes,yes,,,,,ENT249042099252,25500
TXN-000858,CUS-0071,9903048877,2026-08-10 22:46,USSD,debit,1000,Airtime (fictional network),,Airtime purchase,successful,yes,,,,,,ENT638469226447,271500
TXN-004503,CUS-0365,9966800555,2026-08-11 00:04,TRANSFER,debit,35000,Ebere E**t,Sample Savings Bank,Transfer,successful,yes,yes,,,,,ENT693827548135,1065000
TXN-001545,CUS-0126,9983579996,2026-08-11 00:52,POS,debit,3500,ShopRite-like Store (fictional),,POS purchase,successful,yes,,,,,,ENT416332351032,758000
TXN-002339,CUS-0191,9904355683,2026-08-11 00:53,WEB,debit,2500,Lekki Luxury Stores,,Online card payment,successful,yes,,,,,,ENT226180767253,162200
TXN-003040,CUS-0245,9974242558,2026-08-11 01:05,POS,debit,7800,Lekki Luxury Stores,,POS purchase,successful,yes,,,,,,ENT629370995526,3097200
TXN-004103,CUS-0334,9962266421,2026-08-11 01:10,ATM,debit,40000,ENTIN ATM,,ATM withdrawal,successful,yes,,yes,,,,ENT312613351262,1388000
TXN-005012,CUS-0406,9986833881,2026-08-11 01:14,POS,debit,12500,Bolt-like Rides (fictional),,POS purchase,successful,yes,,,,,,ENT360267484445,498500
TXN-002941,CUS-0237,9969336506,2026-08-11 01:29,POS,debit,7800,Pharmacy Plus (fictional),,POS purchase,successful,yes,,,,,,ENT777493947000,49200
TXN-001374,CUS-0113,9918118331,2026-08-11 01:33,POS,debit,22000,Filling Station (fictional),,POS purchase,successful,yes,,,,,,ENT484220540969,1519500
TXN-004137,CUS-0336,9952764504,2026-08-11 01:53,POS,debit,45000,StreamFlix (fictional),,POS purchase,successful,yes,,,,,,ENT389092869507,679000
TXN-001564,CUS-0128,9943949119,2026-08-11 02:02,USSD,debit,2000,Airtime (fictional network),,Airtime purchase,successful,yes,,,,,,ENT109688745012,181000
TXN-000406,CUS-0034,9918847918,2026-08-11 02:14,ATM,debit,10000,ENTIN ATM,,ATM withdrawal,successful,yes,,yes,,,,ENT305446110429,89700
TXN-002573,CUS-0209,9986925245,2026-08-11 02:30,POS,debit,45000,ShopRite-like Store (fictional),,POS purchase,successful,yes,,,,,,ENT851207669132,334500
TXN-003786,CUS-0307,9938909584,2026-08-11 02:39,ATM,debit,10000,ENTIN ATM,,ATM withdrawal,successful,yes,,yes,,,,ENT463453261320,2890000
TXN-005658,CUS-0458,9904367085,2026-08-11 02:53,POS,debit,1500,StreamFlix (fictional),,POS purchase,successful,yes,,,,,,ENT361482655233,214700
TXN-004940,CUS-0400,9927020003,2026-08-11 03:17,POS,debit,45000,Lekki Luxury Stores,,POS purchase,successful,yes,,,,,,ENT851517943098,465000
TXN-005355,CUS-0434,9998934709,2026-08-11 03:30,POS,debit,22000,Lekki Luxury Stores,,POS purchase,successful,yes,,,,,,ENT510581324468,382600
TXN-006032,CUS-0488,9947422699,2026-08-11 03:33,WEB,debit,9900,QuickBuy Online (fictional),,Online card payment,successful,yes,,,,,,ENT117062884560,192500
TXN-002830,CUS-0229,9993322503,2026-08-11 03:49,TRANSFER,debit,50000,Hauwa U**h,Demo Microfinance Bank,Transfer,successful,yes,yes,,,,,ENT243218549016,510500
TXN-003051,CUS-0246,9985384634,2026-08-11 04:04,WEB,debit,9900,StreamFlix (fictional),,Online card payment,successful,yes,,,,,,ENT722070019733,2582300
TXN-000199,CUS-0017,9946001304,2026-08-11 04:08,USSD,debit,2000,Airtime (fictional network),,Airtime purchase,successful,yes,,,,,,ENT384798064159,228500
TXN-000898,CUS-0074,9981299914,2026-08-11 04:08,ATM,debit,20000,Other bank ATM,,ATM withdrawal,successful,yes,,no,,,,ENT541758236939,158500
TXN-004740,CUS-0384,9978462464,2026-08-11 04:18,TRANSFER,debit,100000,Chiamaka O*i,Quick Fictional Bank,Transfer,successful,yes,yes,,,,,ENT111997262662,472500
TXN-002443,CUS-0199,9916644726,2026-08-11 05:36,POS,debit,1500,Mama Put Kitchen,,POS purchase,successful,yes,,,,,,ENT967608778471,469000
TXN-004219,CUS-0343,9922438945,2026-08-11 06:09,ATM,debit,10000,ENTIN ATM,,ATM withdrawal,successful,yes,,yes,,,,ENT859743713761,414500
TXN-001450,CUS-0119,9954928452,2026-08-11 06:41,TRANSFER,debit,50000,Chinedu I***s,Demo Microfinance Bank,Transfer,successful,yes,yes,,,,,ENT240840286979,475500
TXN-004544,CUS-0369,9982914423,2026-08-11 07:11,POS,debit,3500,ShopRite-like Store (fictional),,POS purchase,successful,yes,,,,,,ENT100138228746,534000
TXN-002367,CUS-0193,9961766752,2026-08-11 07:14,POS,debit,22000,Lekki Luxury Stores,,POS purchase,successful,yes,,,,,,ENT565343524539,498000
TXN-004046,CUS-0329,9953759147,2026-08-11 07:24,ATM,debit,10000,ENTIN ATM,,ATM withdrawal,successful,yes,,yes,,,,ENT250615395224,186000
TXN-000717,CUS-0059,9990421631,2026-08-11 07:46,ATM,debit,20000,ENTIN ATM,,ATM withdrawal,successful,yes,,yes,,,,ENT772167127648,775000
TXN-005382,CUS-0436,9957764503,2026-08-11 07:48,USSD,debit,500,Airtime (fictional network),,Airtime purchase,successful,yes,,,,,,ENT929300685041,1243700
TXN-005693,CUS-0461,9906704957,2026-08-11 07:51,POS,debit,12500,Pharmacy Plus (fictional),,POS purchase,successful,yes,,,,,,ENT621337358802,221000
TXN-000286,CUS-0024,9988281126,2026-08-11 07:52,TRANSFER,debit,10000,Emeka B****y,Demo Microfinance Bank,Transfer,successful,yes,yes,,,,,ENT524086301539,2563100
TXN-001348,CUS-0111,9960169676,2026-08-11 08:04,POS,debit,22000,Bolt-like Rides (fictional),,POS purchase,successful,yes,,,,,,ENT499860933364,314500
TXN-000347,CUS-0029,9914497660,2026-08-11 08:10,POS,debit,22000,Pharmacy Plus (fictional),,POS purchase,successful,yes,,,,,,ENT415846212945,996000
TXN-001961,CUS-0160,9945997181,2026-08-11 08:11,TRANSFER,debit,5000,Rukayya O******i,Quick Fictional Bank,Transfer,successful,yes,yes,,,,,ENT507615206472,427500
TXN-000352,CUS-0030,9925996775,2026-08-11 08:29,POS,debit,1500,QuickBuy Online (fictional),,POS purchase,successful,yes,,,,,,ENT793928473223,99000
TXN-002921,CUS-0236,9941663809,2026-08-11 08:33,POS,debit,22000,Lekki Luxury Stores,,POS purchase,successful,yes,,,,,,ENT277938884809,1028000
TXN-003161,CUS-0255,9927357934,2026-08-11 08:36,TRANSFER,debit,20000,Joy B***o,Quick Fictional Bank,Transfer,successful,yes,yes,,,,,ENT998345901991,995500
TXN-003581,CUS-0289,9944712177,2026-08-11 08:41,USSD,debit,2000,Airtime (fictional network),,Airtime purchase,successful,yes,,,,,,ENT867337105846,1451000
TXN-003544,CUS-0286,9930900140,2026-08-11 09:03,USSD,debit,5000,Airtime (fictional network),,Airtime purchase,successful,yes,,,,,,ENT132883044280,2607500
TXN-000618,CUS-0051,9985846388,2026-08-11 09:42,TRANSFER,debit,5000,Hadiza C****u,Sample Savings Bank,Transfer,successful,yes,yes,,,,,ENT921820033902,2615000
TXN-002863,CUS-0231,9987407604,2026-08-11 10:21,ATM,debit,20000,ENTIN ATM,,ATM withdrawal,successful,yes,,yes,,,,ENT914480698629,164500
TXN-002031,CUS-0166,9936354926,2026-08-11 10:31,TRANSFER,debit,5000,Emmanuel E*e,Placeholder Bank,Transfer,successful,yes,yes,,,,,ENT144503138600,602500
TXN-000364,CUS-0030,9925996775,2026-08-11 10:42,POS,debit,45000,Pharmacy Plus (fictional),,POS purchase,successful,yes,,,,,,ENT441815171802,54000
TXN-002383,CUS-0194,9953387952,2026-08-11 10:43,POS,debit,22000,QuickBuy Online (fictional),,POS purchase,successful,yes,,,,,,ENT881241548958,353000
TXN-001477,CUS-0121,9910108102,2026-08-11 11:04,TRANSFER,debit,10000,Maryam E**m,Sample Savings Bank,Transfer,successful,yes,yes,,,,,ENT424761312649,953000
TXN-002325,CUS-0190,9967378530,2026-08-11 11:12,WEB,debit,15000,Bolt-like Rides (fictional),,Online card payment,successful,yes,,,,,,ENT902087044403,1469700
TXN-006162,CUS-0498,9973945097,2026-08-11 11:14,TRANSFER,debit,100000,Kelechi O*u,Quick Fictional Bank,Transfer,successful,yes,yes,,,,,ENT692525221539,901500
TXN-002414,CUS-0196,9967074401,2026-08-11 11:49,WEB,debit,15000,StreamFlix (fictional),,Online card payment,successful,yes,,,,,,ENT370774100575,182500
TXN-000730,CUS-0060,9906424829,2026-08-11 11:51,POS,debit,1500,ShopRite-like Store (fictional),,POS purchase,successful,yes,,,,,,ENT120226102014,2575000
TXN-002459,CUS-0200,9967769593,2026-08-11 11:52,USSD,debit,2000,Airtime (fictional network),,Airtime purchase,successful,yes,,,,,,ENT247931759660,2580500
TXN-002018,CUS-0165,9957207101,2026-08-11 12:03,TRANSFER,debit,20000,Yusuf C****u,Demo Microfinance Bank,Transfer,successful,yes,yes,,,,,ENT995775754949,607500
TXN-004997,CUS-0405,9968853106,2026-08-11 12:03,POS,debit,7800,Bolt-like Rides (fictional),,POS purchase,successful,yes,,,,,,ENT938492038521,317200
TXN-002337,CUS-0191,9904355683,2026-08-11 12:08,POS,debit,45000,Pharmacy Plus (fictional),,POS purchase,successful,yes,,,,,,ENT839439926279,117200
TXN-001018,CUS-0085,9920987695,2026-08-11 12:14,POS,debit,22000,Lekki Luxury Stores,,POS purchase,successful,yes,,,,,,ENT702706411949,975500
TXN-001214,CUS-0100,9919172290,2026-08-11 12:32,POS,debit,7800,Filling Station (fictional),,POS purchase,successful,yes,,,,,,ENT630643845796,2409700
TXN-000005,CUS-0001,9913998698,2026-08-11 12:34,TRANSFER,debit,100000,Yemisi D*****a,Fictional Trust Bank,Transfer,successful,yes,yes,,,,,ENT809015208188,152000
TXN-001472,CUS-0121,9910108102,2026-08-11 12:43,ATM,debit,10000,ENTIN ATM,,ATM withdrawal,successful,yes,,yes,,,,ENT861420520741,943000
TXN-000305,CUS-0025,9948452630,2026-08-11 12:48,POS,debit,12500,QuickBuy Online (fictional),,POS purchase,successful,yes,,,,,,ENT778006742573,477200
TXN-000631,CUS-0052,9965013327,2026-08-11 13:06,POS,debit,7800,Bolt-like Rides (fictional),,POS purchase,successful,yes,,,,,,ENT430985010204,2513400
TXN-001861,CUS-0152,9950934230,2026-08-11 13:51,TRANSFER,debit,5000,Hadiza D*****a,Sample Savings Bank,Transfer,successful,yes,yes,,,,,ENT440863908678,621000
TXN-002015,CUS-0164,9963544644,2026-08-11 14:11,WEB,debit,9900,Lekki Luxury Stores,,Online card payment,successful,yes,,,,,,ENT401315496737,1000100
TXN-005870,CUS-0475,9942169114,2026-08-11 14:55,POS,debit,12500,Pharmacy Plus (fictional),,POS purchase,successful,yes,,,,,,ENT401411253553,259000
TXN-002490,CUS-0202,9914950549,2026-08-11 15:38,TRANSFER,debit,50000,Ebere A*******i,Placeholder Bank,Transfer,successful,yes,yes,,,,,ENT866646525493,2458000
TXN-002379,CUS-0194,9953387952,2026-08-11 16:00,POS,debit,3500,Lekki Luxury Stores,,POS purchase,successful,yes,,,,,,ENT670323536857,349500
TXN-005545,CUS-0449,9921814877,2026-08-11 16:17,TRANSFER,debit,20000,Obinna E*e,Quick Fictional Bank,Transfer,successful,yes,yes,,,,,ENT332773452386,413700
TXN-003885,CUS-0315,9960596727,2026-08-11 16:26,USSD,debit,5000,Airtime (fictional network),,Airtime purchase,successful,yes,,,,,,ENT242024342789,1106000
TXN-004775,CUS-0387,9916279824,2026-08-11 16:28,TRANSFER,debit,20000,Usman E****m,Fictional Trust Bank,Transfer,successful,yes,yes,,,,,ENT553135880548,2545000
TXN-000176,CUS-0015,9984133017,2026-08-11 16:52,TRANSFER,debit,10000,Lola O******i,Sample Savings Bank,Transfer,successful,yes,yes,,,,,ENT468585694957,2625500
TXN-000101,CUS-0009,9993319084,2026-08-11 17:20,ATM,debit,40000,Other bank ATM,,ATM withdrawal,successful,yes,,no,,,,ENT462036100690,2807200
TXN-000129,CUS-0011,9983601610,2026-08-11 17:20,ATM,debit,20000,Other bank ATM,,ATM withdrawal,successful,yes,,no,,,,ENT225621728041,151500
TXN-002609,CUS-0212,9951055574,2026-08-11 17:47,USSD,debit,1000,Airtime (fictional network),,Airtime purchase,successful,yes,,,,,,ENT104117865999,144000
TXN-004534,CUS-0368,9940190302,2026-08-11 18:25,WEB,debit,2500,QuickBuy Online (fictional),,Online card payment,successful,yes,,,,,,ENT432402107568,664600
TXN-000116,CUS-0010,9928379298,2026-08-11 18:33,TRANSFER,debit,10000,Bisola U**h,Quick Fictional Bank,Transfer,successful,yes,yes,,,,,ENT127083587498,263500
TXN-004890,CUS-0396,9979503876,2026-08-11 19:02,USSD,debit,2000,Airtime (fictional network),,Airtime purchase,successful,yes,,,,,,ENT965917381683,495000
TXN-000089,CUS-0008,9971475136,2026-08-11 19:23,POS,debit,3500,Lekki Luxury Stores,,POS purchase,successful,yes,,,,,,ENT603475892632,880200
TXN-003297,CUS-0266,9911157896,2026-08-11 19:31,ATM,debit,10000,ENTIN ATM,,ATM withdrawal,successful,yes,,yes,,,,ENT924337593712,1080000
TXN-000452,CUS-0038,9928667534,2026-08-11 19:41,POS,debit,12500,ShopRite-like Store (fictional),,POS purchase,successful,yes,,,,,,ENT191671105583,257500
TXN-005753,CUS-0466,9921435033,2026-08-11 19:49,POS,debit,3500,ShopRite-like Store (fictional),,POS purchase,successful,yes,,,,,,ENT753620277472,553000
TXN-004265,CUS-0347,9910644250,2026-08-11 20:02,TRANSFER,debit,10000,Ikenna A*****a,Fictional Trust Bank,Transfer,successful,yes,yes,,,,,ENT642369882958,515000
TXN-005058,CUS-0410,9922696173,2026-08-11 20:10,WEB,debit,15000,Lekki Luxury Stores,,Online card payment,successful,yes,,,,,,ENT454874107113,143500
TXN-000574,CUS-0047,9969585190,2026-08-11 20:32,ATM,debit,20000,ENTIN ATM,,ATM withdrawal,successful,yes,,yes,,,,ENT507573213406,155000
TXN-002420,CUS-0197,9999876763,2026-08-11 21:33,USSD,debit,500,Airtime (fictional network),,Airtime purchase,successful,yes,,,,,,ENT880510169300,744000
TXN-000942,CUS-0078,9938696953,2026-08-11 21:41,USSD,debit,500,Airtime (fictional network),,Airtime purchase,successful,yes,,,,,,ENT493318321049,2579500
TXN-004478,CUS-0363,9914265763,2026-08-11 21:53,WEB,debit,2500,Lekki Luxury Stores,,Online card payment,successful,yes,,,,,,ENT523873043460,2565500
TXN-000325,CUS-0027,9935795111,2026-08-11 22:12,TRANSFER,debit,10000,Daniel A*****o,Demo Microfinance Bank,Transfer,successful,yes,yes,,,,,ENT106001102811,1014600
TXN-001232,CUS-0102,9912452877,2026-08-11 22:12,ATM,debit,10000,Other bank ATM,,ATM withdrawal,successful,yes,,no,,,,ENT638308386518,145000
TXN-003358,CUS-0271,9915845459,2026-08-11 22:26,TRANSFER,debit,100000,Grace A*****e,Demo Microfinance Bank,Transfer,successful,yes,yes,,,,,ENT681453390084,505000
TXN-004661,CUS-0378,9920862512,2026-08-11 22:35,POS,debit,12500,ShopRite-like Store (fictional),,POS purchase,successful,yes,,,,,,ENT218688468898,2802500
TXN-002157,CUS-0176,9948340783,2026-08-11 22:36,POS,debit,12500,Pharmacy Plus (fictional),,POS purchase,successful,yes,,,,,,ENT609453814670,196500
TXN-000274,CUS-0023,9902145842,2026-08-11 22:43,POS,debit,22000,Filling Station (fictional),,POS purchase,successful,yes,,,,,,ENT330773139811,89200
TXN-002243,CUS-0183,9902993351,2026-08-11 22:49,POS,debit,45000,Market Stall POS,,POS purchase,successful,yes,,,,,,ENT510062298534,2492500
TXN-002246,CUS-0183,9902993351,2026-08-11 22:55,TRANSFER,debit,100000,Aminu N***i,Placeholder Bank,Transfer,successful,yes,yes,,,,,ENT474376498604,2392500
TXN-004891,CUS-0396,9979503876,2026-08-11 22:56,POS,debit,45000,ShopRite-like Store (fictional),,POS purchase,successful,yes,,,,,,ENT583617038624,450000
TXN-006012,CUS-0486,9956936295,2026-08-11 23:24,USSD,debit,2000,Airtime (fictional network),,Airtime purchase,successful,yes,,,,,,ENT308671561031,628000
TXN-002434,CUS-0198,9908529541,2026-08-11 23:40,POS,debit,45000,QuickBuy Online (fictional),,POS purchase,successful,yes,,,,,,ENT748925291429,113000
TXN-004855,CUS-0393,9978315160,2026-08-11 23:43,TRANSFER,debit,35000,Yusuf I*e,Sample Savings Bank,Transfer,successful,yes,yes,,,,,ENT771997863467,19000
TXN-004256,CUS-0346,9910643132,2026-08-11 23:44,WEB,debit,2500,StreamFlix (fictional),,Online card payment,successful,yes,,,,,,ENT429494221425,392500
TXN-000225,CUS-0019,9953801291,2026-08-11 23:58,POS,debit,12500,Bolt-like Rides (fictional),,POS purchase,successful,yes,,,,,,ENT670353338306,264700
TXN-002872,CUS-0232,9902084385,2026-08-12 00:02,POS,debit,12500,ShopRite-like Store (fictional),,POS purchase,successful,yes,,,,,,ENT656582629188,996500
TXN-002991,CUS-0241,9968320519,2026-08-12 00:13,USSD,debit,1000,Airtime (fictional network),,Airtime purchase,successful,yes,,,,,,ENT562558240295,282500
TXN-003596,CUS-0291,9978065578,2026-08-12 00:26,POS,debit,45000,QuickBuy Online (fictional),,POS purchase,successful,yes,,,,,,ENT840759533572,284500
TXN-002150,CUS-0175,9903136249,2026-08-12 00:35,TRANSFER,debit,20000,Funke U**r,Placeholder Bank,Transfer,successful,yes,yes,,,,,ENT474312074395,309500
TXN-002563,CUS-0208,9908562995,2026-08-12 00:36,WEB,debit,2500,Bolt-like Rides (fictional),,Online card payment,successful,yes,,,,,,ENT364121482359,2701700
TXN-001882,CUS-0154,9973621841,2026-08-12 00:42,TRANSFER,debit,5000,Bello E****g,Placeholder Bank,Transfer,successful,yes,yes,,,,,ENT698606238696,510000
TXN-004180,CUS-0340,9968650702,2026-08-12 00:46,TRANSFER,debit,20000,Fatima O*****o,Fictional Trust Bank,Transfer,successful,yes,yes,,,,,ENT714084200998,515000
TXN-000276,CUS-0023,9902145842,2026-08-12 00:56,TRANSFER,debit,35000,Musa B****e,Sample Savings Bank,Transfer,successful,yes,yes,,,,,ENT918449127882,54200
TXN-002699,CUS-0219,9930963627,2026-08-12 01:12,ATM,debit,20000,Other bank ATM,,ATM withdrawal,successful,yes,,no,,,,ENT544127917731,91700
TXN-003925,CUS-0318,9973536623,2026-08-12 01:54,ATM,debit,10000,Other bank ATM,,ATM withdrawal,successful,yes,,no,,,,ENT887751052037,936500
TXN-002326,CUS-0190,9967378530,2026-08-12 02:09,ATM,debit,20000,Other bank ATM,,ATM withdrawal,successful,yes,,no,,,,ENT766685288936,1449700
TXN-004875,CUS-0395,9969124143,2026-08-12 02:10,ATM,debit,20000,ENTIN ATM,,ATM withdrawal,successful,yes,,yes,,,,ENT173404646019,85500
TXN-004379,CUS-0356,9916389373,2026-08-12 02:46,ATM,debit,20000,ENTIN ATM,,ATM withdrawal,successful,yes,,yes,,,,ENT633371700779,217200
TXN-005929,CUS-0480,9952051483,2026-08-12 02:58,POS,debit,22000,Filling Station (fictional),,POS purchase,successful,yes,,,,,,ENT333560413844,3120200
TXN-003907,CUS-0317,9938331314,2026-08-12 03:22,USSD,debit,1000,Airtime (fictional network),,Airtime purchase,successful,yes,,,,,,ENT656817384928,336500
TXN-004096,CUS-0333,9934134297,2026-08-12 03:22,POS,debit,3500,Lekki Luxury Stores,,POS purchase,successful,yes,,,,,,ENT908182727616,220000
TXN-001050,CUS-0087,9967779214,2026-08-12 03:23,POS,debit,22000,Bolt-like Rides (fictional),,POS purchase,successful,yes,,,,,,ENT250249126657,1156000
TXN-003212,CUS-0259,9978482991,2026-08-12 03:33,POS,debit,3500,StreamFlix (fictional),,POS purchase,successful,yes,,,,,,ENT928882170015,269500
TXN-000083,CUS-0007,9977876804,2026-08-12 03:40,POS,debit,3500,Bolt-like Rides (fictional),,POS purchase,successful,yes,,,,,,ENT394570180909,434500
TXN-006111,CUS-0494,9961232402,2026-08-12 04:02,ATM,debit,10000,ENTIN ATM,,ATM withdrawal,successful,yes,,yes,,,,ENT717578394233,283500
TXN-001653,CUS-0135,9907512280,2026-08-12 05:09,TRANSFER,debit,50000,Ibrahim N*******u,Placeholder Bank,Transfer,successful,yes,yes,,,,,ENT946233758652,429500
TXN-004119,CUS-0335,9937290469,2026-08-12 05:13,TRANSFER,debit,20000,Emeka A*******i,Sample Savings Bank,Transfer,successful,yes,yes,,,,,ENT982296630586,1176000
TXN-002138,CUS-0174,9904061872,2026-08-12 05:26,WEB,debit,2500,Bolt-like Rides (fictional),,Online card payment,successful,yes,,,,,,ENT238501865910,3099700
TXN-001913,CUS-0157,9984980730,2026-08-12 05:27,ATM,debit,20000,Other bank ATM,,ATM withdrawal,successful,yes,,no,,,,ENT657622428233,1417500
TXN-004483,CUS-0364,9924622145,2026-08-12 05:32,USSD,debit,500,Airtime (fictional network),,Airtime purchase,successful,yes,,,,,,ENT126481790833,1019000
TXN-004269,CUS-0347,9910644250,2026-08-12 05:36,USSD,debit,500,Airtime (fictional network),,Airtime purchase,successful,yes,,,,,,ENT515610163307,514500
TXN-003818,CUS-0309,9907735405,2026-08-12 05:41,USSD,debit,500,Airtime (fictional network),,Airtime purchase,successful,yes,,,,,,ENT132566841193,1019600
TXN-002199,CUS-0179,9929958470,2026-08-12 05:50,POS,debit,45000,ShopRite-like Store (fictional),,POS purchase,successful,yes,,,,,,ENT222578562983,148500
TXN-004993,CUS-0404,9918022090,2026-08-12 06:10,TRANSFER,debit,50000,Funke A*****o,Quick Fictional Bank,Transfer,successful,yes,yes,,,,,ENT512281230530,577200
TXN-001048,CUS-0087,9967779214,2026-08-12 06:58,TRANSFER,debit,20000,Esther N***u,Demo Microfinance Bank,Transfer,successful,yes,yes,,,,,ENT414975825363,1136000
TXN-001060,CUS-0088,9912668692,2026-08-12 07:42,TRANSFER,debit,100000,Chinedu U**r,Demo Microfinance Bank,Transfer,successful,yes,yes,,,,,ENT214076559427,55000
TXN-004038,CUS-0328,9932477086,2026-08-12 07:43,POS,debit,7800,Market Stall POS,,POS purchase,successful,yes,,,,,,ENT757829898472,2669700
TXN-000019,CUS-0002,9917075364,2026-08-12 07:53,POS,debit,3500,Mama Put Kitchen,,POS purchase,successful,yes,,,,,,ENT623934070090,1255500
TXN-003444,CUS-0278,9932946850,2026-08-12 07:59,TRANSFER,debit,5000,Aisha O******e,Placeholder Bank,Transfer,successful,yes,yes,,,,,ENT405192295618,762500
TXN-002191,CUS-0179,9929958470,2026-08-12 08:03,TRANSFER,debit,50000,Fatima I*e,Placeholder Bank,Transfer,successful,yes,yes,,,,,ENT760191923283,98500
TXN-001968,CUS-0161,9950062013,2026-08-12 08:27,TRANSFER,debit,20000,Efe N***u,Fictional Trust Bank,Transfer,successful,yes,yes,,,,,ENT994320696279,2485000
TXN-004845,CUS-0392,9991287050,2026-08-12 08:29,POS,debit,7800,QuickBuy Online (fictional),,POS purchase,successful,yes,,,,,,ENT187682475459,480200
TXN-002636,CUS-0214,9980024371,2026-08-12 08:34,WEB,debit,15000,QuickBuy Online (fictional),,Online card payment,successful,yes,,,,,,ENT604383020117,900200
TXN-003799,CUS-0308,9937456111,2026-08-12 08:53,POS,debit,3500,ShopRite-like Store (fictional),,POS purchase,successful,yes,,,,,,ENT181731776510,731500
TXN-000670,CUS-0055,9915202994,2026-08-12 09:07,ATM,debit,20000,ENTIN ATM,,ATM withdrawal,successful,yes,,yes,,,,ENT385574061346,1040000
TXN-004173,CUS-0339,9994674369,2026-08-12 09:12,POS,debit,12500,Filling Station (fictional),,POS purchase,successful,yes,,,,,,ENT485532593882,537500
TXN-002671,CUS-0217,9923754061,2026-08-12 09:15,POS,debit,3500,ShopRite-like Store (fictional),,POS purchase,successful,yes,,,,,,ENT247510972418,698700
TXN-000153,CUS-0013,9918603208,2026-08-12 09:31,TRANSFER,debit,10000,Ese F*****a,Sample Savings Bank,Transfer,successful,yes,yes,,,,,ENT630168365967,1003000
TXN-003516,CUS-0284,9966833571,2026-08-12 10:18,POS,debit,1500,Filling Station (fictional),,POS purchase,successful,yes,,,,,,ENT713703231768,1064500
TXN-005957,CUS-0482,9931572769,2026-08-12 10:54,POS,debit,3500,Mama Put Kitchen,,POS purchase,successful,yes,,,,,,ENT391704109383,661300
TXN-001822,CUS-0149,9932706983,2026-08-12 11:04,POS,debit,45000,Filling Station (fictional),,POS purchase,successful,yes,,,,,,ENT678159540084,283500
TXN-001028,CUS-0085,9920987695,2026-08-12 11:31,WEB,debit,15000,QuickBuy Online (fictional),,Online card payment,successful,yes,,,,,,ENT630881401306,960500
TXN-002168,CUS-0177,9940024094,2026-08-12 12:35,USSD,debit,5000,Airtime (fictional network),,Airtime purchase,successful,yes,,,,,,ENT936306303590,1500
TXN-004889,CUS-0396,9979503876,2026-08-12 12:41,TRANSFER,debit,5000,Chioma O****e,Sample Savings Bank,Transfer,successful,yes,yes,,,,,ENT755625680641,445000
TXN-000643,CUS-0053,9916354011,2026-08-12 12:48,TRANSFER,debit,35000,Aminu E**m,Quick Fictional Bank,Transfer,successful,yes,yes,,,,,ENT110027594953,2533000
TXN-002059,CUS-0168,9989354914,2026-08-12 13:04,TRANSFER,debit,35000,Bukola O****r,Sample Savings Bank,Transfer,successful,yes,yes,,,,,ENT964196697534,2634200
TXN-001408,CUS-0116,9962245900,2026-08-12 13:34,ATM,debit,10000,ENTIN ATM,,ATM withdrawal,successful,yes,,yes,,,,ENT870932462572,1035500
TXN-004577,CUS-0372,9937583244,2026-08-12 14:09,USSD,debit,1000,Airtime (fictional network),,Airtime purchase,successful,yes,,,,,,ENT332252126897,1001500
TXN-003996,CUS-0324,9957360445,2026-08-12 14:23,ATM,debit,10000,Other bank ATM,,ATM withdrawal,successful,yes,,no,,,,ENT529768677114,938500
TXN-004962,CUS-0402,9957851156,2026-08-12 14:33,USSD,debit,1000,Airtime (fictional network),,Airtime purchase,successful,yes,,,,,,ENT229174057153,549500
TXN-003458,CUS-0279,9955326148,2026-08-12 14:41,TRANSFER,debit,35000,Titilayo O******e,Fictional Trust Bank,Transfer,successful,yes,yes,,,,,ENT168294130640,273000
TXN-001011,CUS-0084,9996444694,2026-08-12 14:48,USSD,debit,2000,Airtime (fictional network),,Airtime purchase,successful,yes,,,,,,ENT485012363231,193000
TXN-004615,CUS-0374,9931151207,2026-08-12 15:18,TRANSFER,debit,35000,Kelechi U**h,Sample Savings Bank,Transfer,successful,yes,yes,,,,,ENT889419092402,515000
TXN-003541,CUS-0286,9930900140,2026-08-12 15:20,USSD,debit,5000,Airtime (fictional network),,Airtime purchase,successful,yes,,,,,,ENT490409231537,2602500
TXN-003142,CUS-0253,9919879915,2026-08-12 15:25,USSD,debit,5000,Airtime (fictional network),,Airtime purchase,successful,yes,,,,,,ENT323479131334,131500
TXN-000090,CUS-0008,9971475136,2026-08-12 15:58,USSD,debit,2000,Airtime (fictional network),,Airtime purchase,successful,yes,,,,,,ENT235304840129,878200
TXN-002066,CUS-0169,9984249158,2026-08-12 16:33,TRANSFER,debit,35000,Bisola O******n,Sample Savings Bank,Transfer,successful,yes,yes,,,,,ENT153063070448,259700
TXN-002392,CUS-0195,9911125736,2026-08-12 17:16,ATM,debit,20000,Other bank ATM,,ATM withdrawal,successful,yes,,no,,,,ENT416586870302,2442500
TXN-002025,CUS-0165,9957207101,2026-08-12 17:33,USSD,debit,5000,Airtime (fictional network),,Airtime purchase,successful,yes,,,,,,ENT604992991514,602500
TXN-002730,CUS-0221,9995401710,2026-08-12 17:43,TRANSFER,debit,20000,Daniel C****u,Demo Microfinance Bank,Transfer,successful,yes,yes,,,,,ENT391018042913,622200
TXN-003601,CUS-0291,9978065578,2026-08-12 18:19,WEB,debit,9900,QuickBuy Online (fictional),,Online card payment,successful,yes,,,,,,ENT378416500638,274600
TXN-005013,CUS-0406,9986833881,2026-08-12 18:23,ATM,debit,20000,Other bank ATM,,ATM withdrawal,successful,yes,,no,,,,ENT652823021642,478500
TXN-001918,CUS-0157,9984980730,2026-08-12 18:44,POS,debit,12500,Filling Station (fictional),,POS purchase,successful,yes,,,,,,ENT259603101488,1405000
TXN-003767,CUS-0305,9912573853,2026-08-12 19:16,WEB,debit,15000,QuickBuy Online (fictional),,Online card payment,successful,yes,,,,,,ENT769587904172,139500
TXN-001845,CUS-0151,9923911317,2026-08-12 19:17,ATM,debit,10000,ENTIN ATM,,ATM withdrawal,successful,yes,,yes,,,,ENT487620377346,969000
TXN-004749,CUS-0385,9986616742,2026-08-12 19:24,TRANSFER,debit,35000,Mercy B***o,Demo Microfinance Bank,Transfer,successful,yes,yes,,,,,ENT527663573832,2533200
TXN-001841,CUS-0151,9923911317,2026-08-12 19:39,USSD,debit,2000,Airtime (fictional network),,Airtime purchase,successful,yes,,,,,,ENT858223128662,967000
TXN-003515,CUS-0284,9966833571,2026-08-12 20:09,ATM,debit,10000,ENTIN ATM,,ATM withdrawal,successful,yes,,yes,,,,ENT396329218793,1054500
TXN-004097,CUS-0333,9934134297,2026-08-12 20:09,TRANSFER,debit,10000,Obinna N*******u,Quick Fictional Bank,Transfer,successful,yes,yes,,,,,ENT444633029078,210000
TXN-004538,CUS-0368,9940190302,2026-08-12 20:24,POS,debit,7800,Mama Put Kitchen,,POS purchase,successful,yes,,,,,,ENT917161731264,656800
TXN-001663,CUS-0136,9972130516,2026-08-12 20:30,POS,debit,12500,ShopRite-like Store (fictional),,POS purchase,successful,yes,,,,,,ENT462283319757,455500
TXN-004763,CUS-0386,9930746491,2026-08-12 20:44,POS,debit,22000,StreamFlix (fictional),,POS purchase,successful,yes,,,,,,ENT164611110638,150500
TXN-003405,CUS-0275,9916289439,2026-08-12 21:00,TRANSFER,debit,20000,Ebere O******e,Sample Savings Bank,Transfer,successful,yes,yes,,,,,ENT939424438141,258500
TXN-002570,CUS-0208,9908562995,2026-08-12 21:08,ATM,debit,20000,Other bank ATM,,ATM withdrawal,successful,yes,,no,,,,ENT760996487548,2681700
TXN-005345,CUS-0433,9973633995,2026-08-12 21:44,ATM,debit,20000,Other bank ATM,,ATM withdrawal,successful,yes,,no,,,,ENT966403281019,970000
TXN-005793,CUS-0469,9968933238,2026-08-12 21:53,POS,debit,7800,Pharmacy Plus (fictional),,POS purchase,successful,yes,,,,,,ENT824295795335,246400
TXN-001358,CUS-0111,9960169676,2026-08-12 22:31,POS,debit,1500,Mama Put Kitchen,,POS purchase,successful,yes,,,,,,ENT674673236546,313000
TXN-000013,CUS-0001,9913998698,2026-08-12 22:34,ATM,debit,20000,Other bank ATM,,ATM withdrawal,successful,yes,,no,,,,ENT149345043792,132000
TXN-001716,CUS-0141,9922386162,2026-08-12 22:44,WEB,debit,2500,StreamFlix (fictional),,Online card payment,successful,yes,,,,,,ENT164443952756,142600
TXN-001903,CUS-0156,9944565338,2026-08-12 22:54,POS,debit,3500,Mama Put Kitchen,,POS purchase,successful,yes,,,,,,ENT341253206348,1248000
TXN-005830,CUS-0472,9933859016,2026-08-12 23:05,POS,debit,1500,StreamFlix (fictional),,POS purchase,successful,yes,,,,,,ENT129414874744,1008200
TXN-003344,CUS-0270,9932642118,2026-08-12 23:06,TRANSFER,debit,100000,Godwin O****r,Sample Savings Bank,Transfer,successful,yes,yes,,,,,ENT261383092778,695500
TXN-000017,CUS-0002,9917075364,2026-08-12 23:32,ATM,debit,40000,ENTIN ATM,,ATM withdrawal,successful,yes,,yes,,,,ENT188191642963,1215500
TXN-004963,CUS-0402,9957851156,2026-08-12 23:38,TRANSFER,debit,20000,Ifeanyi D*****a,Fictional Trust Bank,Transfer,successful,yes,yes,,,,,ENT409562441088,529500
TXN-005808,CUS-0470,9929794391,2026-08-12 23:57,TRANSFER,debit,50000,Lola S**e,Quick Fictional Bank,Transfer,successful,yes,yes,,,,,ENT795838817871,542500
TXN-005810,CUS-0470,9929794391,2026-08-13 00:10,WEB,debit,15000,Lekki Luxury Stores,,Online card payment,successful,yes,,,,,,ENT748067895916,527500
TXN-003757,CUS-0304,9919484159,2026-08-13 00:14,ATM,debit,10000,Other bank ATM,,ATM withdrawal,successful,yes,,no,,,,ENT432310705169,852500
TXN-000359,CUS-0030,9925996775,2026-08-13 00:23,USSD,debit,2000,Airtime (fictional network),,Airtime purchase,successful,yes,,,,,,ENT487433935887,52000
TXN-002665,CUS-0216,9903471072,2026-08-13 00:23,USSD,debit,5000,Airtime (fictional network),,Airtime purchase,successful,yes,,,,,,ENT978515712656,2620000
TXN-003011,CUS-0242,9902208747,2026-08-13 00:23,ATM,debit,20000,Other bank ATM,,ATM withdrawal,successful,yes,,no,,,,ENT414278142285,3080100
TXN-003793,CUS-0307,9938909584,2026-08-13 00:58,TRANSFER,debit,100000,Ebere A*****o,Demo Microfinance Bank,Transfer,successful,yes,yes,,,,,ENT802651658133,2790000
TXN-002701,CUS-0219,9930963627,2026-08-13 01:02,TRANSFER,debit,20000,Uche E****m,Sample Savings Bank,Transfer,successful,yes,yes,,,,,ENT661961755164,71700
TXN-005045,CUS-0409,9926600363,2026-08-13 01:11,POS,debit,45000,Filling Station (fictional),,POS purchase,successful,yes,,,,,,ENT685562750155,482100
TXN-003772,CUS-0305,9912573853,2026-08-13 01:23,USSD,debit,500,Airtime (fictional network),,Airtime purchase,successful,yes,,,,,,ENT990237258346,139000
TXN-004288,CUS-0348,9968101700,2026-08-13 01:46,USSD,debit,500,Airtime (fictional network),,Airtime purchase,successful,yes,,,,,,ENT894888842130,1502500
TXN-000137,CUS-0012,9975177992,2026-08-13 01:48,USSD,debit,500,Airtime (fictional network),,Airtime purchase,successful,yes,,,,,,ENT343152963550,2572000
TXN-002474,CUS-0201,9915856052,2026-08-13 01:50,WEB,debit,2500,StreamFlix (fictional),,Online card payment,successful,yes,,,,,,ENT157291895283,1137000
TXN-005293,CUS-0429,9962754614,2026-08-13 01:51,WEB,debit,2500,QuickBuy Online (fictional),,Online card payment,successful,yes,,,,,,ENT508810918057,1032500
TXN-000841,CUS-0070,9980801000,2026-08-13 01:52,TRANSFER,debit,100000,Patience M**a,Quick Fictional Bank,Transfer,successful,yes,yes,,,,,ENT625958964676,660000
TXN-005095,CUS-0413,9988958664,2026-08-13 02:00,POS,debit,45000,Pharmacy Plus (fictional),,POS purchase,successful,yes,,,,,,ENT900638579853,2556500
TXN-005027,CUS-0407,9927834375,2026-08-13 02:04,POS,debit,12500,Lekki Luxury Stores,,POS purchase,successful,yes,,,,,,ENT707312505791,68000
TXN-000849,CUS-0071,9903048877,2026-08-13 02:07,POS,debit,3500,Filling Station (fictional),,POS purchase,successful,yes,,,,,,ENT148223457875,268000
TXN-001239,CUS-0102,9912452877,2026-08-13 02:40,USSD,debit,500,Airtime (fictional network),,Airtime purchase,successful,yes,,,,,,ENT717830610242,144500
TXN-002624,CUS-0213,9943848714,2026-08-13 02:41,ATM,debit,10000,ENTIN ATM,,ATM withdrawal,successful,yes,,yes,,,,ENT808105490654,539500
TXN-004384,CUS-0356,9916389373,2026-08-13 02:45,POS,debit,22000,Filling Station (fictional),,POS purchase,successful,yes,,,,,,ENT504353019453,195200
TXN-004764,CUS-0386,9930746491,2026-08-13 02:45,WEB,debit,4500,StreamFlix (fictional),,Online card payment,successful,yes,,,,,,ENT532406145828,146000
TXN-001053,CUS-0087,9967779214,2026-08-13 02:49,TRANSFER,debit,100000,Bukola O***e,Quick Fictional Bank,Transfer,successful,yes,yes,,,,,ENT839953960447,1036000
TXN-000741,CUS-0061,9923524013,2026-08-13 03:19,TRANSFER,debit,10000,Usman F*****a,Sample Savings Bank,Transfer,successful,yes,yes,,,,,ENT981960658745,2610000
TXN-000771,CUS-0064,9901461338,2026-08-13 03:29,WEB,debit,4500,StreamFlix (fictional),,Online card payment,successful,yes,,,,,,ENT675920415978,532000
TXN-004459,CUS-0362,9925256262,2026-08-13 03:29,POS,debit,45000,ShopRite-like Store (fictional),,POS purchase,successful,yes,,,,,,ENT982530107518,488000
TXN-004607,CUS-0374,9931151207,2026-08-13 03:47,TRANSFER,debit,5000,Halima O******i,Fictional Trust Bank,Transfer,successful,yes,yes,,,,,ENT862474565908,510000
TXN-003519,CUS-0284,9966833571,2026-08-13 03:49,ATM,debit,20000,ENTIN ATM,,ATM withdrawal,successful,yes,,yes,,,,ENT150771047968,1034500
TXN-001329,CUS-0109,9926445274,2026-08-13 04:07,ATM,debit,20000,ENTIN ATM,,ATM withdrawal,successful,yes,,yes,,,,ENT368382294529,281500
TXN-002678,CUS-0217,9923754061,2026-08-13 04:50,POS,debit,1500,Bolt-like Rides (fictional),,POS purchase,successful,yes,,,,,,ENT702297722312,697200
TXN-002365,CUS-0193,9961766752,2026-08-13 04:57,ATM,debit,40000,ENTIN ATM,,ATM withdrawal,successful,yes,,yes,,,,ENT619745686343,458000
TXN-005804,CUS-0470,9929794391,2026-08-13 05:20,TRANSFER,debit,20000,Chiamaka O******e,Placeholder Bank,Transfer,successful,yes,yes,,,,,ENT377866449420,507500
TXN-001153,CUS-0095,9966981433,2026-08-13 05:38,POS,debit,12500,StreamFlix (fictional),,POS purchase,successful,yes,,,,,,ENT390752057256,1000
TXN-002977,CUS-0240,9926272745,2026-08-13 05:39,USSD,debit,5000,Airtime (fictional network),,Airtime purchase,successful,yes,,,,,,ENT205790587622,529100
TXN-004635,CUS-0376,9965266631,2026-08-13 06:01,TRANSFER,debit,100000,Kemi O******n,Sample Savings Bank,Transfer,successful,yes,yes,,,,,ENT206078368803,475000
TXN-000048,CUS-0004,9989768469,2026-08-13 06:10,USSD,debit,5000,Airtime (fictional network),,Airtime purchase,successful,yes,,,,,,ENT342658651256,1010000
TXN-005506,CUS-0446,9965552641,2026-08-13 06:22,TRANSFER,debit,5000,Precious F*****a,Fictional Trust Bank,Transfer,successful,yes,yes,,,,,ENT910332779859,61500
TXN-005923,CUS-0479,9976613626,2026-08-13 06:23,POS,debit,45000,Filling Station (fictional),,POS purchase,successful,yes,,,,,,ENT517433301467,540000
TXN-006019,CUS-0487,9989218380,2026-08-13 06:23,WEB,debit,15000,Bolt-like Rides (fictional),,Online card payment,successful,yes,,,,,,ENT874889492304,1010200
TXN-001299,CUS-0107,9961387303,2026-08-13 06:34,USSD,debit,5000,Airtime (fictional network),,Airtime purchase,successful,yes,,,,,,ENT746040522617,293000
TXN-003801,CUS-0308,9937456111,2026-08-13 06:42,TRANSFER,debit,50000,Seun L***l,Quick Fictional Bank,Transfer,successful,yes,yes,,,,,ENT625368549847,681500
TXN-003665,CUS-0296,9904810740,2026-08-13 06:59,TRANSFER,debit,20000,Segun M**a,Demo Microfinance Bank,Transfer,successful,yes,yes,,,,,ENT848875604242,135000
TXN-000275,CUS-0023,9902145842,2026-08-13 07:18,WEB,debit,4500,QuickBuy Online (fictional),,Online card payment,successful,yes,,,,,,ENT207627480455,49700
TXN-004169,CUS-0339,9994674369,2026-08-13 07:34,TRANSFER,debit,5000,Godwin A***n,Placeholder Bank,Transfer,successful,yes,yes,,,,,ENT430674801544,532500
TXN-006086,CUS-0492,9909587010,2026-08-13 07:53,USSD,debit,5000,Airtime (fictional network),,Airtime purchase,successful,yes,,,,,,ENT157178484550,1463200
TXN-002024,CUS-0165,9957207101,2026-08-13 08:02,POS,debit,3500,Bolt-like Rides (fictional),,POS purchase,successful,yes,,,,,,ENT893237722548,599000
TXN-004878,CUS-0395,9969124143,2026-08-13 08:02,POS,debit,12500,Lekki Luxury Stores,,POS purchase,successful,yes,,,,,,ENT761929938626,73000
TXN-003823,CUS-0310,9928648156,2026-08-13 08:07,POS,debit,45000,StreamFlix (fictional),,POS purchase,successful,yes,,,,,,ENT733553013937,109500
TXN-005824,CUS-0471,9943902366,2026-08-13 08:17,TRANSFER,debit,35000,Kelechi E**t,Sample Savings Bank,Transfer,successful,yes,yes,,,,,ENT880124320371,115000
TXN-005330,CUS-0432,9901762982,2026-08-13 08:42,POS,debit,3500,StreamFlix (fictional),,POS purchase,successful,yes,,,,,,ENT678903529930,764000
TXN-001688,CUS-0138,9902372961,2026-08-13 08:48,TRANSFER,debit,5000,Victor S**e,Sample Savings Bank,Transfer,successful,yes,yes,,,,,ENT786440511513,1008000
TXN-003262,CUS-0263,9950345134,2026-08-13 09:01,ATM,debit,20000,Other bank ATM,,ATM withdrawal,successful,yes,,no,,,,ENT545719920464,88500
TXN-003022,CUS-0243,9951135288,2026-08-13 09:07,TRANSFER,debit,100000,Chinedu M**a,Sample Savings Bank,Transfer,successful,yes,yes,,,,,ENT405658070759,146500
TXN-001795,CUS-0147,9900546598,2026-08-13 09:24,USSD,debit,500,Airtime (fictional network),,Airtime purchase,successful,yes,,,,,,ENT111839320539,1007000
TXN-002855,CUS-0231,9987407604,2026-08-13 09:34,USSD,debit,2000,Airtime (fictional network),,Airtime purchase,successful,yes,,,,,,ENT192810216778,162500
TXN-004477,CUS-0363,9914265763,2026-08-13 09:52,POS,debit,12500,ShopRite-like Store (fictional),,POS purchase,successful,yes,,,,,,ENT509052682379,2553000
TXN-005809,CUS-0470,9929794391,2026-08-13 10:13,WEB,debit,9900,Bolt-like Rides (fictional),,Online card payment,successful,yes,,,,,,ENT142059043033,497600
TXN-000531,CUS-0044,9933042845,2026-08-13 10:15,ATM,debit,20000,Other bank ATM,,ATM withdrawal,successful,yes,,no,,,,ENT231712272354,887000
TXN-001607,CUS-0131,9915379101,2026-08-13 10:38,POS,debit,7800,Market Stall POS,,POS purchase,successful,yes,,,,,,ENT507908559092,324800
TXN-002023,CUS-0165,9957207101,2026-08-13 10:40,USSD,debit,5000,Airtime (fictional network),,Airtime purchase,successful,yes,,,,,,ENT485797663002,594000
TXN-000880,CUS-0073,9929770579,2026-08-13 11:02,POS,debit,22000,StreamFlix (fictional),,POS purchase,successful,yes,,,,,,ENT682063914426,1114500
TXN-005332,CUS-0432,9901762982,2026-08-13 11:38,ATM,debit,40000,Other bank ATM,,ATM withdrawal,successful,yes,,no,,,,ENT257547507245,724000
TXN-001588,CUS-0130,9970533656,2026-08-13 11:45,ATM,debit,40000,ENTIN ATM,,ATM withdrawal,successful,yes,,yes,,,,ENT187681209146,1000
TXN-003092,CUS-0249,9911871482,2026-08-13 11:49,POS,debit,3500,StreamFlix (fictional),,POS purchase,successful,yes,,,,,,ENT610486238767,266500
TXN-003788,CUS-0307,9938909584,2026-08-13 12:11,USSD,debit,2000,Airtime (fictional network),,Airtime purchase,successful,yes,,,,,,ENT142499333987,2788000
TXN-005760,CUS-0466,9921435033,2026-08-13 12:24,WEB,debit,2500,QuickBuy Online (fictional),,Online card payment,successful,yes,,,,,,ENT511866230793,550500
TXN-002724,CUS-0221,9995401710,2026-08-13 12:26,TRANSFER,debit,35000,Musa M**a,Placeholder Bank,Transfer,successful,yes,yes,,,,,ENT474893995340,587200
TXN-002341,CUS-0191,9904355683,2026-08-13 12:46,USSD,debit,500,Airtime (fictional network),,Airtime purchase,successful,yes,,,,,,ENT503598013543,116700
TXN-003504,CUS-0283,9992725775,2026-08-13 12:55,USSD,debit,500,Airtime (fictional network),,Airtime purchase,successful,yes,,,,,,ENT664793218604,406700
TXN-001129,CUS-0094,9962528456,2026-08-13 12:56,POS,debit,1500,Filling Station (fictional),,POS purchase,successful,yes,,,,,,ENT879329038287,20200
TXN-006070,CUS-0491,9971365877,2026-08-13 13:00,TRANSFER,debit,5000,Adebayo E****g,Quick Fictional Bank,Transfer,successful,yes,yes,,,,,ENT692430731888,768200
TXN-005063,CUS-0410,9922696173,2026-08-13 13:10,USSD,debit,5000,Airtime (fictional network),,Airtime purchase,successful,yes,,,,,,ENT589458436303,138500
TXN-001699,CUS-0139,9928539598,2026-08-13 13:55,POS,debit,7800,Pharmacy Plus (fictional),,POS purchase,successful,yes,,,,,,ENT358129814087,2838700
TXN-004163,CUS-0338,9965503781,2026-08-13 14:03,WEB,debit,9900,Lekki Luxury Stores,,Online card payment,successful,yes,,,,,,ENT249164057463,533100
TXN-005995,CUS-0485,9974291653,2026-08-13 14:19,WEB,debit,4500,QuickBuy Online (fictional),,Online card payment,successful,yes,,,,,,ENT854708136138,2634200
TXN-005820,CUS-0471,9943902366,2026-08-13 14:23,ATM,debit,40000,Other bank ATM,,ATM withdrawal,successful,yes,,no,,,,ENT645021346046,75000
TXN-003848,CUS-0312,9975337207,2026-08-13 14:33,POS,debit,45000,StreamFlix (fictional),,POS purchase,successful,yes,,,,,,ENT403544363080,620000
TXN-004739,CUS-0384,9978462464,2026-08-13 14:36,USSD,debit,5000,Airtime (fictional network),,Airtime purchase,successful,yes,,,,,,ENT943592474218,467500
TXN-000557,CUS-0046,9968179223,2026-08-13 14:49,POS,debit,1500,Lekki Luxury Stores,,POS purchase,successful,yes,,,,,,ENT872760934753,841500
TXN-003663,CUS-0296,9904810740,2026-08-13 15:03,WEB,debit,4500,StreamFlix (fictional),,Online card payment,successful,yes,,,,,,ENT450408570234,130500
TXN-005514,CUS-0447,9988158943,2026-08-13 15:56,POS,debit,1500,Filling Station (fictional),,POS purchase,successful,yes,,,,,,ENT632853780935,152200
TXN-005622,CUS-0455,9902792166,2026-08-13 16:01,USSD,debit,2000,Airtime (fictional network),,Airtime purchase,successful,yes,,,,,,ENT297948263623,772500
TXN-000876,CUS-0073,9929770579,2026-08-13 16:27,TRANSFER,debit,10000,Seun O******i,Fictional Trust Bank,Transfer,successful,yes,yes,,,,,ENT528433032390,1104500
TXN-004834,CUS-0392,9991287050,2026-08-13 16:48,POS,debit,1500,Filling Station (fictional),,POS purchase,successful,yes,,,,,,ENT167555044065,478700
TXN-002592,CUS-0210,9911316159,2026-08-13 17:03,POS,debit,12500,Market Stall POS,,POS purchase,successful,yes,,,,,,ENT244778064943,1481000
TXN-002486,CUS-0202,9914950549,2026-08-13 17:25,USSD,debit,5000,Airtime (fictional network),,Airtime purchase,successful,yes,,,,,,ENT418256707303,2453000
TXN-004343,CUS-0353,9939159099,2026-08-13 17:30,POS,debit,22000,Pharmacy Plus (fictional),,POS purchase,successful,yes,,,,,,ENT452239479418,349000
TXN-000284,CUS-0024,9988281126,2026-08-13 17:44,POS,debit,45000,ShopRite-like Store (fictional),,POS purchase,successful,yes,,,,,,ENT940568348854,2518100
TXN-002989,CUS-0241,9968320519,2026-08-13 18:17,TRANSFER,debit,5000,Musa O***e,Quick Fictional Bank,Transfer,successful,yes,yes,,,,,ENT163691317795,277500
TXN-001515,CUS-0124,9949138114,2026-08-13 18:22,ATM,debit,10000,ENTIN ATM,,ATM withdrawal,successful,yes,,yes,,,,ENT138196686948,312000
TXN-004049,CUS-0329,9953759147,2026-08-13 18:32,ATM,debit,40000,ENTIN ATM,,ATM withdrawal,successful,yes,,yes,,,,ENT711578291594,146000
TXN-004773,CUS-0387,9916279824,2026-08-13 18:59,POS,debit,22000,QuickBuy Online (fictional),,POS purchase,successful,yes,,,,,,ENT232891412372,2523000
TXN-000428,CUS-0036,9926978043,2026-08-13 19:24,ATM,debit,40000,ENTIN ATM,,ATM withdrawal,successful,yes,,yes,,,,ENT974351044695,1032500
TXN-006041,CUS-0489,9904477391,2026-08-13 19:28,USSD,debit,2000,Airtime (fictional network),,Airtime purchase,successful,yes,,,,,,ENT988802833812,99500
TXN-002591,CUS-0210,9911316159,2026-08-13 19:41,USSD,debit,1000,Airtime (fictional network),,Airtime purchase,successful,yes,,,,,,ENT660814581066,1480000
TXN-004586,CUS-0372,9937583244,2026-08-13 19:45,POS,debit,7800,StreamFlix (fictional),,POS purchase,successful,yes,,,,,,ENT449257788719,993700
TXN-000477,CUS-0040,9954177588,2026-08-13 20:07,WEB,debit,4500,QuickBuy Online (fictional),,Online card payment,successful,yes,,,,,,ENT891763922503,518000
TXN-001519,CUS-0124,9949138114,2026-08-13 20:09,TRANSFER,debit,100000,Kemi O****e,Fictional Trust Bank,Transfer,successful,yes,yes,,,,,ENT977396222803,212000
TXN-005221,CUS-0423,9996846104,2026-08-13 20:58,ATM,debit,10000,ENTIN ATM,,ATM withdrawal,successful,yes,,yes,,,,ENT513133132421,2549700
TXN-004721,CUS-0383,9903971634,2026-08-13 21:17,POS,debit,22000,Filling Station (fictional),,POS purchase,successful,yes,,,,,,ENT335817080606,1008000
TXN-002698,CUS-0219,9930963627,2026-08-13 21:26,POS,debit,45000,Mama Put Kitchen,,POS purchase,successful,yes,,,,,,ENT311961481951,26700
TXN-003301,CUS-0266,9911157896,2026-08-13 21:56,ATM,debit,40000,Other bank ATM,,ATM withdrawal,successful,yes,,no,,,,ENT206805052154,1040000
TXN-005579,CUS-0452,9921145268,2026-08-13 21:58,ATM,debit,40000,ENTIN ATM,,ATM withdrawal,successful,yes,,yes,,,,ENT752179001569,117200
TXN-003251,CUS-0262,9969055121,2026-08-13 22:11,TRANSFER,debit,10000,Lola A***u,Quick Fictional Bank,Transfer,successful,yes,yes,,,,,ENT147656748196,470000
TXN-005065,CUS-0410,9922696173,2026-08-13 22:11,TRANSFER,debit,10000,Bello O******i,Quick Fictional Bank,Transfer,successful,yes,yes,,,,,ENT478270718152,128500
TXN-004687,CUS-0380,9935909163,2026-08-13 22:13,POS,debit,45000,Bolt-like Rides (fictional),,POS purchase,successful,yes,,,,,,ENT230385006544,100000
TXN-003238,CUS-0261,9911168312,2026-08-13 22:21,POS,debit,7800,QuickBuy Online (fictional),,POS purchase,successful,yes,,,,,,ENT751544330450,907200
TXN-002010,CUS-0164,9963544644,2026-08-13 23:19,POS,debit,22000,Filling Station (fictional),,POS purchase,successful,yes,,,,,,ENT359340087550,978100
TXN-002140,CUS-0174,9904061872,2026-08-13 23:35,TRANSFER,debit,5000,Chioma O******e,Demo Microfinance Bank,Transfer,successful,yes,yes,,,,,ENT297910190059,3094700
TXN-000770,CUS-0064,9901461338,2026-08-14 00:04,ATM,debit,20000,Other bank ATM,,ATM withdrawal,successful,yes,,no,,,,ENT898921208923,512000
TXN-003379,CUS-0273,9935986265,2026-08-14 00:09,TRANSFER,debit,50000,Segun O******e,Fictional Trust Bank,Transfer,successful,yes,yes,,,,,ENT242208860747,273500
TXN-003734,CUS-0302,9916038871,2026-08-14 00:13,POS,debit,22000,Filling Station (fictional),,POS purchase,successful,yes,,,,,,ENT654973409098,638000
TXN-005259,CUS-0426,9934548587,2026-08-14 00:33,TRANSFER,debit,10000,Yusuf S****i,Sample Savings Bank,Transfer,successful,yes,yes,,,,,ENT295168129741,400000
TXN-004901,CUS-0397,9939504343,2026-08-14 00:46,POS,debit,7800,Filling Station (fictional),,POS purchase,successful,yes,,,,,,ENT247314102489,2460700
TXN-004936,CUS-0400,9927020003,2026-08-14 01:25,ATM,debit,20000,Other bank ATM,,ATM withdrawal,successful,yes,,no,,,,ENT456529804788,445000
TXN-000394,CUS-0033,9940720754,2026-08-14 01:37,ATM,debit,10000,Other bank ATM,,ATM withdrawal,successful,yes,,no,,,,ENT770087312165,959000
TXN-003508,CUS-0283,9992725775,2026-08-14 01:47,POS,debit,7800,Filling Station (fictional),,POS purchase,successful,yes,,,,,,ENT534193713585,398900
TXN-004778,CUS-0387,9916279824,2026-08-14 01:50,TRANSFER,debit,50000,Aisha M**a,Quick Fictional Bank,Transfer,successful,yes,yes,,,,,ENT131747987018,2473000
TXN-001440,CUS-0118,9975049979,2026-08-14 01:58,POS,debit,22000,Mama Put Kitchen,,POS purchase,successful,yes,,,,,,ENT438846968055,284500
TXN-000443,CUS-0037,9980700159,2026-08-14 01:59,POS,debit,1500,Market Stall POS,,POS purchase,successful,yes,,,,,,ENT518224156775,1035500
TXN-000799,CUS-0066,9915141363,2026-08-14 02:01,WEB,debit,15000,QuickBuy Online (fictional),,Online card payment,successful,yes,,,,,,ENT203287541788,2621500
TXN-004349,CUS-0353,9939159099,2026-08-14 02:23,ATM,debit,40000,ENTIN ATM,,ATM withdrawal,successful,yes,,yes,,,,ENT343656924188,309000
TXN-002757,CUS-0223,9973866346,2026-08-14 02:57,TRANSFER,debit,5000,Grace I*e,Demo Microfinance Bank,Transfer,successful,yes,yes,,,,,ENT581450189025,137500
TXN-002892,CUS-0234,9902167309,2026-08-14 03:11,ATM,debit,40000,ENTIN ATM,,ATM withdrawal,successful,yes,,yes,,,,ENT778816839819,3090500
TXN-001566,CUS-0128,9943949119,2026-08-14 03:30,USSD,debit,2000,Airtime (fictional network),,Airtime purchase,successful,yes,,,,,,ENT256352888693,179000
TXN-000458,CUS-0038,9928667534,2026-08-14 04:03,USSD,debit,5000,Airtime (fictional network),,Airtime purchase,successful,yes,,,,,,ENT584689823626,252500
TXN-003166,CUS-0255,9927357934,2026-08-14 04:14,POS,debit,7800,Market Stall POS,,POS purchase,successful,yes,,,,,,ENT395529817507,987700
TXN-000378,CUS-0032,9941968982,2026-08-14 04:16,ATM,debit,20000,ENTIN ATM,,ATM withdrawal,successful,yes,,yes,,,,ENT138680915738,2490700
TXN-000459,CUS-0038,9928667534,2026-08-14 04:59,WEB,debit,15000,Lekki Luxury Stores,,Online card payment,successful,yes,,,,,,ENT115585127988,237500
TXN-005156,CUS-0418,9975201362,2026-08-14 05:02,WEB,debit,9900,QuickBuy Online (fictional),,Online card payment,successful,yes,,,,,,ENT924723854846,3016300
TXN-003903,CUS-0316,9928767202,2026-08-14 05:08,TRANSFER,debit,5000,Victor A***n,Sample Savings Bank,Transfer,successful,yes,yes,,,,,ENT146056443739,1294500
TXN-005970,CUS-0483,9956134913,2026-08-14 05:28,POS,debit,3500,Pharmacy Plus (fictional),,POS purchase,successful,yes,,,,,,ENT572276985263,179500
TXN-006097,CUS-0493,9914772348,2026-08-14 06:08,POS,debit,22000,Lekki Luxury Stores,,POS purchase,successful,yes,,,,,,ENT393425564940,608000
TXN-002333,CUS-0190,9967378530,2026-08-14 06:16,TRANSFER,debit,10000,Yemisi O*******i,Demo Microfinance Bank,Transfer,successful,yes,yes,,,,,ENT134581187920,1439700
TXN-005831,CUS-0472,9933859016,2026-08-14 06:34,TRANSFER,debit,50000,Segun E****m,Fictional Trust Bank,Transfer,successful,yes,yes,,,,,ENT647691651560,958200
TXN-003740,CUS-0303,9914192446,2026-08-14 06:35,POS,debit,3500,Pharmacy Plus (fictional),,POS purchase,successful,yes,,,,,,ENT378159410581,2702000
TXN-003300,CUS-0266,9911157896,2026-08-14 06:36,POS,debit,3500,StreamFlix (fictional),,POS purchase,successful,yes,,,,,,ENT389172630803,1036500
TXN-000517,CUS-0043,9985469059,2026-08-14 06:38,ATM,debit,10000,Other bank ATM,,ATM withdrawal,successful,yes,,no,,,,ENT667865853228,329000
TXN-003183,CUS-0256,9912443952,2026-08-14 06:49,ATM,debit,10000,Other bank ATM,,ATM withdrawal,successful,yes,,no,,,,ENT343969618792,1505000
TXN-000919,CUS-0076,9970950601,2026-08-14 06:57,ATM,debit,40000,Other bank ATM,,ATM withdrawal,successful,yes,,no,,,,ENT544527967162,77500
TXN-001284,CUS-0106,9959061922,2026-08-14 07:01,TRANSFER,debit,5000,Hauwa O*u,Sample Savings Bank,Transfer,successful,yes,yes,,,,,ENT256389772163,165000
TXN-001102,CUS-0091,9981013315,2026-08-14 07:16,WEB,debit,2500,Lekki Luxury Stores,,Online card payment,successful,yes,,,,,,ENT506124850278,1090000
TXN-002186,CUS-0178,9914176590,2026-08-14 07:31,WEB,debit,15000,StreamFlix (fictional),,Online card payment,successful,yes,,,,,,ENT923218719348,314000
TXN-003732,CUS-0302,9916038871,2026-08-14 07:35,POS,debit,22000,Mama Put Kitchen,,POS purchase,successful,yes,,,,,,ENT965933002959,616000
TXN-000863,CUS-0072,9904030042,2026-08-14 07:45,POS,debit,12500,ShopRite-like Store (fictional),,POS purchase,successful,yes,,,,,,ENT635254478458,2717500
TXN-001513,CUS-0124,9949138114,2026-08-14 08:08,POS,debit,3500,QuickBuy Online (fictional),,POS purchase,successful,yes,,,,,,ENT364680858256,208500
TXN-002899,CUS-0234,9902167309,2026-08-14 08:10,ATM,debit,10000,ENTIN ATM,,ATM withdrawal,successful,yes,,yes,,,,ENT987203779647,3080500
TXN-000997,CUS-0083,9950496570,2026-08-14 08:17,TRANSFER,debit,20000,Precious O******i,Sample Savings Bank,Transfer,successful,yes,yes,,,,,ENT456139688349,153000
TXN-003029,CUS-0244,9931572552,2026-08-14 08:19,WEB,debit,15000,Bolt-like Rides (fictional),,Online card payment,successful,yes,,,,,,ENT327052881866,187600
TXN-003502,CUS-0283,9992725775,2026-08-14 08:27,TRANSFER,debit,10000,Rukayya U**r,Fictional Trust Bank,Transfer,successful,yes,yes,,,,,ENT295814279763,388900
TXN-004415,CUS-0358,9954026859,2026-08-14 08:56,POS,debit,7800,Mama Put Kitchen,,POS purchase,successful,yes,,,,,,ENT120088661157,173700
TXN-003640,CUS-0294,9981044386,2026-08-14 09:51,USSD,debit,5000,Airtime (fictional network),,Airtime purchase,successful,yes,,,,,,ENT901164568093,2558000
TXN-003614,CUS-0292,9969206472,2026-08-14 10:03,POS,debit,7800,QuickBuy Online (fictional),,POS purchase,successful,yes,,,,,,ENT728071240087,629400
TXN-001224,CUS-0101,9971745143,2026-08-14 10:34,TRANSFER,debit,50000,Esther I**e,Sample Savings Bank,Transfer,successful,yes,yes,,,,,ENT619275242477,2564500
TXN-002561,CUS-0208,9908562995,2026-08-14 10:47,TRANSFER,debit,100000,Folake M**a,Demo Microfinance Bank,Transfer,successful,yes,yes,,,,,ENT795197736030,2581700
TXN-001272,CUS-0105,9972234888,2026-08-14 11:13,USSD,debit,500,Airtime (fictional network),,Airtime purchase,successful,yes,,,,,,ENT349152189683,508100
TXN-006129,CUS-0495,9921089129,2026-08-14 11:20,USSD,debit,5000,Airtime (fictional network),,Airtime purchase,successful,yes,,,,,,ENT356014992578,1271500
TXN-005184,CUS-0420,9939184404,2026-08-14 11:23,ATM,debit,10000,Other bank ATM,,ATM withdrawal,successful,yes,,no,,,,ENT333812716076,995500
TXN-003466,CUS-0280,9952498676,2026-08-14 11:42,ATM,debit,10000,Other bank ATM,,ATM withdrawal,successful,yes,,no,,,,ENT457944290708,705000
TXN-005861,CUS-0474,9967078673,2026-08-14 12:02,TRANSFER,debit,5000,Usman O****e,Demo Microfinance Bank,Transfer,successful,yes,yes,,,,,ENT610403328956,207000
TXN-005772,CUS-0467,9930828759,2026-08-14 12:10,ATM,debit,10000,Other bank ATM,,ATM withdrawal,successful,yes,,no,,,,ENT455917220037,2732200
TXN-002775,CUS-0225,9910257598,2026-08-14 12:30,TRANSFER,debit,5000,Emeka O*u,Quick Fictional Bank,Transfer,successful,yes,yes,,,,,ENT292175747318,985000
TXN-004741,CUS-0384,9978462464,2026-08-14 13:04,TRANSFER,debit,5000,Emeka U**r,Quick Fictional Bank,Transfer,successful,yes,yes,,,,,ENT206838978625,462500
TXN-000151,CUS-0013,9918603208,2026-08-14 13:17,WEB,debit,2500,Lekki Luxury Stores,,Online card payment,successful,yes,,,,,,ENT531347067009,1000500
TXN-003138,CUS-0253,9919879915,2026-08-14 13:35,POS,debit,7800,Pharmacy Plus (fictional),,POS purchase,successful,yes,,,,,,ENT279641846745,123700
TXN-000061,CUS-0005,9919672731,2026-08-14 13:46,TRANSFER,debit,20000,Kelechi F*****a,Placeholder Bank,Transfer,successful,yes,yes,,,,,ENT749799619441,1053000
TXN-001235,CUS-0102,9912452877,2026-08-14 14:15,USSD,debit,500,Airtime (fictional network),,Airtime purchase,successful,yes,,,,,,ENT101576355154,144000
TXN-003252,CUS-0262,9969055121,2026-08-14 14:15,USSD,debit,2000,Airtime (fictional network),,Airtime purchase,successful,yes,,,,,,ENT858933561338,468000
TXN-000085,CUS-0007,9977876804,2026-08-14 14:22,USSD,debit,1000,Airtime (fictional network),,Airtime purchase,successful,yes,,,,,,ENT412222503911,433500
TXN-003076,CUS-0248,9955864605,2026-08-14 14:31,USSD,debit,2000,Airtime (fictional network),,Airtime purchase,successful,yes,,,,,,ENT913870397442,483000
TXN-001029,CUS-0085,9920987695,2026-08-14 14:32,USSD,debit,500,Airtime (fictional network),,Airtime purchase,successful,yes,,,,,,ENT871378222492,960000
TXN-000829,CUS-0069,9935953494,2026-08-14 14:34,TRANSFER,debit,35000,Titilayo A*******i,Quick Fictional Bank,Transfer,successful,yes,yes,,,,,ENT143508614761,1515000
TXN-002088,CUS-0170,9942564933,2026-08-14 14:42,TRANSFER,debit,20000,Lola O*******i,Demo Microfinance Bank,Transfer,successful,yes,yes,,,,,ENT648566756314,465000
TXN-005709,CUS-0462,9959698980,2026-08-14 15:25,USSD,debit,500,Airtime (fictional network),,Airtime purchase,successful,yes,,,,,,ENT932572022300,69500
TXN-005477,CUS-0444,9984434096,2026-08-14 15:30,POS,debit,1500,StreamFlix (fictional),,POS purchase,successful,yes,,,,,,ENT246197804430,251500
TXN-002082,CUS-0170,9942564933,2026-08-14 15:33,POS,debit,45000,StreamFlix (fictional),,POS purchase,successful,yes,,,,,,ENT486758037764,420000
TXN-003453,CUS-0279,9955326148,2026-08-14 15:43,POS,debit,12500,Pharmacy Plus (fictional),,POS purchase,successful,yes,,,,,,ENT264268828907,260500
TXN-003173,CUS-0256,9912443952,2026-08-14 16:15,POS,debit,12500,Bolt-like Rides (fictional),,POS purchase,successful,yes,,,,,,ENT109550331599,1492500
TXN-004254,CUS-0346,9910643132,2026-08-14 16:15,WEB,debit,4500,QuickBuy Online (fictional),,Online card payment,successful,yes,,,,,,ENT197773891199,388000
TXN-006060,CUS-0490,9997818827,2026-08-14 16:19,WEB,debit,2500,QuickBuy Online (fictional),,Online card payment,successful,yes,,,,,,ENT775734944172,937500
TXN-000764,CUS-0063,9948085347,2026-08-14 16:35,TRANSFER,debit,100000,Folake E****g,Sample Savings Bank,Transfer,successful,yes,yes,,,,,ENT348908918508,143000
TXN-004879,CUS-0395,9969124143,2026-08-14 17:00,TRANSFER,debit,5000,Seun O******i,Sample Savings Bank,Transfer,successful,yes,yes,,,,,ENT454422967940,68000
TXN-003066,CUS-0247,9956338649,2026-08-14 17:12,TRANSFER,debit,35000,Idara O***e,Quick Fictional Bank,Transfer,successful,yes,yes,,,,,ENT954906724472,189000
TXN-003982,CUS-0323,9954538030,2026-08-14 17:20,WEB,debit,9900,StreamFlix (fictional),,Online card payment,successful,yes,,,,,,ENT374391040212,707600
TXN-004474,CUS-0363,9914265763,2026-08-14 17:38,ATM,debit,40000,Other bank ATM,,ATM withdrawal,successful,yes,,no,,,,ENT127250141502,2513000
TXN-004147,CUS-0337,9928921183,2026-08-14 17:44,ATM,debit,40000,ENTIN ATM,,ATM withdrawal,successful,yes,,yes,,,,ENT195037267198,2824500
TXN-003957,CUS-0321,9964528363,2026-08-14 18:06,USSD,debit,1000,Airtime (fictional network),,Airtime purchase,successful,yes,,,,,,ENT550685661144,491500
TXN-000314,CUS-0026,9905154382,2026-08-14 18:09,TRANSFER,debit,10000,Chinedu E*e,Quick Fictional Bank,Transfer,successful,yes,yes,,,,,ENT298649388242,337200
TXN-005466,CUS-0443,9932469947,2026-08-14 18:38,USSD,debit,2000,Airtime (fictional network),,Airtime purchase,successful,yes,,,,,,ENT721594070266,83000
TXN-005714,CUS-0463,9930718439,2026-08-14 18:54,POS,debit,12500,ShopRite-like Store (fictional),,POS purchase,successful,yes,,,,,,ENT260676026071,417500
TXN-001258,CUS-0104,9910528659,2026-08-14 19:02,ATM,debit,10000,Other bank ATM,,ATM withdrawal,successful,yes,,no,,,,ENT797072867455,445500
TXN-004369,CUS-0355,9924902182,2026-08-14 19:47,POS,debit,12500,Mama Put Kitchen,,POS purchase,successful,yes,,,,,,ENT848282985033,95500
TXN-002791,CUS-0226,9909301930,2026-08-14 20:47,POS,debit,22000,Mama Put Kitchen,,POS purchase,successful,yes,,,,,,ENT563316267429,240200
TXN-002738,CUS-0222,9943397743,2026-08-14 21:53,TRANSFER,debit,20000,Ebere O******n,Sample Savings Bank,Transfer,successful,yes,yes,,,,,ENT136204701562,610500
TXN-002006,CUS-0164,9963544644,2026-08-14 21:54,WEB,debit,9900,QuickBuy Online (fictional),,Online card payment,successful,yes,,,,,,ENT301630077892,968200
TXN-001146,CUS-0095,9966981433,2026-08-14 22:04,TRANSFER,debit,20000,Daniel O*****o,Placeholder Bank,Transfer,successful,yes,yes,,,,,ENT331095482331,481000
TXN-005454,CUS-0442,9996044337,2026-08-14 22:14,WEB,debit,9900,Lekki Luxury Stores,,Online card payment,successful,yes,,,,,,ENT433935563069,3086600
TXN-001457,CUS-0119,9954928452,2026-08-14 22:23,ATM,debit,10000,Other bank ATM,,ATM withdrawal,successful,yes,,no,,,,ENT919607684709,465500
TXN-001480,CUS-0121,9910108102,2026-08-14 22:51,USSD,debit,500,Airtime (fictional network),,Airtime purchase,successful,yes,,,,,,ENT326760703910,942500
TXN-000795,CUS-0066,9915141363,2026-08-14 23:04,POS,debit,7800,Filling Station (fictional),,POS purchase,successful,yes,,,,,,ENT468556411847,2613700
TXN-002965,CUS-0239,9963646907,2026-08-14 23:45,TRANSFER,debit,50000,Musa O****e,Demo Microfinance Bank,Transfer,successful,yes,yes,,,,,ENT133809506032,432000
TXN-000262,CUS-0022,9965384535,2026-08-15 00:03,POS,debit,1500,QuickBuy Online (fictional),,POS purchase,successful,yes,,,,,,ENT392758273642,775000
TXN-005262,CUS-0427,9914290139,2026-08-15 00:36,TRANSFER,debit,50000,Yemisi O****e,Demo Microfinance Bank,Transfer,successful,yes,yes,,,,,ENT446265159600,590000
TXN-002446,CUS-0199,9916644726,2026-08-15 01:02,WEB,debit,2500,Bolt-like Rides (fictional),,Online card payment,successful,yes,,,,,,ENT945698560657,466500
TXN-003600,CUS-0291,9978065578,2026-08-15 01:06,ATM,debit,10000,Other bank ATM,,ATM withdrawal,successful,yes,,no,,,,ENT491393152231,264600
TXN-001788,CUS-0147,9900546598,2026-08-15 01:15,POS,debit,12500,Lekki Luxury Stores,,POS purchase,successful,yes,,,,,,ENT932110822167,994500
TXN-002074,CUS-0169,9984249158,2026-08-15 01:36,USSD,debit,1000,Airtime (fictional network),,Airtime purchase,successful,yes,,,,,,ENT531554866618,258700
TXN-004718,CUS-0383,9903971634,2026-08-15 01:41,POS,debit,12500,Pharmacy Plus (fictional),,POS purchase,successful,yes,,,,,,ENT152077469549,995500
TXN-002841,CUS-0230,9946252003,2026-08-15 01:43,TRANSFER,debit,50000,Hauwa O*****e,Sample Savings Bank,Transfer,successful,yes,yes,,,,,ENT395481232121,455000
TXN-001463,CUS-0120,9939956816,2026-08-15 01:50,USSD,debit,2000,Airtime (fictional network),,Airtime purchase,successful,yes,,,,,,ENT446590938914,1138000
TXN-004100,CUS-0333,9934134297,2026-08-15 01:51,ATM,debit,10000,ENTIN ATM,,ATM withdrawal,successful,yes,,yes,,,,ENT792872042739,200000
TXN-003133,CUS-0252,9937906660,2026-08-15 02:21,POS,debit,22000,Market Stall POS,,POS purchase,successful,yes,,,,,,ENT477102883527,963200
TXN-004640,CUS-0376,9965266631,2026-08-15 02:50,WEB,debit,9900,QuickBuy Online (fictional),,Online card payment,successful,yes,,,,,,ENT770490916313,465100
TXN-004752,CUS-0385,9986616742,2026-08-15 03:13,ATM,debit,10000,Other bank ATM,,ATM withdrawal,successful,yes,,no,,,,ENT376615540234,2523200
TXN-005137,CUS-0416,9968703649,2026-08-15 03:18,POS,debit,22000,QuickBuy Online (fictional),,POS purchase,successful,yes,,,,,,ENT889704757449,208000
TXN-002483,CUS-0202,9914950549,2026-08-15 03:22,USSD,debit,5000,Airtime (fictional network),,Airtime purchase,successful,yes,,,,,,ENT420080727947,2448000
TXN-005485,CUS-0444,9984434096,2026-08-15 03:33,POS,debit,1500,Mama Put Kitchen,,POS purchase,successful,yes,,,,,,ENT470987255772,250000
TXN-002079,CUS-0170,9942564933,2026-08-15 03:38,POS,debit,3500,Market Stall POS,,POS purchase,successful,yes,,,,,,ENT135423721990,416500
TXN-000600,CUS-0049,9996745219,2026-08-15 03:39,TRANSFER,debit,10000,Sani O***e,Quick Fictional Bank,Transfer,successful,yes,yes,,,,,ENT924164474193,1439000
TXN-004402,CUS-0357,9982452077,2026-08-15 03:47,USSD,debit,5000,Airtime (fictional network),,Airtime purchase,successful,yes,,,,,,ENT534232134446,512700
TXN-005636,CUS-0456,9972514839,2026-08-15 04:08,USSD,debit,500,Airtime (fictional network),,Airtime purchase,successful,yes,,,,,,ENT478062646373,346700
TXN-004401,CUS-0357,9982452077,2026-08-15 04:35,TRANSFER,debit,35000,Obinna E**m,Placeholder Bank,Transfer,successful,yes,yes,,,,,ENT522140808272,477700
TXN-000456,CUS-0038,9928667534,2026-08-15 05:01,TRANSFER,debit,10000,Folake O******e,Demo Microfinance Bank,Transfer,successful,yes,yes,,,,,ENT505585857545,227500
TXN-002632,CUS-0214,9980024371,2026-08-15 05:25,POS,debit,3500,Market Stall POS,,POS purchase,successful,yes,,,,,,ENT806195188362,896700
TXN-004781,CUS-0387,9916279824,2026-08-15 05:41,TRANSFER,debit,35000,Kelechi I*e,Sample Savings Bank,Transfer,successful,yes,yes,,,,,ENT730418380718,2438000
TXN-005147,CUS-0417,9965144969,2026-08-15 05:50,WEB,debit,15000,StreamFlix (fictional),,Online card payment,successful,yes,,,,,,ENT142741011630,853500
TXN-001341,CUS-0110,9951521657,2026-08-15 05:51,ATM,debit,40000,ENTIN ATM,,ATM withdrawal,successful,yes,,yes,,,,ENT545030205257,2544000
TXN-000454,CUS-0038,9928667534,2026-08-15 06:10,POS,debit,3500,QuickBuy Online (fictional),,POS purchase,successful,yes,,,,,,ENT526166335114,224000
TXN-001776,CUS-0146,9915789794,2026-08-15 06:22,POS,debit,1500,Filling Station (fictional),,POS purchase,successful,yes,,,,,,ENT817162994197,301000
TXN-004951,CUS-0401,9916928668,2026-08-15 06:22,POS,debit,1500,ShopRite-like Store (fictional),,POS purchase,successful,yes,,,,,,ENT258637313956,146000
TXN-004185,CUS-0340,9968650702,2026-08-15 06:37,POS,debit,12500,Filling Station (fictional),,POS purchase,successful,yes,,,,,,ENT128586525785,502500
TXN-004946,CUS-0401,9916928668,2026-08-15 06:40,POS,debit,45000,Filling Station (fictional),,POS purchase,successful,yes,,,,,,ENT933159345891,101000
TXN-004262,CUS-0346,9910643132,2026-08-15 06:57,POS,debit,22000,Mama Put Kitchen,,POS purchase,successful,yes,,,,,,ENT777403475549,366000
TXN-002154,CUS-0176,9948340783,2026-08-15 07:25,USSD,debit,2000,Airtime (fictional network),,Airtime purchase,successful,yes,,,,,,ENT391818946976,194500
TXN-003730,CUS-0302,9916038871,2026-08-15 07:27,WEB,debit,15000,Bolt-like Rides (fictional),,Online card payment,successful,yes,,,,,,ENT913208806807,601000
TXN-004825,CUS-0391,9920137304,2026-08-15 07:53,USSD,debit,500,Airtime (fictional network),,Airtime purchase,successful,yes,,,,,,ENT149480706467,723500
TXN-000689,CUS-0057,9939955156,2026-08-15 07:56,WEB,debit,4500,QuickBuy Online (fictional),,Online card payment,successful,yes,,,,,,ENT520742090301,674500
TXN-006147,CUS-0497,9975222469,2026-08-15 08:08,TRANSFER,debit,20000,Usman A***n,Demo Microfinance Bank,Transfer,successful,yes,yes,,,,,ENT564068378817,100500
TXN-004168,CUS-0339,9994674369,2026-08-15 08:19,TRANSFER,debit,5000,Godwin D*****a,Placeholder Bank,Transfer,successful,yes,yes,,,,,ENT641880387260,527500
TXN-005680,CUS-0460,9955245029,2026-08-15 08:37,POS,debit,45000,Filling Station (fictional),,POS purchase,successful,yes,,,,,,ENT675373162045,488700
TXN-005606,CUS-0454,9915943156,2026-08-15 08:40,POS,debit,12500,StreamFlix (fictional),,POS purchase,successful,yes,,,,,,ENT162640733411,2570500
TXN-002981,CUS-0240,9926272745,2026-08-15 08:59,USSD,debit,1000,Airtime (fictional network),,Airtime purchase,successful,yes,,,,,,ENT744928933163,528100
TXN-003317,CUS-0268,9995728062,2026-08-15 09:05,POS,debit,1500,Market Stall POS,,POS purchase,successful,yes,,,,,,ENT338784084125,767200
TXN-002936,CUS-0237,9969336506,2026-08-15 09:08,POS,debit,7800,Filling Station (fictional),,POS purchase,successful,yes,,,,,,ENT229172866263,41400
TXN-003589,CUS-0290,9927406438,2026-08-15 09:12,POS,debit,45000,ShopRite-like Store (fictional),,POS purchase,successful,yes,,,,,,ENT468164547492,705000
TXN-000737,CUS-0061,9923524013,2026-08-15 09:17,WEB,debit,4500,StreamFlix (fictional),,Online card payment,successful,yes,,,,,,ENT842862634171,2605500
TXN-000495,CUS-0041,9902520161,2026-08-15 09:25,ATM,debit,10000,ENTIN ATM,,ATM withdrawal,successful,yes,,yes,,,,ENT803548831850,1193200
TXN-002604,CUS-0211,9909502592,2026-08-15 09:37,ATM,debit,40000,ENTIN ATM,,ATM withdrawal,successful,yes,,yes,,,,ENT912492652209,131000
TXN-004003,CUS-0325,9991958539,2026-08-15 09:42,WEB,debit,4500,StreamFlix (fictional),,Online card payment,successful,yes,,,,,,ENT129570015381,794000
TXN-004417,CUS-0358,9954026859,2026-08-15 09:42,POS,debit,22000,Market Stall POS,,POS purchase,successful,yes,,,,,,ENT281917183380,151700
TXN-003731,CUS-0302,9916038871,2026-08-15 09:49,TRANSFER,debit,5000,Chioma Y***f,Quick Fictional Bank,Transfer,successful,yes,yes,,,,,ENT158209919629,596000
TXN-002310,CUS-0188,9925691517,2026-08-15 10:07,POS,debit,7800,Market Stall POS,,POS purchase,successful,yes,,,,,,ENT924686325646,1002200
TXN-005442,CUS-0441,9989912305,2026-08-15 10:36,POS,debit,3500,Filling Station (fictional),,POS purchase,successful,yes,,,,,,ENT303625183145,163500
TXN-005338,CUS-0433,9973633995,2026-08-15 10:49,WEB,debit,15000,StreamFlix (fictional),,Online card payment,successful,yes,,,,,,ENT354976547329,955000
TXN-001706,CUS-0140,9975216214,2026-08-15 11:20,POS,debit,22000,Market Stall POS,,POS purchase,successful,yes,,,,,,ENT393253668470,739500
TXN-002357,CUS-0192,9988642115,2026-08-15 11:25,USSD,debit,5000,Airtime (fictional network),,Airtime purchase,successful,yes,,,,,,ENT789353389839,593500
TXN-002798,CUS-0227,9986617876,2026-08-15 11:37,WEB,debit,4500,Lekki Luxury Stores,,Online card payment,successful,yes,,,,,,ENT324247783717,2567500
TXN-003933,CUS-0319,9964510647,2026-08-15 11:39,USSD,debit,5000,Airtime (fictional network),,Airtime purchase,successful,yes,,,,,,ENT198168272535,635000
TXN-002794,CUS-0226,9909301930,2026-08-15 11:47,POS,debit,1500,Lekki Luxury Stores,,POS purchase,successful,yes,,,,,,ENT694528125846,238700
TXN-006007,CUS-0486,9956936295,2026-08-15 11:49,TRANSFER,debit,5000,Aminu O*u,Sample Savings Bank,Transfer,successful,yes,yes,,,,,ENT320211239182,623000
TXN-001612,CUS-0132,9913900264,2026-08-15 12:02,TRANSFER,debit,5000,Emeka E*e,Fictional Trust Bank,Transfer,successful,yes,yes,,,,,ENT639932866441,2552500
TXN-004019,CUS-0326,9996550219,2026-08-15 12:12,ATM,debit,40000,Other bank ATM,,ATM withdrawal,successful,yes,,no,,,,ENT232732421489,210000
TXN-003476,CUS-0281,9984118790,2026-08-15 12:20,ATM,debit,40000,ENTIN ATM,,ATM withdrawal,successful,yes,,yes,,,,ENT865920921786,152000
TXN-004113,CUS-0334,9962266421,2026-08-15 12:22,POS,debit,45000,Mama Put Kitchen,,POS purchase,successful,yes,,,,,,ENT514700654369,1343000
TXN-001732,CUS-0142,9986367800,2026-08-15 12:48,POS,debit,22000,Pharmacy Plus (fictional),,POS purchase,successful,yes,,,,,,ENT969246211188,974000
TXN-002555,CUS-0207,9954079211,2026-08-15 12:54,ATM,debit,20000,ENTIN ATM,,ATM withdrawal,successful,yes,,yes,,,,ENT974069143342,12200
TXN-002552,CUS-0207,9954079211,2026-08-15 12:59,TRANSFER,debit,50000,Samuel D*****a,Sample Savings Bank,Transfer,successful,yes,yes,,,,,ENT436610871372,462200
TXN-003859,CUS-0313,9946277869,2026-08-15 13:09,WEB,debit,4500,Bolt-like Rides (fictional),,Online card payment,successful,yes,,,,,,ENT815850648261,2351000
TXN-006011,CUS-0486,9956936295,2026-08-15 13:12,TRANSFER,debit,20000,Hadiza L***l,Demo Microfinance Bank,Transfer,successful,yes,yes,,,,,ENT749934491030,603000
TXN-002673,CUS-0217,9923754061,2026-08-15 13:28,TRANSFER,debit,10000,Aisha G***a,Demo Microfinance Bank,Transfer,successful,yes,yes,,,,,ENT244236564487,687200
TXN-003457,CUS-0279,9955326148,2026-08-15 14:02,POS,debit,3500,Mama Put Kitchen,,POS purchase,successful,yes,,,,,,ENT600954496957,257000
TXN-001013,CUS-0084,9996444694,2026-08-15 14:41,WEB,debit,15000,Lekki Luxury Stores,,Online card payment,successful,yes,,,,,,ENT225652149968,178000
TXN-003080,CUS-0248,9955864605,2026-08-15 14:41,POS,debit,3500,Market Stall POS,,POS purchase,successful,yes,,,,,,ENT810458067765,479500
TXN-004204,CUS-0342,9945277907,2026-08-15 14:52,TRANSFER,debit,100000,Lola O****e,Demo Microfinance Bank,Transfer,successful,yes,yes,,,,,ENT513192304818,888000
TXN-002419,CUS-0197,9999876763,2026-08-15 15:26,TRANSFER,debit,20000,Ogechi N***i,Sample Savings Bank,Transfer,successful,yes,yes,,,,,ENT423768728417,724000
TXN-002838,CUS-0230,9946252003,2026-08-15 16:36,WEB,debit,2500,StreamFlix (fictional),,Online card payment,successful,yes,,,,,,ENT995038561390,452500
TXN-002346,CUS-0191,9904355683,2026-08-15 16:38,POS,debit,1500,QuickBuy Online (fictional),,POS purchase,successful,yes,,,,,,ENT586345283558,115200
TXN-003135,CUS-0252,9937906660,2026-08-15 16:44,WEB,debit,9900,Bolt-like Rides (fictional),,Online card payment,successful,yes,,,,,,ENT780820165363,953300
TXN-005713,CUS-0463,9930718439,2026-08-15 16:53,TRANSFER,debit,5000,Amaka E****m,Sample Savings Bank,Transfer,successful,yes,yes,,,,,ENT987584563112,412500
TXN-000621,CUS-0051,9985846388,2026-08-15 16:54,ATM,debit,20000,Other bank ATM,,ATM withdrawal,successful,yes,,no,,,,ENT629713795872,2595000
TXN-004314,CUS-0350,9941377678,2026-08-15 17:44,TRANSFER,debit,100000,Fatima U**h,Placeholder Bank,Transfer,successful,yes,yes,,,,,ENT353123550603,1337700
TXN-003360,CUS-0271,9915845459,2026-08-15 17:50,USSD,debit,500,Airtime (fictional network),,Airtime purchase,successful,yes,,,,,,ENT760080474525,504500
TXN-000346,CUS-0029,9914497660,2026-08-15 17:54,USSD,debit,1000,Airtime (fictional network),,Airtime purchase,successful,yes,,,,,,ENT635137660509,995000
TXN-000951,CUS-0079,9971711243,2026-08-15 17:54,USSD,debit,500,Airtime (fictional network),,Airtime purchase,successful,yes,,,,,,ENT161575444090,911500
TXN-004803,CUS-0389,9985163816,2026-08-15 18:29,ATM,debit,20000,Other bank ATM,,ATM withdrawal,successful,yes,,no,,,,ENT505961239524,397200
TXN-003032,CUS-0244,9931572552,2026-08-15 18:50,POS,debit,1500,Pharmacy Plus (fictional),,POS purchase,successful,yes,,,,,,ENT499947112436,186100
TXN-001528,CUS-0125,9939285100,2026-08-15 18:57,TRANSFER,debit,5000,Abubakar I*e,Quick Fictional Bank,Transfer,successful,yes,yes,,,,,ENT974586275621,939500
TXN-005763,CUS-0466,9921435033,2026-08-15 19:41,POS,debit,3500,Mama Put Kitchen,,POS purchase,successful,yes,,,,,,ENT284231716578,547000
TXN-001742,CUS-0143,9964197110,2026-08-15 20:14,TRANSFER,debit,35000,Aisha N***u,Fictional Trust Bank,Transfer,successful,yes,yes,,,,,ENT828280249820,989500
TXN-004925,CUS-0399,9942983565,2026-08-15 20:24,ATM,debit,10000,Other bank ATM,,ATM withdrawal,successful,yes,,no,,,,ENT193169476307,471500
TXN-001819,CUS-0149,9932706983,2026-08-15 20:32,ATM,debit,40000,ENTIN ATM,,ATM withdrawal,successful,yes,,yes,,,,ENT667488202929,243500
TXN-006196,CUS-0500,9934447608,2026-08-15 20:34,TRANSFER,debit,10000,Esther O******n,Placeholder Bank,Transfer,successful,yes,yes,,,,,ENT899962202949,610200
TXN-005207,CUS-0422,9981759426,2026-08-15 20:46,POS,debit,45000,ShopRite-like Store (fictional),,POS purchase,successful,yes,,,,,,ENT244130867639,959000
TXN-002249,CUS-0183,9902993351,2026-08-15 21:17,POS,debit,45000,StreamFlix (fictional),,POS purchase,successful,yes,,,,,,ENT233206805487,2347500
TXN-006106,CUS-0494,9961232402,2026-08-15 21:25,POS,debit,22000,Market Stall POS,,POS purchase,successful,yes,,,,,,ENT446173516070,261500
TXN-004436,CUS-0360,9950802361,2026-08-15 21:28,POS,debit,1500,Mama Put Kitchen,,POS purchase,successful,yes,,,,,,ENT556372084058,2863500
TXN-002435,CUS-0198,9908529541,2026-08-15 21:46,ATM,debit,10000,ENTIN ATM,,ATM withdrawal,successful,yes,,yes,,,,ENT494370716530,103000
TXN-002381,CUS-0194,9953387952,2026-08-15 22:12,TRANSFER,debit,35000,Mercy N***i,Quick Fictional Bank,Transfer,successful,yes,yes,,,,,ENT856740638866,314500
TXN-003978,CUS-0323,9954538030,2026-08-15 22:21,TRANSFER,debit,50000,Grace L***l,Sample Savings Bank,Transfer,successful,yes,yes,,,,,ENT713038302943,657600
TXN-006080,CUS-0492,9909587010,2026-08-15 22:25,ATM,debit,40000,ENTIN ATM,,ATM withdrawal,successful,yes,,yes,,,,ENT629762241015,1423200
TXN-000816,CUS-0068,9934217233,2026-08-15 22:39,USSD,debit,1000,Airtime (fictional network),,Airtime purchase,successful,yes,,,,,,ENT254706990844,566500
TXN-000530,CUS-0044,9933042845,2026-08-15 22:56,POS,debit,22000,ShopRite-like Store (fictional),,POS purchase,successful,yes,,,,,,ENT449759649607,865000
TXN-000527,CUS-0044,9933042845,2026-08-15 23:03,POS,debit,22000,StreamFlix (fictional),,POS purchase,successful,yes,,,,,,ENT814749126136,843000
TXN-002811,CUS-0228,9954375149,2026-08-15 23:06,ATM,debit,10000,ENTIN ATM,,ATM withdrawal,successful,yes,,yes,,,,ENT196366575993,549500
TXN-005595,CUS-0453,9912705740,2026-08-15 23:08,WEB,debit,15000,QuickBuy Online (fictional),,Online card payment,successful,yes,,,,,,ENT569144661261,715200
TXN-001147,CUS-0095,9966981433,2026-08-15 23:18,POS,debit,7800,ShopRite-like Store (fictional),,POS purchase,successful,yes,,,,,,ENT430941182260,473200
TXN-002657,CUS-0216,9903471072,2026-08-15 23:40,WEB,debit,4500,Bolt-like Rides (fictional),,Online card payment,successful,yes,,,,,,ENT150800230541,2615500
TXN-005430,CUS-0440,9953918603,2026-08-15 23:41,POS,debit,22000,Mama Put Kitchen,,POS purchase,successful,yes,,,,,,ENT534183913765,461600
TXN-003362,CUS-0271,9915845459,2026-08-16 00:02,TRANSFER,debit,100000,Ibrahim O****e,Quick Fictional Bank,Transfer,successful,yes,yes,,,,,ENT700654288548,404500
TXN-002601,CUS-0211,9909502592,2026-08-16 00:03,POS,debit,12500,QuickBuy Online (fictional),,POS purchase,successful,yes,,,,,,ENT585791495962,118500
TXN-004907,CUS-0397,9939504343,2026-08-16 00:05,TRANSFER,debit,20000,Zainab O******e,Quick Fictional Bank,Transfer,successful,yes,yes,,,,,ENT417185566847,2440700
TXN-002211,CUS-0180,9927751519,2026-08-16 00:22,POS,debit,45000,Pharmacy Plus (fictional),,POS purchase,successful,yes,,,,,,ENT723860681326,3070000
TXN-005601,CUS-0454,9915943156,2026-08-16 00:45,USSD,debit,5000,Airtime (fictional network),,Airtime purchase,successful,yes,,,,,,ENT165530084960,2565500
TXN-002620,CUS-0213,9943848714,2026-08-16 00:47,TRANSFER,debit,100000,Zainab O******n,Quick Fictional Bank,Transfer,successful,yes,yes,,,,,ENT746810264506,439500
TXN-000226,CUS-0019,9953801291,2026-08-16 01:09,TRANSFER,debit,20000,Joy O*****o,Demo Microfinance Bank,Transfer,successful,yes,yes,,,,,ENT960857127481,244700
TXN-002320,CUS-0189,9908672820,2026-08-16 01:13,POS,debit,7800,Filling Station (fictional),,POS purchase,successful,yes,,,,,,ENT916745890194,224700
TXN-004621,CUS-0375,9951549033,2026-08-16 01:20,POS,debit,22000,Mama Put Kitchen,,POS purchase,successful,yes,,,,,,ENT848892177793,309000
TXN-004521,CUS-0367,9951406955,2026-08-16 01:36,POS,debit,3500,Bolt-like Rides (fictional),,POS purchase,successful,yes,,,,,,ENT806176481324,2714000
TXN-004557,CUS-0370,9934238589,2026-08-16 01:40,POS,debit,7800,Pharmacy Plus (fictional),,POS purchase,successful,yes,,,,,,ENT760543047540,1071200
TXN-004170,CUS-0339,9994674369,2026-08-16 01:44,TRANSFER,debit,20000,Daniel E****g,Fictional Trust Bank,Transfer,successful,yes,yes,,,,,ENT671742997176,507500
TXN-003422,CUS-0276,9997590170,2026-08-16 01:49,TRANSFER,debit,50000,Ifeanyi E**m,Demo Microfinance Bank,Transfer,successful,yes,yes,,,,,ENT507622146473,118500
TXN-000765,CUS-0063,9948085347,2026-08-16 03:10,TRANSFER,debit,35000,Tunde S****i,Placeholder Bank,Transfer,successful,yes,yes,,,,,ENT779615828111,108000
TXN-001454,CUS-0119,9954928452,2026-08-16 03:24,POS,debit,12500,Bolt-like Rides (fictional),,POS purchase,successful,yes,,,,,,ENT846384541309,453000
TXN-005362,CUS-0434,9998934709,2026-08-16 03:36,POS,debit,1500,Bolt-like Rides (fictional),,POS purchase,successful,yes,,,,,,ENT806663341176,381100
TXN-004782,CUS-0387,9916279824,2026-08-16 03:37,USSD,debit,2000,Airtime (fictional network),,Airtime purchase,successful,yes,,,,,,ENT137560069926,2436000
TXN-004601,CUS-0373,9932052387,2026-08-16 03:48,TRANSFER,debit,100000,Funke M**a,Quick Fictional Bank,Transfer,successful,yes,yes,,,,,ENT344469556829,426200
TXN-002878,CUS-0233,9907462096,2026-08-16 03:53,USSD,debit,500,Airtime (fictional network),,Airtime purchase,successful,yes,,,,,,ENT682541144917,619500
TXN-005125,CUS-0415,9933680819,2026-08-16 04:02,POS,debit,12500,Filling Station (fictional),,POS purchase,successful,yes,,,,,,ENT548683349718,240000
TXN-003568,CUS-0288,9972097656,2026-08-16 04:48,POS,debit,45000,Filling Station (fictional),,POS purchase,successful,yes,,,,,,ENT806702476295,2826500
TXN-000138,CUS-0012,9975177992,2026-08-16 05:07,WEB,debit,2500,QuickBuy Online (fictional),,Online card payment,successful,yes,,,,,,ENT943875914760,2569500
TXN-003780,CUS-0306,9912755790,2026-08-16 05:07,USSD,debit,1000,Airtime (fictional network),,Airtime purchase,successful,yes,,,,,,ENT499604246200,229000
TXN-000145,CUS-0012,9975177992,2026-08-16 06:15,TRANSFER,debit,50000,Ogechi O***e,Sample Savings Bank,Transfer,successful,yes,yes,,,,,ENT148245528234,2519500
TXN-005604,CUS-0454,9915943156,2026-08-16 06:19,TRANSFER,debit,50000,Mercy O*****o,Quick Fictional Bank,Transfer,successful,yes,yes,,,,,ENT296751853295,2515500
TXN-003039,CUS-0245,9974242558,2026-08-16 06:36,TRANSFER,debit,20000,Emmanuel Y***f,Quick Fictional Bank,Transfer,successful,yes,yes,,,,,ENT407959432081,3077200
TXN-005079,CUS-0412,9954372850,2026-08-16 06:37,TRANSFER,debit,35000,Wale A*****i,Placeholder Bank,Transfer,successful,yes,yes,,,,,ENT687501962189,363700
TXN-004862,CUS-0394,9948693005,2026-08-16 07:32,POS,debit,22000,Market Stall POS,,POS purchase,successful,yes,,,,,,ENT532301023817,261500
TXN-001834,CUS-0150,9986703642,2026-08-16 07:33,ATM,debit,20000,Other bank ATM,,ATM withdrawal,successful,yes,,no,,,,ENT788263526371,1013500
TXN-003387,CUS-0273,9935986265,2026-08-16 08:42,USSD,debit,500,Airtime (fictional network),,Airtime purchase,successful,yes,,,,,,ENT456073777109,273000
TXN-005899,CUS-0477,9950606428,2026-08-16 09:06,POS,debit,45000,Bolt-like Rides (fictional),,POS purchase,successful,yes,,,,,,ENT185636488506,21500
TXN-006095,CUS-0493,9914772348,2026-08-16 09:08,ATM,debit,20000,Other bank ATM,,ATM withdrawal,successful,yes,,no,,,,ENT968382454066,588000
TXN-002093,CUS-0171,9983851534,2026-08-16 09:14,POS,debit,22000,Filling Station (fictional),,POS purchase,successful,yes,,,,,,ENT325329463229,843000
TXN-003094,CUS-0249,9911871482,2026-08-16 09:26,TRANSFER,debit,50000,Bello O*i,Demo Microfinance Bank,Transfer,successful,yes,yes,,,,,ENT824983574652,216500
TXN-003802,CUS-0308,9937456111,2026-08-16 09:50,WEB,debit,4500,QuickBuy Online (fictional),,Online card payment,successful,yes,,,,,,ENT689218294707,677000
TXN-001211,CUS-0100,9919172290,2026-08-16 09:51,USSD,debit,500,Airtime (fictional network),,Airtime purchase,successful,yes,,,,,,ENT530602962969,2409200
TXN-000266,CUS-0022,9965384535,2026-08-16 10:35,POS,debit,22000,Bolt-like Rides (fictional),,POS purchase,successful,yes,,,,,,ENT282611751284,753000
TXN-000738,CUS-0061,9923524013,2026-08-16 11:00,POS,debit,1500,ShopRite-like Store (fictional),,POS purchase,successful,yes,,,,,,ENT186137777286,2604000
TXN-006112,CUS-0494,9961232402,2026-08-16 11:01,ATM,debit,40000,Other bank ATM,,ATM withdrawal,successful,yes,,no,,,,ENT528583245737,221500
TXN-005949,CUS-0482,9931572769,2026-08-16 11:03,POS,debit,1500,Pharmacy Plus (fictional),,POS purchase,successful,yes,,,,,,ENT453355723116,659800
TXN-002207,CUS-0180,9927751519,2026-08-16 11:38,USSD,debit,500,Airtime (fictional network),,Airtime purchase,successful,yes,,,,,,ENT408064162766,3069500
TXN-001357,CUS-0111,9960169676,2026-08-16 11:55,WEB,debit,2500,QuickBuy Online (fictional),,Online card payment,successful,yes,,,,,,ENT429970047850,310500
TXN-004812,CUS-0390,9910397222,2026-08-16 12:11,POS,debit,1500,Bolt-like Rides (fictional),,POS purchase,successful,yes,,,,,,ENT317874628228,606500
TXN-001467,CUS-0120,9939956816,2026-08-16 12:12,USSD,debit,2000,Airtime (fictional network),,Airtime purchase,successful,yes,,,,,,ENT129222358062,1136000
TXN-005754,CUS-0466,9921435033,2026-08-16 12:41,ATM,debit,20000,Other bank ATM,,ATM withdrawal,successful,yes,,no,,,,ENT183506634975,527000
TXN-004738,CUS-0384,9978462464,2026-08-16 12:47,POS,debit,3500,ShopRite-like Store (fictional),,POS purchase,successful,yes,,,,,,ENT634087450098,459000
TXN-004257,CUS-0346,9910643132,2026-08-16 12:48,WEB,debit,9900,Bolt-like Rides (fictional),,Online card payment,successful,yes,,,,,,ENT808692284056,356100
TXN-000619,CUS-0051,9985846388,2026-08-16 12:59,WEB,debit,9900,StreamFlix (fictional),,Online card payment,successful,yes,,,,,,ENT380624280564,2585100
TXN-006141,CUS-0496,9992039930,2026-08-16 13:26,WEB,debit,4500,StreamFlix (fictional),,Online card payment,successful,yes,,,,,,ENT653250803855,2753000
TXN-003509,CUS-0283,9992725775,2026-08-16 13:44,TRANSFER,debit,100000,Yemisi O******n,Placeholder Bank,Transfer,successful,yes,yes,,,,,ENT673197977605,288900
TXN-004006,CUS-0325,9991958539,2026-08-16 13:47,TRANSFER,debit,35000,Lola O******e,Fictional Trust Bank,Transfer,successful,yes,yes,,,,,ENT172044946243,759000
TXN-000466,CUS-0039,9960824456,2026-08-16 14:18,POS,debit,1500,Bolt-like Rides (fictional),,POS purchase,successful,yes,,,,,,ENT655806572514,223500
TXN-000642,CUS-0053,9916354011,2026-08-16 14:31,USSD,debit,1000,Airtime (fictional network),,Airtime purchase,successful,yes,,,,,,ENT741461001450,2532000
TXN-005445,CUS-0441,9989912305,2026-08-16 14:50,POS,debit,12500,Lekki Luxury Stores,,POS purchase,successful,yes,,,,,,ENT726977396985,151000
TXN-000071,CUS-0006,9988766344,2026-08-16 15:04,USSD,debit,1000,Airtime (fictional network),,Airtime purchase,successful,yes,,,,,,ENT156432547355,944900
TXN-005018,CUS-0407,9927834375,2026-08-16 15:07,USSD,debit,500,Airtime (fictional network),,Airtime purchase,successful,yes,,,,,,ENT490248086430,67500
TXN-003563,CUS-0288,9972097656,2026-08-16 15:14,TRANSFER,debit,50000,Musa N***u,Sample Savings Bank,Transfer,successful,yes,yes,,,,,ENT623276022755,2776500
TXN-000034,CUS-0003,9944729405,2026-08-16 15:20,ATM,debit,20000,ENTIN ATM,,ATM withdrawal,successful,yes,,yes,,,,ENT487583937388,237000
TXN-002295,CUS-0187,9956885470,2026-08-16 15:55,USSD,debit,500,Airtime (fictional network),,Airtime purchase,successful,yes,,,,,,ENT947454323325,2579500
TXN-005621,CUS-0455,9902792166,2026-08-16 15:55,POS,debit,22000,Market Stall POS,,POS purchase,successful,yes,,,,,,ENT619883228858,750500
TXN-001349,CUS-0111,9960169676,2026-08-16 16:05,POS,debit,45000,StreamFlix (fictional),,POS purchase,successful,yes,,,,,,ENT443815225649,265500
TXN-005905,CUS-0478,9926098818,2026-08-16 16:21,POS,debit,45000,Pharmacy Plus (fictional),,POS purchase,successful,yes,,,,,,ENT951189212303,3063200
TXN-004965,CUS-0402,9957851156,2026-08-16 16:39,POS,debit,22000,Pharmacy Plus (fictional),,POS purchase,successful,yes,,,,,,ENT883811775430,507500
TXN-004083,CUS-0332,9988059718,2026-08-16 18:05,TRANSFER,debit,50000,Obinna E*e,Fictional Trust Bank,Transfer,successful,yes,yes,,,,,ENT837687794602,3052200
TXN-003877,CUS-0314,9990571386,2026-08-16 18:18,TRANSFER,debit,10000,Aminu B****y,Fictional Trust Bank,Transfer,successful,yes,yes,,,,,ENT494888141196,178500
TXN-003335,CUS-0269,9936756441,2026-08-16 18:19,POS,debit,12500,QuickBuy Online (fictional),,POS purchase,successful,yes,,,,,,ENT599904814953,2823000
TXN-002096,CUS-0171,9983851534,2026-08-16 19:31,USSD,debit,500,Airtime (fictional network),,Airtime purchase,successful,yes,,,,,,ENT243056748507,842500
TXN-006182,CUS-0499,9952647161,2026-08-16 19:50,POS,debit,45000,Bolt-like Rides (fictional),,POS purchase,successful,yes,,,,,,ENT369607600017,151000
TXN-004988,CUS-0404,9918022090,2026-08-16 20:22,USSD,debit,1000,Airtime (fictional network),,Airtime purchase,successful,yes,,,,,,ENT801946205432,576200
TXN-004134,CUS-0336,9952764504,2026-08-16 21:20,POS,debit,7800,QuickBuy Online (fictional),,POS purchase,successful,yes,,,,,,ENT979462912851,671200
TXN-005192,CUS-0421,9917263678,2026-08-16 21:29,TRANSFER,debit,5000,Seun C****u,Fictional Trust Bank,Transfer,successful,yes,yes,,,,,ENT362688074090,113500
TXN-004842,CUS-0392,9991287050,2026-08-16 21:37,POS,debit,12500,Filling Station (fictional),,POS purchase,successful,yes,,,,,,ENT347293356705,466200
TXN-003621,CUS-0293,9928185458,2026-08-16 21:39,ATM,debit,20000,ENTIN ATM,,ATM withdrawal,successful,yes,,yes,,,,ENT843739133681,564100
TXN-001764,CUS-0145,9912117405,2026-08-16 21:57,TRANSFER,debit,100000,Hauwa B****e,Demo Microfinance Bank,Transfer,successful,yes,yes,,,,,ENT195313695863,605000
TXN-004142,CUS-0337,9928921183,2026-08-16 21:58,POS,debit,45000,StreamFlix (fictional),,POS purchase,successful,yes,,,,,,ENT582902721559,2779500
TXN-000584,CUS-0048,9972987112,2026-08-16 22:09,POS,debit,1500,Pharmacy Plus (fictional),,POS purchase,successful,yes,,,,,,ENT905446968258,2876300
TXN-006126,CUS-0495,9921089129,2026-08-16 22:50,POS,debit,22000,Mama Put Kitchen,,POS purchase,successful,yes,,,,,,ENT564536780207,1249500
TXN-005180,CUS-0420,9939184404,2026-08-16 23:04,ATM,debit,20000,ENTIN ATM,,ATM withdrawal,successful,yes,,yes,,,,ENT414855645104,975500
TXN-005301,CUS-0430,9922159393,2026-08-16 23:10,TRANSFER,debit,35000,Kemi E****g,Quick Fictional Bank,Transfer,successful,yes,yes,,,,,ENT481501495401,133500
TXN-004642,CUS-0376,9965266631,2026-08-17 00:53,USSD,debit,2000,Airtime (fictional network),,Airtime purchase,successful,yes,,,,,,ENT327157410532,463100
TXN-004850,CUS-0393,9978315160,2026-08-17 01:35,POS,debit,1500,Lekki Luxury Stores,,POS purchase,successful,yes,,,,,,ENT912234578354,17500
TXN-002256,CUS-0184,9912799315,2026-08-17 01:45,WEB,debit,9900,Lekki Luxury Stores,,Online card payment,successful,yes,,,,,,ENT355617545897,1203600
TXN-005080,CUS-0412,9954372850,2026-08-17 02:10,POS,debit,3500,Pharmacy Plus (fictional),,POS purchase,successful,yes,,,,,,ENT270479999599,360200
TXN-001664,CUS-0136,9972130516,2026-08-17 02:13,POS,debit,12500,QuickBuy Online (fictional),,POS purchase,successful,yes,,,,,,ENT231724408430,443000
TXN-004124,CUS-0335,9937290469,2026-08-17 02:21,POS,debit,12500,Lekki Luxury Stores,,POS purchase,successful,yes,,,,,,ENT530387751327,1163500
TXN-004400,CUS-0357,9982452077,2026-08-17 02:44,ATM,debit,10000,Other bank ATM,,ATM withdrawal,successful,yes,,no,,,,ENT168599540925,467700
TXN-002564,CUS-0208,9908562995,2026-08-17 02:50,POS,debit,12500,ShopRite-like Store (fictional),,POS purchase,successful,yes,,,,,,ENT774179401680,2569200
TXN-003348,CUS-0270,9932642118,2026-08-17 03:39,ATM,debit,20000,Other bank ATM,,ATM withdrawal,successful,yes,,no,,,,ENT792675141513,675500
TXN-003382,CUS-0273,9935986265,2026-08-17 04:01,USSD,debit,2000,Airtime (fictional network),,Airtime purchase,successful,yes,,,,,,ENT393596088776,271000
TXN-005498,CUS-0445,9937220724,2026-08-17 04:09,WEB,debit,9900,Bolt-like Rides (fictional),,Online card payment,successful,yes,,,,,,ENT977637988051,298100
TXN-005288,CUS-0429,9962754614,2026-08-17 04:20,ATM,debit,20000,ENTIN ATM,,ATM withdrawal,successful,yes,,yes,,,,ENT420788589047,1012500
TXN-002537,CUS-0206,9960946297,2026-08-17 04:39,ATM,debit,10000,Other bank ATM,,ATM withdrawal,successful,yes,,no,,,,ENT872809256350,823500
TXN-002990,CUS-0241,9968320519,2026-08-17 04:39,USSD,debit,2000,Airtime (fictional network),,Airtime purchase,successful,yes,,,,,,ENT303667256712,275500
TXN-004491,CUS-0364,9924622145,2026-08-17 05:15,POS,debit,3500,Filling Station (fictional),,POS purchase,successful,yes,,,,,,ENT901417036821,1015500
TXN-001122,CUS-0093,9969795168,2026-08-17 05:17,WEB,debit,15000,Bolt-like Rides (fictional),,Online card payment,successful,yes,,,,,,ENT432756280241,2645000
TXN-000608,CUS-0050,9988645732,2026-08-17 05:24,TRANSFER,debit,100000,Ronke O******i,Quick Fictional Bank,Transfer,successful,yes,yes,,,,,ENT500137149620,156000
TXN-001227,CUS-0101,9971745143,2026-08-17 06:19,POS,debit,12500,StreamFlix (fictional),,POS purchase,successful,yes,,,,,,ENT399892454932,2552000
TXN-005730,CUS-0464,9998523750,2026-08-17 06:24,TRANSFER,debit,100000,Uche A*****a,Sample Savings Bank,Transfer,successful,yes,yes,,,,,ENT184482309885,325500
TXN-002500,CUS-0203,9911235217,2026-08-17 06:37,USSD,debit,5000,Airtime (fictional network),,Airtime purchase,successful,yes,,,,,,ENT278096551189,73000
TXN-004843,CUS-0392,9991287050,2026-08-17 07:20,USSD,debit,1000,Airtime (fictional network),,Airtime purchase,successful,yes,,,,,,ENT695507875822,465200
TXN-005111,CUS-0414,9977024396,2026-08-17 07:20,TRANSFER,debit,10000,Joy O*u,Fictional Trust Bank,Transfer,successful,yes,yes,,,,,ENT277680690321,2612500
TXN-000623,CUS-0051,9985846388,2026-08-17 07:38,TRANSFER,debit,50000,Ngozi A*****a,Demo Microfinance Bank,Transfer,successful,yes,yes,,,,,ENT331279425022,2535100
TXN-005232,CUS-0424,9968184455,2026-08-17 08:03,WEB,debit,4500,Bolt-like Rides (fictional),,Online card payment,successful,yes,,,,,,ENT113388613984,183000
TXN-003539,CUS-0286,9930900140,2026-08-17 08:28,USSD,debit,500,Airtime (fictional network),,Airtime purchase,successful,yes,,,,,,ENT309891043296,2602000
TXN-003489,CUS-0282,9946306844,2026-08-17 08:54,WEB,debit,2500,Lekki Luxury Stores,,Online card payment,successful,yes,,,,,,ENT340142475256,1497200
TXN-004529,CUS-0367,9951406955,2026-08-17 08:59,TRANSFER,debit,20000,Yusuf O*i,Quick Fictional Bank,Transfer,successful,yes,yes,,,,,ENT281219443487,2694000
TXN-001589,CUS-0130,9970533656,2026-08-17 09:41,ATM,debit,10000,Other bank ATM,,ATM withdrawal,successful,yes,,no,,,,ENT901843719038,491000
TXN-000901,CUS-0075,9926436628,2026-08-17 09:43,TRANSFER,debit,20000,Emmanuel E****m,Quick Fictional Bank,Transfer,successful,yes,yes,,,,,ENT866550075549,181000
TXN-003977,CUS-0323,9954538030,2026-08-17 09:46,USSD,debit,2000,Airtime (fictional network),,Airtime purchase,successful,yes,,,,,,ENT677498523124,655600
TXN-004526,CUS-0367,9951406955,2026-08-17 10:05,POS,debit,7800,StreamFlix (fictional),,POS purchase,successful,yes,,,,,,ENT604856372175,2686200
TXN-004914,CUS-0398,9963495400,2026-08-17 10:09,ATM,debit,20000,Other bank ATM,,ATM withdrawal,successful,yes,,no,,,,ENT673686722597,285000
TXN-004754,CUS-0385,9986616742,2026-08-17 10:45,WEB,debit,15000,QuickBuy Online (fictional),,Online card payment,successful,yes,,,,,,ENT402355072484,2508200
TXN-004496,CUS-0365,9966800555,2026-08-17 10:52,USSD,debit,1000,Airtime (fictional network),,Airtime purchase,successful,yes,,,,,,ENT927009381052,1064000
TXN-005672,CUS-0459,9996173946,2026-08-17 11:05,WEB,debit,15000,QuickBuy Online (fictional),,Online card payment,successful,yes,,,,,,ENT545384778132,205000
TXN-004788,CUS-0388,9966683513,2026-08-17 11:18,WEB,debit,4500,StreamFlix (fictional),,Online card payment,successful,yes,,,,,,ENT904508639670,545600
TXN-000909,CUS-0075,9926436628,2026-08-17 11:38,TRANSFER,debit,10000,Halima I*e,Fictional Trust Bank,Transfer,successful,yes,yes,,,,,ENT460680174567,171000
TXN-004665,CUS-0378,9920862512,2026-08-17 12:21,USSD,debit,2000,Airtime (fictional network),,Airtime purchase,successful,yes,,,,,,ENT596334527022,2800500
TXN-004588,CUS-0372,9937583244,2026-08-17 12:38,USSD,debit,5000,Airtime (fictional network),,Airtime purchase,successful,yes,,,,,,ENT168953586621,988700
TXN-006191,CUS-0500,9934447608,2026-08-17 12:39,TRANSFER,debit,50000,Ifeanyi A***n,Demo Microfinance Bank,Transfer,successful,yes,yes,,,,,ENT877928536621,560200
TXN-001576,CUS-0129,9901919652,2026-08-17 12:47,WEB,debit,4500,QuickBuy Online (fictional),,Online card payment,successful,yes,,,,,,ENT887986114334,168000
TXN-000894,CUS-0074,9981299914,2026-08-17 12:48,USSD,debit,1000,Airtime (fictional network),,Airtime purchase,successful,yes,,,,,,ENT256811324916,157500
TXN-004860,CUS-0394,9948693005,2026-08-17 12:54,POS,debit,7800,StreamFlix (fictional),,POS purchase,successful,yes,,,,,,ENT532827901318,253700
TXN-002241,CUS-0183,9902993351,2026-08-17 13:12,USSD,debit,500,Airtime (fictional network),,Airtime purchase,successful,yes,,,,,,ENT159495472187,2347000
TXN-001844,CUS-0151,9923911317,2026-08-17 13:25,POS,debit,12500,Market Stall POS,,POS purchase,successful,yes,,,,,,ENT189045140506,954500
TXN-001061,CUS-0088,9912668692,2026-08-17 13:33,WEB,debit,2500,Bolt-like Rides (fictional),,Online card payment,successful,yes,,,,,,ENT945328958478,52500
TXN-003127,CUS-0252,9937906660,2026-08-17 14:07,ATM,debit,10000,Other bank ATM,,ATM withdrawal,successful,yes,,no,,,,ENT112960760985,943300
TXN-002181,CUS-0178,9914176590,2026-08-17 14:17,TRANSFER,debit,20000,Usman O*******i,Sample Savings Bank,Transfer,successful,yes,yes,,,,,ENT885359022974,294000
TXN-000739,CUS-0061,9923524013,2026-08-17 14:20,WEB,debit,4500,Lekki Luxury Stores,,Online card payment,successful,yes,,,,,,ENT971758290714,2599500
TXN-001665,CUS-0136,9972130516,2026-08-17 14:38,WEB,debit,4500,Lekki Luxury Stores,,Online card payment,successful,yes,,,,,,ENT111288133587,438500
TXN-001479,CUS-0121,9910108102,2026-08-17 14:53,TRANSFER,debit,20000,Halima O***o,Fictional Trust Bank,Transfer,successful,yes,yes,,,,,ENT578754116928,922500
TXN-004657,CUS-0378,9920862512,2026-08-17 15:47,POS,debit,3500,Filling Station (fictional),,POS purchase,successful,yes,,,,,,ENT257701846061,2797000
TXN-003615,CUS-0292,9969206472,2026-08-17 16:58,POS,debit,7800,ShopRite-like Store (fictional),,POS purchase,successful,yes,,,,,,ENT691111238079,621600
TXN-002214,CUS-0180,9927751519,2026-08-17 18:19,USSD,debit,2000,Airtime (fictional network),,Airtime purchase,successful,yes,,,,,,ENT843980636858,3067500
TXN-004318,CUS-0351,9935890704,2026-08-17 18:22,ATM,debit,20000,ENTIN ATM,,ATM withdrawal,successful,yes,,yes,,,,ENT238638184691,195000
TXN-000200,CUS-0017,9946001304,2026-08-17 19:05,POS,debit,1500,Mama Put Kitchen,,POS purchase,successful,yes,,,,,,ENT627654859752,227000
TXN-005143,CUS-0417,9965144969,2026-08-17 19:09,ATM,debit,40000,ENTIN ATM,,ATM withdrawal,successful,yes,,yes,,,,ENT314062485129,813500
TXN-005564,CUS-0451,9961219558,2026-08-17 19:21,TRANSFER,debit,5000,Halima A*****a,Demo Microfinance Bank,Transfer,successful,yes,yes,,,,,ENT251687027568,624000
TXN-005173,CUS-0419,9947242692,2026-08-17 19:26,USSD,debit,2000,Airtime (fictional network),,Airtime purchase,successful,yes,,,,,,ENT945508774197,793500
TXN-003410,CUS-0275,9916289439,2026-08-17 19:33,ATM,debit,20000,ENTIN ATM,,ATM withdrawal,successful,yes,,yes,,,,ENT322348254641,238500
TXN-003419,CUS-0276,9997590170,2026-08-17 19:50,POS,debit,3500,Mama Put Kitchen,,POS purchase,successful,yes,,,,,,ENT205817111750,115000
TXN-003005,CUS-0242,9902208747,2026-08-17 19:55,POS,debit,22000,Bolt-like Rides (fictional),,POS purchase,successful,yes,,,,,,ENT654156552427,3058100
TXN-005412,CUS-0438,9912614443,2026-08-17 19:56,USSD,debit,2000,Airtime (fictional network),,Airtime purchase,successful,yes,,,,,,ENT821724476688,2868200
TXN-000099,CUS-0009,9993319084,2026-08-17 20:05,ATM,debit,20000,ENTIN ATM,,ATM withdrawal,successful,yes,,yes,,,,ENT133728329312,2787200
TXN-001306,CUS-0108,9976125398,2026-08-17 20:18,TRANSFER,debit,5000,Ngozi O******n,Quick Fictional Bank,Transfer,successful,yes,yes,,,,,ENT907420478410,112500
TXN-001532,CUS-0125,9939285100,2026-08-17 20:21,USSD,debit,2000,Airtime (fictional network),,Airtime purchase,successful,yes,,,,,,ENT217790478655,937500
TXN-005705,CUS-0462,9959698980,2026-08-17 20:26,ATM,debit,20000,ENTIN ATM,,ATM withdrawal,successful,yes,,yes,,,,ENT353475204840,49500
TXN-005526,CUS-0448,9949863391,2026-08-17 20:57,TRANSFER,debit,20000,Aminu S****i,Placeholder Bank,Transfer,successful,yes,yes,,,,,ENT829180028783,102000
TXN-003072,CUS-0248,9955864605,2026-08-17 21:02,ATM,debit,10000,Other bank ATM,,ATM withdrawal,successful,yes,,no,,,,ENT833350203572,469500
TXN-004337,CUS-0352,9911574849,2026-08-17 21:08,POS,debit,45000,Lekki Luxury Stores,,POS purchase,successful,yes,,,,,,ENT824218913509,750000
TXN-000237,CUS-0020,9969256663,2026-08-17 21:10,POS,debit,22000,Mama Put Kitchen,,POS purchase,successful,yes,,,,,,ENT984203065059,3071500
TXN-001342,CUS-0110,9951521657,2026-08-17 22:32,POS,debit,1500,Pharmacy Plus (fictional),,POS purchase,successful,yes,,,,,,ENT790424597213,2542500
TXN-001010,CUS-0084,9996444694,2026-08-17 22:43,POS,debit,7800,Bolt-like Rides (fictional),,POS purchase,successful,yes,,,,,,ENT531055889731,170200
TXN-005747,CUS-0465,9919915036,2026-08-17 22:45,POS,debit,3500,Market Stall POS,,POS purchase,successful,yes,,,,,,ENT847017855961,1099000
TXN-000502,CUS-0042,9938560739,2026-08-17 23:01,USSD,debit,500,Airtime (fictional network),,Airtime purchase,successful,yes,,,,,,ENT183034768215,2565500
TXN-001901,CUS-0156,9944565338,2026-08-17 23:23,ATM,debit,20000,Other bank ATM,,ATM withdrawal,successful,yes,,no,,,,ENT148797947145,1228000
TXN-000704,CUS-0058,9980156464,2026-08-17 23:26,WEB,debit,15000,QuickBuy Online (fictional),,Online card payment,successful,yes,,,,,,ENT995000470385,625100
TXN-005766,CUS-0467,9930828759,2026-08-17 23:26,ATM,debit,20000,ENTIN ATM,,ATM withdrawal,successful,yes,,yes,,,,ENT478182133955,2712200
TXN-005003,CUS-0405,9968853106,2026-08-17 23:30,ATM,debit,40000,Other bank ATM,,ATM withdrawal,successful,yes,,no,,,,ENT373465640919,277200
TXN-005106,CUS-0414,9977024396,2026-08-17 23:36,POS,debit,3500,StreamFlix (fictional),,POS purchase,successful,yes,,,,,,ENT157558047200,2609000
TXN-004776,CUS-0387,9916279824,2026-08-17 23:55,POS,debit,1500,ShopRite-like Store (fictional),,POS purchase,successful,yes,,,,,,ENT950322433538,2434500
TXN-001932,CUS-0158,9916441320,2026-08-18 00:06,POS,debit,3500,QuickBuy Online (fictional),,POS purchase,successful,yes,,,,,,ENT823670142844,1188500
TXN-000884,CUS-0073,9929770579,2026-08-18 00:35,USSD,debit,5000,Airtime (fictional network),,Airtime purchase,successful,yes,,,,,,ENT838633446753,1099500
TXN-005872,CUS-0475,9942169114,2026-08-18 01:03,ATM,debit,20000,Other bank ATM,,ATM withdrawal,successful,yes,,no,,,,ENT859024040113,239000
TXN-004643,CUS-0376,9965266631,2026-08-18 01:10,WEB,debit,9900,StreamFlix (fictional),,Online card payment,successful,yes,,,,,,ENT273507775681,453200
TXN-000292,CUS-0024,9988281126,2026-08-18 01:55,POS,debit,3500,Bolt-like Rides (fictional),,POS purchase,successful,yes,,,,,,ENT308840320300,2514600
TXN-002223,CUS-0181,9983508472,2026-08-18 02:04,TRANSFER,debit,20000,Ronke B****e,Sample Savings Bank,Transfer,successful,yes,yes,,,,,ENT166760349533,274000
TXN-001371,CUS-0112,9942365966,2026-08-18 02:31,WEB,debit,2500,QuickBuy Online (fictional),,Online card payment,successful,yes,,,,,,ENT196593639409,267500
TXN-004394,CUS-0357,9982452077,2026-08-18 03:01,POS,debit,1500,Market Stall POS,,POS purchase,successful,yes,,,,,,ENT456149862122,466200
TXN-001270,CUS-0105,9972234888,2026-08-18 03:05,POS,debit,3500,ShopRite-like Store (fictional),,POS purchase,successful,yes,,,,,,ENT327471939105,504600
TXN-003386,CUS-0273,9935986265,2026-08-18 03:11,ATM,debit,10000,ENTIN ATM,,ATM withdrawal,successful,yes,,yes,,,,ENT882755967083,261000
TXN-001660,CUS-0136,9972130516,2026-08-18 03:21,POS,debit,45000,QuickBuy Online (fictional),,POS purchase,successful,yes,,,,,,ENT540641896550,393500
TXN-004918,CUS-0398,9963495400,2026-08-18 03:34,POS,debit,12500,StreamFlix (fictional),,POS purchase,successful,yes,,,,,,ENT879194275422,272500
TXN-003350,CUS-0270,9932642118,2026-08-18 04:08,ATM,debit,20000,Other bank ATM,,ATM withdrawal,successful,yes,,no,,,,ENT733754250727,655500
TXN-005735,CUS-0464,9998523750,2026-08-18 04:13,TRANSFER,debit,20000,Mercy F*****a,Placeholder Bank,Transfer,successful,yes,yes,,,,,ENT721235831636,305500
TXN-002487,CUS-0202,9914950549,2026-08-18 04:36,TRANSFER,debit,5000,Uche E**t,Placeholder Bank,Transfer,successful,yes,yes,,,,,ENT901141404314,2443000
TXN-003662,CUS-0296,9904810740,2026-08-18 04:38,POS,debit,1500,Market Stall POS,,POS purchase,successful,yes,,,,,,ENT318150120956,129000
TXN-004448,CUS-0361,9980291368,2026-08-18 04:43,TRANSFER,debit,5000,Dayo U**h,Fictional Trust Bank,Transfer,successful,yes,yes,,,,,ENT843997252376,216200
TXN-001797,CUS-0147,9900546598,2026-08-18 04:56,POS,debit,7800,StreamFlix (fictional),,POS purchase,successful,yes,,,,,,ENT200615262267,986700
TXN-000921,CUS-0076,9970950601,2026-08-18 05:06,POS,debit,22000,StreamFlix (fictional),,POS purchase,successful,yes,,,,,,ENT915886092957,55500
TXN-005862,CUS-0474,9967078673,2026-08-18 05:17,ATM,debit,10000,ENTIN ATM,,ATM withdrawal,successful,yes,,yes,,,,ENT298710414024,197000
TXN-000380,CUS-0032,9941968982,2026-08-18 05:53,USSD,debit,2000,Airtime (fictional network),,Airtime purchase,successful,yes,,,,,,ENT325820046616,2488700
TXN-005302,CUS-0430,9922159393,2026-08-18 06:48,USSD,debit,5000,Airtime (fictional network),,Airtime purchase,successful,yes,,,,,,ENT558173528584,128500
TXN-006143,CUS-0496,9992039930,2026-08-18 07:00,WEB,debit,2500,QuickBuy Online (fictional),,Online card payment,successful,yes,,,,,,ENT656130613965,2750500
TXN-005986,CUS-0484,9979764044,2026-08-18 07:04,TRANSFER,debit,20000,Tunde O******e,Quick Fictional Bank,Transfer,successful,yes,yes,,,,,ENT465795855336,326000
TXN-003684,CUS-0298,9994675331,2026-08-18 07:20,TRANSFER,debit,10000,Bukola O******e,Quick Fictional Bank,Transfer,successful,yes,yes,,,,,ENT225244494096,1080000
TXN-003932,CUS-0319,9964510647,2026-08-18 07:20,POS,debit,7800,Pharmacy Plus (fictional),,POS purchase,successful,yes,,,,,,ENT321112854293,627200
TXN-001876,CUS-0154,9973621841,2026-08-18 07:35,ATM,debit,10000,ENTIN ATM,,ATM withdrawal,successful,yes,,yes,,,,ENT538146355981,500000
TXN-005242,CUS-0425,9940818369,2026-08-18 07:35,POS,debit,3500,QuickBuy Online (fictional),,POS purchase,successful,yes,,,,,,ENT515603259187,267500
TXN-005761,CUS-0466,9921435033,2026-08-18 07:38,WEB,debit,4500,Bolt-like Rides (fictional),,Online card payment,successful,yes,,,,,,ENT534884617864,522500
TXN-003299,CUS-0266,9911157896,2026-08-18 07:47,TRANSFER,debit,35000,Sani U**r,Fictional Trust Bank,Transfer,successful,yes,yes,,,,,ENT293705857769,1001500
TXN-000125,CUS-0011,9983601610,2026-08-18 07:49,TRANSFER,debit,10000,Uche M**a,Quick Fictional Bank,Transfer,successful,yes,yes,,,,,ENT252785567053,141500
TXN-002054,CUS-0168,9989354914,2026-08-18 07:58,POS,debit,1500,ShopRite-like Store (fictional),,POS purchase,successful,yes,,,,,,ENT208725465546,2632700
TXN-001288,CUS-0106,9959061922,2026-08-18 08:04,TRANSFER,debit,35000,Dayo B****y,Sample Savings Bank,Transfer,successful,yes,yes,,,,,ENT445373023663,130000
TXN-000699,CUS-0058,9980156464,2026-08-18 08:38,POS,debit,1500,StreamFlix (fictional),,POS purchase,successful,yes,,,,,,ENT183665260349,623600
TXN-005909,CUS-0478,9926098818,2026-08-18 09:11,USSD,debit,500,Airtime (fictional network),,Airtime purchase,successful,yes,,,,,,ENT656652849099,3062700
TXN-000136,CUS-0012,9975177992,2026-08-18 09:16,POS,debit,7800,QuickBuy Online (fictional),,POS purchase,successful,yes,,,,,,ENT838482668811,2511700
TXN-005320,CUS-0431,9985406888,2026-08-18 09:16,USSD,debit,500,Airtime (fictional network),,Airtime purchase,successful,yes,,,,,,ENT245203325588,2535000
TXN-002060,CUS-0168,9989354914,2026-08-18 09:48,USSD,debit,500,Airtime (fictional network),,Airtime purchase,successful,yes,,,,,,ENT652908622415,2632200
TXN-005229,CUS-0424,9968184455,2026-08-18 11:35,WEB,debit,4500,QuickBuy Online (fictional),,Online card payment,successful,yes,,,,,,ENT586549312214,178500
TXN-005783,CUS-0468,9916264223,2026-08-18 12:07,TRANSFER,debit,50000,Wale C****u,Fictional Trust Bank,Transfer,successful,yes,yes,,,,,ENT788301125291,1124500
TXN-005819,CUS-0471,9943902366,2026-08-18 12:11,POS,debit,12500,StreamFlix (fictional),,POS purchase,successful,yes,,,,,,ENT856117064531,62500
TXN-004031,CUS-0327,9985785371,2026-08-18 12:19,USSD,debit,500,Airtime (fictional network),,Airtime purchase,successful,yes,,,,,,ENT821724297746,703500
TXN-002069,CUS-0169,9984249158,2026-08-18 12:49,TRANSFER,debit,20000,Yusuf L***l,Demo Microfinance Bank,Transfer,successful,yes,yes,,,,,ENT218290129235,238700
TXN-004612,CUS-0374,9931151207,2026-08-18 12:55,WEB,debit,2500,QuickBuy Online (fictional),,Online card payment,successful,yes,,,,,,ENT800722445370,507500
TXN-002097,CUS-0171,9983851534,2026-08-18 13:14,USSD,debit,1000,Airtime (fictional network),,Airtime purchase,successful,yes,,,,,,ENT231157203175,841500
TXN-002450,CUS-0199,9916644726,2026-08-18 13:21,ATM,debit,40000,Other bank ATM,,ATM withdrawal,successful,yes,,no,,,,ENT841612518076,426500
TXN-002444,CUS-0199,9916644726,2026-08-18 13:45,ATM,debit,10000,Other bank ATM,,ATM withdrawal,successful,yes,,no,,,,ENT961352345866,416500
TXN-004689,CUS-0380,9935909163,2026-08-18 13:49,ATM,debit,10000,ENTIN ATM,,ATM withdrawal,successful,yes,,yes,,,,ENT291199579284,90000
TXN-001101,CUS-0091,9981013315,2026-08-18 14:37,TRANSFER,debit,100000,Musa E****g,Fictional Trust Bank,Transfer,successful,yes,yes,,,,,ENT274793666874,990000
TXN-002716,CUS-0220,9986070448,2026-08-18 14:45,WEB,debit,9900,Bolt-like Rides (fictional),,Online card payment,successful,yes,,,,,,ENT116917435153,335600
TXN-002618,CUS-0213,9943848714,2026-08-18 14:48,ATM,debit,10000,ENTIN ATM,,ATM withdrawal,successful,yes,,yes,,,,ENT182321901544,429500
TXN-001298,CUS-0107,9961387303,2026-08-18 15:30,ATM,debit,10000,Other bank ATM,,ATM withdrawal,successful,yes,,no,,,,ENT452644591367,283000
TXN-005553,CUS-0450,9931478410,2026-08-18 15:30,ATM,debit,10000,ENTIN ATM,,ATM withdrawal,successful,yes,,yes,,,,ENT391914028120,380000
TXN-006154,CUS-0497,9975222469,2026-08-18 15:30,ATM,debit,10000,ENTIN ATM,,ATM withdrawal,successful,yes,,yes,,,,ENT499807645629,90500
TXN-000446,CUS-0037,9980700159,2026-08-18 15:31,WEB,debit,4500,Bolt-like Rides (fictional),,Online card payment,successful,yes,,,,,,ENT809453725330,1031000
TXN-001091,CUS-0090,9945011459,2026-08-18 15:48,POS,debit,45000,ShopRite-like Store (fictional),,POS purchase,successful,yes,,,,,,ENT587963400969,454700
TXN-002688,CUS-0218,9910818187,2026-08-18 15:57,USSD,debit,5000,Airtime (fictional network),,Airtime purchase,successful,yes,,,,,,ENT497767371774,629500
TXN-002871,CUS-0232,9902084385,2026-08-18 16:16,TRANSFER,debit,50000,Tunde I*e,Quick Fictional Bank,Transfer,successful,yes,yes,,,,,ENT543132511157,946500
TXN-002187,CUS-0178,9914176590,2026-08-18 16:39,POS,debit,7800,Mama Put Kitchen,,POS purchase,successful,yes,,,,,,ENT781784492907,286200
TXN-000227,CUS-0019,9953801291,2026-08-18 16:45,POS,debit,22000,ShopRite-like Store (fictional),,POS purchase,successful,yes,,,,,,ENT877909730997,222700
TXN-000960,CUS-0080,9903022502,2026-08-18 16:51,TRANSFER,debit,10000,Emeka O****r,Sample Savings Bank,Transfer,successful,yes,yes,,,,,ENT922414302710,82500
TXN-002911,CUS-0235,9953911045,2026-08-18 16:52,TRANSFER,debit,10000,Ngozi I*e,Quick Fictional Bank,Transfer,successful,yes,yes,,,,,ENT891332915330,546000
TXN-005501,CUS-0446,9965552641,2026-08-18 17:46,WEB,debit,15000,Lekki Luxury Stores,,Online card payment,successful,yes,,,,,,ENT733355660309,46500
TXN-005042,CUS-0409,9926600363,2026-08-18 17:49,TRANSFER,debit,100000,Ikenna S**e,Sample Savings Bank,Transfer,successful,yes,yes,,,,,ENT485454099742,382100
TXN-005480,CUS-0444,9984434096,2026-08-18 18:45,USSD,debit,5000,Airtime (fictional network),,Airtime purchase,successful,yes,,,,,,ENT269066546549,245000
TXN-001468,CUS-0120,9939956816,2026-08-18 19:55,POS,debit,7800,ShopRite-like Store (fictional),,POS purchase,successful,yes,,,,,,ENT686938726375,1128200
TXN-004537,CUS-0368,9940190302,2026-08-18 20:16,TRANSFER,debit,5000,Daniel O******i,Quick Fictional Bank,Transfer,successful,yes,yes,,,,,ENT953610211799,651800
TXN-005691,CUS-0461,9906704957,2026-08-18 20:48,TRANSFER,debit,10000,Ese N*******u,Placeholder Bank,Transfer,successful,yes,yes,,,,,ENT385963820793,211000
TXN-002510,CUS-0204,9937567822,2026-08-18 21:11,POS,debit,45000,Market Stall POS,,POS purchase,successful,yes,,,,,,ENT869785245001,303500
TXN-003847,CUS-0312,9975337207,2026-08-18 21:46,WEB,debit,4500,Lekki Luxury Stores,,Online card payment,successful,yes,,,,,,ENT388762015137,615500
TXN-002814,CUS-0228,9954375149,2026-08-18 22:09,TRANSFER,debit,5000,Patience B***o,Demo Microfinance Bank,Transfer,successful,yes,yes,,,,,ENT989693260283,544500
TXN-001323,CUS-0109,9926445274,2026-08-18 22:13,ATM,debit,10000,Other bank ATM,,ATM withdrawal,successful,yes,,no,,,,ENT972232637500,271500
TXN-004989,CUS-0404,9918022090,2026-08-18 22:27,ATM,debit,40000,ENTIN ATM,,ATM withdrawal,successful,yes,,yes,,,,ENT278423983538,536200
TXN-005941,CUS-0481,9939475693,2026-08-18 23:11,ATM,debit,10000,Other bank ATM,,ATM withdrawal,successful,yes,,no,,,,ENT310507869543,220200
TXN-001633,CUS-0133,9965679951,2026-08-18 23:23,ATM,debit,40000,Other bank ATM,,ATM withdrawal,successful,yes,,no,,,,ENT786704418535,133500
TXN-001678,CUS-0137,9965386482,2026-08-19 00:01,USSD,debit,500,Airtime (fictional network),,Airtime purchase,successful,yes,,,,,,ENT196367506436,74500
TXN-000349,CUS-0029,9914497660,2026-08-19 00:20,TRANSFER,debit,100000,Obinna O****r,Fictional Trust Bank,Transfer,successful,yes,yes,,,,,ENT179461360148,895000
TXN-000144,CUS-0012,9975177992,2026-08-19 00:52,POS,debit,22000,Market Stall POS,,POS purchase,successful,yes,,,,,,ENT578666989515,2489700
TXN-000587,CUS-0048,9972987112,2026-08-19 00:53,POS,debit,45000,StreamFlix (fictional),,POS purchase,successful,yes,,,,,,ENT731800695450,2831300
TXN-001860,CUS-0152,9950934230,2026-08-19 00:53,POS,debit,45000,StreamFlix (fictional),,POS purchase,successful,yes,,,,,,ENT360943513995,576000
TXN-001121,CUS-0093,9969795168,2026-08-19 01:12,USSD,debit,1000,Airtime (fictional network),,Airtime purchase,successful,yes,,,,,,ENT409642516017,2644000
TXN-002735,CUS-0222,9943397743,2026-08-19 01:13,TRANSFER,debit,50000,Bisola O*u,Demo Microfinance Bank,Transfer,successful,yes,yes,,,,,ENT758606931745,560500
TXN-001215,CUS-0100,9919172290,2026-08-19 01:16,WEB,debit,4500,QuickBuy Online (fictional),,Online card payment,successful,yes,,,,,,ENT192068263647,2404700
TXN-005494,CUS-0445,9937220724,2026-08-19 01:24,POS,debit,45000,Bolt-like Rides (fictional),,POS purchase,successful,yes,,,,,,ENT101496983161,253100
TXN-003120,CUS-0251,9972251933,2026-08-19 01:29,ATM,debit,10000,ENTIN ATM,,ATM withdrawal,successful,yes,,yes,,,,ENT801971860403,237500
TXN-003496,CUS-0282,9946306844,2026-08-19 01:52,ATM,debit,10000,Other bank ATM,,ATM withdrawal,successful,yes,,no,,,,ENT451115775009,1487200
TXN-000609,CUS-0050,9988645732,2026-08-19 02:01,POS,debit,7800,Bolt-like Rides (fictional),,POS purchase,successful,yes,,,,,,ENT649737220417,148200
TXN-005154,CUS-0418,9975201362,2026-08-19 02:05,POS,debit,45000,Mama Put Kitchen,,POS purchase,successful,yes,,,,,,ENT224957243165,2971300
TXN-004864,CUS-0394,9948693005,2026-08-19 02:23,TRANSFER,debit,20000,Ese O****r,Demo Microfinance Bank,Transfer,successful,yes,yes,,,,,ENT120099916301,233700
TXN-004807,CUS-0390,9910397222,2026-08-19 02:30,TRANSFER,debit,100000,Usman A*******i,Quick Fictional Bank,Transfer,successful,yes,yes,,,,,ENT523705992301,506500
TXN-001202,CUS-0099,9936708878,2026-08-19 02:54,TRANSFER,debit,50000,Emmanuel O*****o,Demo Microfinance Bank,Transfer,successful,yes,yes,,,,,ENT492336432345,2597200
TXN-000303,CUS-0025,9948452630,2026-08-19 03:17,WEB,debit,15000,Lekki Luxury Stores,,Online card payment,successful,yes,,,,,,ENT475871289840,462200
TXN-001243,CUS-0103,9949574415,2026-08-19 03:57,TRANSFER,debit,35000,Emeka E****m,Placeholder Bank,Transfer,successful,yes,yes,,,,,ENT945806303655,346500
TXN-001639,CUS-0134,9983034549,2026-08-19 04:05,POS,debit,1500,ShopRite-like Store (fictional),,POS purchase,successful,yes,,,,,,ENT766582447242,928700
TXN-003145,CUS-0253,9919879915,2026-08-19 04:22,POS,debit,1500,Mama Put Kitchen,,POS purchase,successful,yes,,,,,,ENT322084156296,122200
TXN-000808,CUS-0067,9964668631,2026-08-19 04:44,TRANSFER,debit,100000,Kelechi B****e,Quick Fictional Bank,Transfer,successful,yes,yes,,,,,ENT171073562142,795500
TXN-003055,CUS-0246,9985384634,2026-08-19 04:48,TRANSFER,debit,10000,Nkechi I**e,Sample Savings Bank,Transfer,successful,yes,yes,,,,,ENT826416348217,2572300
TXN-006153,CUS-0497,9975222469,2026-08-19 05:01,POS,debit,22000,StreamFlix (fictional),,POS purchase,successful,yes,,,,,,ENT571406733652,68500
TXN-000756,CUS-0063,9948085347,2026-08-19 05:19,TRANSFER,debit,5000,Folake O*u,Quick Fictional Bank,Transfer,successful,yes,yes,,,,,ENT687893563023,103000
TXN-003924,CUS-0318,9973536623,2026-08-19 05:19,POS,debit,3500,Lekki Luxury Stores,,POS purchase,successful,yes,,,,,,ENT318708306154,933000
TXN-003995,CUS-0324,9957360445,2026-08-19 05:48,TRANSFER,debit,5000,Segun O*i,Sample Savings Bank,Transfer,successful,yes,yes,,,,,ENT142627221433,933500
TXN-004517,CUS-0366,9961438798,2026-08-19 06:08,POS,debit,1500,StreamFlix (fictional),,POS purchase,successful,yes,,,,,,ENT159953310622,158800
TXN-004903,CUS-0397,9939504343,2026-08-19 06:08,TRANSFER,debit,20000,Amaka A***n,Demo Microfinance Bank,Transfer,successful,yes,yes,,,,,ENT257329660594,2420700
TXN-000991,CUS-0082,9942764129,2026-08-19 06:25,POS,debit,3500,QuickBuy Online (fictional),,POS purchase,successful,yes,,,,,,ENT758892682371,525000
TXN-001482,CUS-0121,9910108102,2026-08-19 07:05,POS,debit,1500,QuickBuy Online (fictional),,POS purchase,successful,yes,,,,,,ENT840415886033,921000
TXN-006117,CUS-0494,9961232402,2026-08-19 07:12,TRANSFER,debit,5000,Seun N***i,Placeholder Bank,Transfer,successful,yes,yes,,,,,ENT541289691381,216500
TXN-006079,CUS-0492,9909587010,2026-08-19 07:21,WEB,debit,4500,Lekki Luxury Stores,,Online card payment,successful,yes,,,,,,ENT540409660800,1418700
TXN-001325,CUS-0109,9926445274,2026-08-19 07:28,POS,debit,22000,Market Stall POS,,POS purchase,successful,yes,,,,,,ENT718655666553,249500
TXN-004242,CUS-0345,9954456726,2026-08-19 07:31,USSD,debit,5000,Airtime (fictional network),,Airtime purchase,successful,yes,,,,,,ENT792139214005,211600
TXN-003985,CUS-0323,9954538030,2026-08-19 08:28,WEB,debit,15000,StreamFlix (fictional),,Online card payment,successful,yes,,,,,,ENT755814314269,640600
TXN-003087,CUS-0249,9911871482,2026-08-19 08:29,TRANSFER,debit,5000,Ikenna O***e,Demo Microfinance Bank,Transfer,successful,yes,yes,,,,,ENT561475383578,211500
TXN-001434,CUS-0118,9975049979,2026-08-19 08:43,TRANSFER,debit,20000,Uche O***o,Fictional Trust Bank,Transfer,successful,yes,yes,,,,,ENT724933583098,264500
TXN-004663,CUS-0378,9920862512,2026-08-19 09:02,WEB,debit,2500,Lekki Luxury Stores,,Online card payment,successful,yes,,,,,,ENT290444691784,2794500
TXN-000390,CUS-0033,9940720754,2026-08-19 09:45,ATM,debit,40000,ENTIN ATM,,ATM withdrawal,successful,yes,,yes,,,,ENT164170180036,919000
TXN-005966,CUS-0483,9956134913,2026-08-19 09:55,TRANSFER,debit,10000,Ronke L***l,Sample Savings Bank,Transfer,successful,yes,yes,,,,,ENT514324529066,169500
TXN-003010,CUS-0242,9902208747,2026-08-19 10:01,TRANSFER,debit,5000,Titilayo A*******i,Sample Savings Bank,Transfer,successful,yes,yes,,,,,ENT362614829165,3053100
TXN-006150,CUS-0497,9975222469,2026-08-19 10:26,WEB,debit,15000,StreamFlix (fictional),,Online card payment,successful,yes,,,,,,ENT676171056865,53500
TXN-005529,CUS-0448,9949863391,2026-08-19 10:36,POS,debit,12500,ShopRite-like Store (fictional),,POS purchase,successful,yes,,,,,,ENT405748470546,89500
TXN-000096,CUS-0008,9971475136,2026-08-19 10:43,ATM,debit,40000,ENTIN ATM,,ATM withdrawal,successful,yes,,yes,,,,ENT103663754817,838200
TXN-005290,CUS-0429,9962754614,2026-08-19 11:12,WEB,debit,15000,StreamFlix (fictional),,Online card payment,successful,yes,,,,,,ENT383282344509,997500
TXN-002906,CUS-0235,9953911045,2026-08-19 11:26,USSD,debit,1000,Airtime (fictional network),,Airtime purchase,successful,yes,,,,,,ENT898452114248,545000
TXN-005245,CUS-0425,9940818369,2026-08-19 11:32,POS,debit,1500,Mama Put Kitchen,,POS purchase,successful,yes,,,,,,ENT992933738806,266000
TXN-004558,CUS-0370,9934238589,2026-08-19 12:05,TRANSFER,debit,50000,Funke N***i,Demo Microfinance Bank,Transfer,successful,yes,yes,,,,,ENT526030155178,1021200
TXN-000455,CUS-0038,9928667534,2026-08-19 12:07,POS,debit,12500,Pharmacy Plus (fictional),,POS purchase,successful,yes,,,,,,ENT600471469550,211500
TXN-003495,CUS-0282,9946306844,2026-08-19 12:23,WEB,debit,9900,QuickBuy Online (fictional),,Online card payment,successful,yes,,,,,,ENT690346651385,1477300
TXN-005075,CUS-0411,9993781137,2026-08-19 12:41,WEB,debit,4500,Lekki Luxury Stores,,Online card payment,successful,yes,,,,,,ENT374529778786,474000
TXN-004472,CUS-0363,9914265763,2026-08-19 12:43,WEB,debit,9900,Bolt-like Rides (fictional),,Online card payment,successful,yes,,,,,,ENT779188449329,2503100
TXN-004600,CUS-0373,9932052387,2026-08-19 12:49,POS,debit,45000,Lekki Luxury Stores,,POS purchase,successful,yes,,,,,,ENT227304838104,381200
TXN-005083,CUS-0412,9954372850,2026-08-19 12:50,USSD,debit,1000,Airtime (fictional network),,Airtime purchase,successful,yes,,,,,,ENT957800767436,359200
TXN-001816,CUS-0149,9932706983,2026-08-19 13:04,ATM,debit,40000,ENTIN ATM,,ATM withdrawal,successful,yes,,yes,,,,ENT221946609551,203500
TXN-001057,CUS-0088,9912668692,2026-08-19 13:25,WEB,debit,2500,Bolt-like Rides (fictional),,Online card payment,successful,yes,,,,,,ENT405946300699,50000
TXN-004883,CUS-0396,9979503876,2026-08-19 13:29,POS,debit,45000,Mama Put Kitchen,,POS purchase,successful,yes,,,,,,ENT140646534990,400000
TXN-002217,CUS-0181,9983508472,2026-08-19 14:11,POS,debit,7800,Bolt-like Rides (fictional),,POS purchase,successful,yes,,,,,,ENT955466352010,266200
TXN-000721,CUS-0060,9906424829,2026-08-19 14:24,WEB,debit,15000,Lekki Luxury Stores,,Online card payment,successful,yes,,,,,,ENT340980982400,2560000
TXN-006023,CUS-0487,9989218380,2026-08-19 14:33,POS,debit,45000,Bolt-like Rides (fictional),,POS purchase,successful,yes,,,,,,ENT284629244678,965200
TXN-001703,CUS-0139,9928539598,2026-08-19 14:49,USSD,debit,5000,Airtime (fictional network),,Airtime purchase,successful,yes,,,,,,ENT113044941977,2833700
TXN-004084,CUS-0332,9988059718,2026-08-19 14:57,POS,debit,3500,QuickBuy Online (fictional),,POS purchase,successful,yes,,,,,,ENT645512223745,3048700
TXN-003309,CUS-0267,9975140396,2026-08-19 15:29,WEB,debit,9900,StreamFlix (fictional),,Online card payment,successful,yes,,,,,,ENT420314622458,165800
TXN-001758,CUS-0144,9986071964,2026-08-19 15:41,TRANSFER,debit,50000,Esther B****y,Sample Savings Bank,Transfer,successful,yes,yes,,,,,ENT299554223371,198100
TXN-000577,CUS-0048,9972987112,2026-08-19 15:42,POS,debit,45000,Pharmacy Plus (fictional),,POS purchase,successful,yes,,,,,,ENT671576715607,2786300
TXN-002020,CUS-0165,9957207101,2026-08-19 15:44,ATM,debit,20000,Other bank ATM,,ATM withdrawal,successful,yes,,no,,,,ENT670065149713,574000
TXN-003359,CUS-0271,9915845459,2026-08-19 16:03,TRANSFER,debit,20000,Nnamdi O*i,Sample Savings Bank,Transfer,successful,yes,yes,,,,,ENT867761952907,384500
TXN-005997,CUS-0485,9974291653,2026-08-19 16:10,USSD,debit,5000,Airtime (fictional network),,Airtime purchase,successful,yes,,,,,,ENT345846792758,2629200
TXN-001426,CUS-0117,9925219607,2026-08-19 16:21,TRANSFER,debit,10000,Musa G***a,Placeholder Bank,Transfer,successful,yes,yes,,,,,ENT896904217419,350000
TXN-002218,CUS-0181,9983508472,2026-08-19 17:00,TRANSFER,debit,5000,Kelechi O*u,Fictional Trust Bank,Transfer,successful,yes,yes,,,,,ENT378198793097,261200
TXN-004466,CUS-0362,9925256262,2026-08-19 17:20,TRANSFER,debit,20000,Daniel S****i,Fictional Trust Bank,Transfer,successful,yes,yes,,,,,ENT146221912442,468000
TXN-001222,CUS-0101,9971745143,2026-08-19 18:19,TRANSFER,debit,20000,Dayo O******e,Sample Savings Bank,Transfer,successful,yes,yes,,,,,ENT147565905111,2532000
TXN-001877,CUS-0154,9973621841,2026-08-19 18:19,WEB,debit,15000,Lekki Luxury Stores,,Online card payment,successful,yes,,,,,,ENT265122011028,485000
TXN-002621,CUS-0213,9943848714,2026-08-19 18:31,ATM,debit,10000,ENTIN ATM,,ATM withdrawal,successful,yes,,yes,,,,ENT399259587913,419500
TXN-005283,CUS-0428,9988816041,2026-08-19 19:11,ATM,debit,20000,Other bank ATM,,ATM withdrawal,successful,yes,,no,,,,ENT502324025929,221000
TXN-000516,CUS-0043,9985469059,2026-08-19 19:25,ATM,debit,40000,Other bank ATM,,ATM withdrawal,successful,yes,,no,,,,ENT635603070213,289000
TXN-005794,CUS-0469,9968933238,2026-08-19 19:28,USSD,debit,1000,Airtime (fictional network),,Airtime purchase,successful,yes,,,,,,ENT926832949404,245400
TXN-005406,CUS-0438,9912614443,2026-08-19 20:05,TRANSFER,debit,10000,Aisha N***i,Quick Fictional Bank,Transfer,successful,yes,yes,,,,,ENT225528618502,2858200
TXN-003280,CUS-0265,9913982658,2026-08-19 20:09,TRANSFER,debit,10000,Esther S**e,Demo Microfinance Bank,Transfer,successful,yes,yes,,,,,ENT449095831539,488500
TXN-004470,CUS-0363,9914265763,2026-08-19 20:25,POS,debit,1500,QuickBuy Online (fictional),,POS purchase,successful,yes,,,,,,ENT714034981344,2501600
TXN-000989,CUS-0082,9942764129,2026-08-19 21:05,ATM,debit,40000,ENTIN ATM,,ATM withdrawal,successful,yes,,yes,,,,ENT859789254003,485000
TXN-004285,CUS-0348,9968101700,2026-08-19 21:30,POS,debit,1500,Mama Put Kitchen,,POS purchase,successful,yes,,,,,,ENT408903619961,1501000
TXN-002544,CUS-0207,9954079211,2026-08-19 21:33,ATM,debit,20000,ENTIN ATM,,ATM withdrawal,successful,yes,,yes,,,,ENT417917832733,442200
TXN-001854,CUS-0152,9950934230,2026-08-19 21:35,ATM,debit,20000,Other bank ATM,,ATM withdrawal,successful,yes,,no,,,,ENT849446983085,556000
TXN-001911,CUS-0157,9984980730,2026-08-19 21:45,TRANSFER,debit,20000,Chiamaka C****u,Demo Microfinance Bank,Transfer,successful,yes,yes,,,,,ENT795065556211,1385000
TXN-000270,CUS-0023,9902145842,2026-08-19 22:00,POS,debit,3500,Filling Station (fictional),,POS purchase,successful,yes,,,,,,ENT551234354230,46200
TXN-003112,CUS-0251,9972251933,2026-08-19 22:28,WEB,debit,4500,StreamFlix (fictional),,Online card payment,successful,yes,,,,,,ENT428070634538,233000
TXN-000381,CUS-0032,9941968982,2026-08-19 22:40,WEB,debit,9900,StreamFlix (fictional),,Online card payment,successful,yes,,,,,,ENT139946688947,2478800
TXN-002904,CUS-0235,9953911045,2026-08-19 22:45,ATM,debit,40000,ENTIN ATM,,ATM withdrawal,successful,yes,,yes,,,,ENT321307213470,505000
TXN-001905,CUS-0156,9944565338,2026-08-19 23:03,TRANSFER,debit,100000,Aminu O****r,Quick Fictional Bank,Transfer,successful,yes,yes,,,,,ENT940261709895,1128000
TXN-005673,CUS-0459,9996173946,2026-08-19 23:08,POS,debit,22000,Bolt-like Rides (fictional),,POS purchase,successful,yes,,,,,,ENT256497922467,183000
TXN-002914,CUS-0235,9953911045,2026-08-19 23:47,POS,debit,3500,Filling Station (fictional),,POS purchase,successful,yes,,,,,,ENT268033107965,501500
TXN-006128,CUS-0495,9921089129,2026-08-19 23:52,POS,debit,1500,Filling Station (fictional),,POS purchase,successful,yes,,,,,,ENT492565364262,1248000
TXN-003246,CUS-0262,9969055121,2026-08-19 23:55,POS,debit,22000,ShopRite-like Store (fictional),,POS purchase,successful,yes,,,,,,ENT870578502844,446000
TXN-005133,CUS-0416,9968703649,2026-08-20 00:06,POS,debit,45000,Pharmacy Plus (fictional),,POS purchase,successful,yes,,,,,,ENT455432405151,163000
TXN-005113,CUS-0414,9977024396,2026-08-20 00:11,POS,debit,3500,ShopRite-like Store (fictional),,POS purchase,successful,yes,,,,,,ENT379300411628,2605500
TXN-004141,CUS-0337,9928921183,2026-08-20 00:13,WEB,debit,15000,Bolt-like Rides (fictional),,Online card payment,successful,yes,,,,,,ENT114498244592,2764500
TXN-005234,CUS-0424,9968184455,2026-08-20 00:50,POS,debit,3500,Lekki Luxury Stores,,POS purchase,successful,yes,,,,,,ENT202869309099,175000
TXN-002431,CUS-0198,9908529541,2026-08-20 00:55,WEB,debit,2500,QuickBuy Online (fictional),,Online card payment,successful,yes,,,,,,ENT491013660605,100500
TXN-000940,CUS-0078,9938696953,2026-08-20 01:24,USSD,debit,1000,Airtime (fictional network),,Airtime purchase,successful,yes,,,,,,ENT541529034552,2578500
TXN-003705,CUS-0300,9986118151,2026-08-20 01:59,ATM,debit,20000,Other bank ATM,,ATM withdrawal,successful,yes,,no,,,,ENT642652971977,268500
TXN-006062,CUS-0490,9997818827,2026-08-20 02:16,WEB,debit,15000,QuickBuy Online (fictional),,Online card payment,successful,yes,,,,,,ENT768968432705,922500
TXN-003454,CUS-0279,9955326148,2026-08-20 02:19,ATM,debit,20000,ENTIN ATM,,ATM withdrawal,successful,yes,,yes,,,,ENT145756999394,237000
TXN-002224,CUS-0181,9983508472,2026-08-20 02:30,TRANSFER,debit,35000,Tope Y***f,Fictional Trust Bank,Transfer,successful,yes,yes,,,,,ENT238575725978,226200
TXN-001505,CUS-0123,9961205593,2026-08-20 02:33,TRANSFER,debit,5000,Nnamdi O****r,Fictional Trust Bank,Transfer,successful,yes,yes,,,,,ENT801127524205,200000
TXN-004065,CUS-0330,9955477122,2026-08-20 02:43,USSD,debit,1000,Airtime (fictional network),,Airtime purchase,successful,yes,,,,,,ENT775149216782,2616500
TXN-005388,CUS-0436,9957764503,2026-08-20 02:43,POS,debit,7800,StreamFlix (fictional),,POS purchase,successful,yes,,,,,,ENT172203723890,1235900
TXN-003028,CUS-0244,9931572552,2026-08-20 03:14,TRANSFER,debit,100000,Samuel E**m,Quick Fictional Bank,Transfer,successful,yes,yes,,,,,ENT336968079290,86100
TXN-004502,CUS-0365,9966800555,2026-08-20 03:31,POS,debit,22000,StreamFlix (fictional),,POS purchase,successful,yes,,,,,,ENT252901069929,1042000
TXN-004199,CUS-0341,9911918995,2026-08-20 04:42,POS,debit,7800,Filling Station (fictional),,POS purchase,successful,yes,,,,,,ENT476113957443,164200
TXN-005471,CUS-0443,9932469947,2026-08-20 04:50,USSD,debit,1000,Airtime (fictional network),,Airtime purchase,successful,yes,,,,,,ENT367505196071,82000
TXN-000806,CUS-0067,9964668631,2026-08-20 05:13,USSD,debit,2000,Airtime (fictional network),,Airtime purchase,successful,yes,,,,,,ENT100417329402,793500
TXN-001290,CUS-0106,9959061922,2026-08-20 05:19,POS,debit,12500,Market Stall POS,,POS purchase,successful,yes,,,,,,ENT594191548397,117500
TXN-002560,CUS-0208,9908562995,2026-08-20 05:19,USSD,debit,500,Airtime (fictional network),,Airtime purchase,successful,yes,,,,,,ENT902482785407,2568700
TXN-002614,CUS-0212,9951055574,2026-08-20 05:23,POS,debit,22000,Filling Station (fictional),,POS purchase,successful,yes,,,,,,ENT216839742126,122000
TXN-001030,CUS-0085,9920987695,2026-08-20 05:46,POS,debit,7800,Market Stall POS,,POS purchase,successful,yes,,,,,,ENT951527416922,952200
TXN-005569,CUS-0451,9961219558,2026-08-20 06:34,USSD,debit,500,Airtime (fictional network),,Airtime purchase,successful,yes,,,,,,ENT820482936945,623500
TXN-003220,CUS-0260,9952562853,2026-08-20 06:37,ATM,debit,40000,Other bank ATM,,ATM withdrawal,successful,yes,,no,,,,ENT354847549854,220200
TXN-003031,CUS-0244,9931572552,2026-08-20 06:47,POS,debit,12500,StreamFlix (fictional),,POS purchase,successful,yes,,,,,,ENT242030604110,73600
TXN-005822,CUS-0471,9943902366,2026-08-20 07:29,TRANSFER,debit,35000,Godwin E**m,Quick Fictional Bank,Transfer,successful,yes,yes,,,,,ENT470047103534,27500
TXN-002934,CUS-0237,9969336506,2026-08-20 07:32,TRANSFER,debit,50000,Idara O******i,Demo Microfinance Bank,Transfer,successful,yes,yes,,,,,ENT527794909248,491400
TXN-006137,CUS-0496,9992039930,2026-08-20 07:40,ATM,debit,40000,Other bank ATM,,ATM withdrawal,successful,yes,,no,,,,ENT491433211533,2710500
TXN-002173,CUS-0177,9940024094,2026-08-20 08:28,ATM,debit,40000,ENTIN ATM,,ATM withdrawal,successful,yes,,yes,,,,ENT521482706976,461500
TXN-003395,CUS-0274,9955297955,2026-08-20 08:30,TRANSFER,debit,10000,Halima O******e,Quick Fictional Bank,Transfer,successful,yes,yes,,,,,ENT967792315183,120700
TXN-004791,CUS-0388,9966683513,2026-08-20 08:47,TRANSFER,debit,10000,Femi N*******u,Sample Savings Bank,Transfer,successful,yes,yes,,,,,ENT551016008386,535600
TXN-003855,CUS-0312,9975337207,2026-08-20 08:55,ATM,debit,40000,Other bank ATM,,ATM withdrawal,successful,yes,,no,,,,ENT332043037395,575500
TXN-004817,CUS-0390,9910397222,2026-08-20 08:57,USSD,debit,5000,Airtime (fictional network),,Airtime purchase,successful,yes,,,,,,ENT261230731515,501500
TXN-000228,CUS-0019,9953801291,2026-08-20 09:10,ATM,debit,10000,Other bank ATM,,ATM withdrawal,successful,yes,,no,,,,ENT715963381753,212700
TXN-004016,CUS-0326,9996550219,2026-08-20 09:42,USSD,debit,500,Airtime (fictional network),,Airtime purchase,successful,yes,,,,,,ENT319709539876,209500
TXN-005263,CUS-0427,9914290139,2026-08-20 09:43,USSD,debit,2000,Airtime (fictional network),,Airtime purchase,successful,yes,,,,,,ENT482894469598,588000
TXN-005467,CUS-0443,9932469947,2026-08-20 09:49,POS,debit,1500,Mama Put Kitchen,,POS purchase,successful,yes,,,,,,ENT535477442962,80500
TXN-006113,CUS-0494,9961232402,2026-08-20 10:04,TRANSFER,debit,50000,Musa I**e,Quick Fictional Bank,Transfer,successful,yes,yes,,,,,ENT799616414599,166500
TXN-004790,CUS-0388,9966683513,2026-08-20 10:10,TRANSFER,debit,35000,Ronke E*e,Placeholder Bank,Transfer,successful,yes,yes,,,,,ENT143776050779,500600
TXN-001849,CUS-0152,9950934230,2026-08-20 10:19,POS,debit,12500,Pharmacy Plus (fictional),,POS purchase,successful,yes,,,,,,ENT350516023133,543500
TXN-001370,CUS-0112,9942365966,2026-08-20 10:21,POS,debit,12500,Mama Put Kitchen,,POS purchase,successful,yes,,,,,,ENT646496385664,255000
TXN-000978,CUS-0081,9908238613,2026-08-20 10:23,TRANSFER,debit,35000,Ikenna S**e,Sample Savings Bank,Transfer,successful,yes,yes,,,,,ENT445409050692,2702500
TXN-001712,CUS-0140,9975216214,2026-08-20 10:24,USSD,debit,5000,Airtime (fictional network),,Airtime purchase,successful,yes,,,,,,ENT878250787680,734500
TXN-004233,CUS-0344,9972087668,2026-08-20 10:36,TRANSFER,debit,35000,Bello O******e,Fictional Trust Bank,Transfer,successful,yes,yes,,,,,ENT164699013503,163000
TXN-005908,CUS-0478,9926098818,2026-08-20 10:41,ATM,debit,10000,Other bank ATM,,ATM withdrawal,successful,yes,,no,,,,ENT769777657663,3052700
TXN-005062,CUS-0410,9922696173,2026-08-20 10:46,TRANSFER,debit,50000,Halima I***s,Demo Microfinance Bank,Transfer,successful,yes,yes,,,,,ENT783246907999,78500
TXN-000992,CUS-0082,9942764129,2026-08-20 10:51,USSD,debit,500,Airtime (fictional network),,Airtime purchase,successful,yes,,,,,,ENT347131896080,484500
TXN-005617,CUS-0455,9902792166,2026-08-20 10:52,ATM,debit,20000,Other bank ATM,,ATM withdrawal,successful,yes,,no,,,,ENT378952409791,730500
TXN-005228,CUS-0424,9968184455,2026-08-20 10:54,WEB,debit,9900,StreamFlix (fictional),,Online card payment,successful,yes,,,,,,ENT966424656772,165100
TXN-004792,CUS-0388,9966683513,2026-08-20 11:11,POS,debit,12500,Market Stall POS,,POS purchase,successful,yes,,,,,,ENT300014350237,488100
TXN-004004,CUS-0325,9991958539,2026-08-20 11:29,TRANSFER,debit,10000,Victor S**e,Demo Microfinance Bank,Transfer,successful,yes,yes,,,,,ENT998159870122,749000
TXN-001285,CUS-0106,9959061922,2026-08-20 12:38,WEB,debit,2500,QuickBuy Online (fictional),,Online card payment,successful,yes,,,,,,ENT116888896563,115000
TXN-005516,CUS-0447,9988158943,2026-08-20 12:53,ATM,debit,20000,Other bank ATM,,ATM withdrawal,successful,yes,,no,,,,ENT814976730503,132200
TXN-000811,CUS-0067,9964668631,2026-08-20 12:59,TRANSFER,debit,100000,Uche E****m,Placeholder Bank,Transfer,successful,yes,yes,,,,,ENT115507223314,693500
TXN-004702,CUS-0381,9967998836,2026-08-20 13:14,POS,debit,7800,Filling Station (fictional),,POS purchase,successful,yes,,,,,,ENT772523839235,191600
TXN-005505,CUS-0446,9965552641,2026-08-20 13:27,TRANSFER,debit,35000,Uche A*****i,Fictional Trust Bank,Transfer,successful,yes,yes,,,,,ENT994598083302,11500
TXN-002649,CUS-0215,9948992789,2026-08-20 13:46,TRANSFER,debit,100000,Mercy E****m,Quick Fictional Bank,Transfer,successful,yes,yes,,,,,ENT427856628053,75200
TXN-001894,CUS-0155,9924565054,2026-08-20 13:49,POS,debit,45000,Pharmacy Plus (fictional),,POS purchase,successful,yes,,,,,,ENT484207125401,10000
TXN-005094,CUS-0413,9988958664,2026-08-20 13:50,ATM,debit,40000,Other bank ATM,,ATM withdrawal,successful,yes,,no,,,,ENT282413386177,2516500
TXN-002475,CUS-0201,9915856052,2026-08-20 14:01,ATM,debit,10000,ENTIN ATM,,ATM withdrawal,successful,yes,,yes,,,,ENT303036597924,1127000
TXN-000871,CUS-0072,9904030042,2026-08-20 14:05,POS,debit,22000,StreamFlix (fictional),,POS purchase,successful,yes,,,,,,ENT882158734845,2695500
TXN-000374,CUS-0031,9984951838,2026-08-20 14:07,WEB,debit,9900,QuickBuy Online (fictional),,Online card payment,successful,yes,,,,,,ENT313867221374,505100
TXN-000974,CUS-0081,9908238613,2026-08-20 14:08,TRANSFER,debit,5000,Daniel G***a,Quick Fictional Bank,Transfer,successful,yes,yes,,,,,ENT178067909870,2697500
TXN-005069,CUS-0411,9993781137,2026-08-20 14:18,POS,debit,12500,Mama Put Kitchen,,POS purchase,successful,yes,,,,,,ENT549779017354,461500
TXN-000868,CUS-0072,9904030042,2026-08-20 14:34,ATM,debit,40000,ENTIN ATM,,ATM withdrawal,successful,yes,,yes,,,,ENT974608731199,2655500
TXN-003371,CUS-0272,9940071152,2026-08-20 15:05,TRANSFER,debit,20000,Samuel A***n,Sample Savings Bank,Transfer,successful,yes,yes,,,,,ENT268705567280,17200
TXN-004023,CUS-0327,9985785371,2026-08-20 15:10,TRANSFER,debit,5000,Lola B****e,Sample Savings Bank,Transfer,successful,yes,yes,,,,,ENT999391430723,698500
TXN-002861,CUS-0231,9987407604,2026-08-20 15:13,POS,debit,22000,Lekki Luxury Stores,,POS purchase,successful,yes,,,,,,ENT110709740071,140500
TXN-002233,CUS-0182,9979765655,2026-08-20 15:28,ATM,debit,10000,Other bank ATM,,ATM withdrawal,successful,yes,,no,,,,ENT273504278050,465000
TXN-004488,CUS-0364,9924622145,2026-08-20 16:21,POS,debit,1500,Pharmacy Plus (fictional),,POS purchase,successful,yes,,,,,,ENT558536203137,1014000
TXN-001926,CUS-0158,9916441320,2026-08-20 17:02,WEB,debit,2500,Lekki Luxury Stores,,Online card payment,successful,yes,,,,,,ENT602231624713,1186000
TXN-002963,CUS-0239,9963646907,2026-08-20 17:40,USSD,debit,500,Airtime (fictional network),,Airtime purchase,successful,yes,,,,,,ENT577153528984,431500
TXN-005614,CUS-0455,9902792166,2026-08-20 17:58,ATM,debit,20000,ENTIN ATM,,ATM withdrawal,successful,yes,,yes,,,,ENT595917594609,710500
TXN-001891,CUS-0155,9924565054,2026-08-20 18:14,WEB,debit,9900,QuickBuy Online (fictional),,Online card payment,successful,yes,,,,,,ENT931669213597,100
TXN-004357,CUS-0354,9973080669,2026-08-20 18:16,POS,debit,7800,Filling Station (fictional),,POS purchase,successful,yes,,,,,,ENT954701584020,147200
TXN-004549,CUS-0369,9982914423,2026-08-20 18:19,USSD,debit,5000,Airtime (fictional network),,Airtime purchase,successful,yes,,,,,,ENT173981349019,529000
TXN-004866,CUS-0394,9948693005,2026-08-20 18:47,POS,debit,3500,Market Stall POS,,POS purchase,successful,yes,,,,,,ENT468866405390,230200
TXN-004535,CUS-0368,9940190302,2026-08-20 18:54,USSD,debit,500,Airtime (fictional network),,Airtime purchase,successful,yes,,,,,,ENT271855723803,651300
TXN-004329,CUS-0352,9911574849,2026-08-20 19:00,WEB,debit,15000,Lekki Luxury Stores,,Online card payment,successful,yes,,,,,,ENT438795320615,735000
TXN-001718,CUS-0141,9922386162,2026-08-20 19:09,USSD,debit,1000,Airtime (fictional network),,Airtime purchase,successful,yes,,,,,,ENT448097845419,141600
TXN-003414,CUS-0275,9916289439,2026-08-20 19:22,ATM,debit,40000,Other bank ATM,,ATM withdrawal,successful,yes,,no,,,,ENT849001586805,198500
TXN-004876,CUS-0395,9969124143,2026-08-20 19:31,ATM,debit,10000,Other bank ATM,,ATM withdrawal,successful,yes,,no,,,,ENT482466323589,58000
TXN-005361,CUS-0434,9998934709,2026-08-20 19:35,POS,debit,3500,Lekki Luxury Stores,,POS purchase,successful,yes,,,,,,ENT581659728397,377600
TXN-003116,CUS-0251,9972251933,2026-08-20 19:42,TRANSFER,debit,100000,Nnamdi O******e,Placeholder Bank,Transfer,successful,yes,yes,,,,,ENT683332976722,133000
TXN-004609,CUS-0374,9931151207,2026-08-20 20:08,POS,debit,7800,ShopRite-like Store (fictional),,POS purchase,successful,yes,,,,,,ENT280407796983,499700
TXN-001906,CUS-0156,9944565338,2026-08-20 20:10,TRANSFER,debit,50000,Yusuf O*i,Demo Microfinance Bank,Transfer,successful,yes,yes,,,,,ENT267966712048,1078000
TXN-001689,CUS-0138,9902372961,2026-08-20 20:17,TRANSFER,debit,100000,Gerald B***o,Quick Fictional Bank,Transfer,successful,yes,yes,,,,,ENT713955699764,908000
TXN-002127,CUS-0173,9937785973,2026-08-20 20:50,POS,debit,12500,ShopRite-like Store (fictional),,POS purchase,successful,yes,,,,,,ENT969762414128,933500
TXN-006042,CUS-0489,9904477391,2026-08-20 20:51,POS,debit,22000,Pharmacy Plus (fictional),,POS purchase,successful,yes,,,,,,ENT424654668950,77500
TXN-004768,CUS-0386,9930746491,2026-08-20 21:45,TRANSFER,debit,5000,Mercy E*e,Demo Microfinance Bank,Transfer,successful,yes,yes,,,,,ENT851739727193,141000
TXN-001852,CUS-0152,9950934230,2026-08-20 22:17,ATM,debit,40000,ENTIN ATM,,ATM withdrawal,successful,yes,,yes,,,,ENT171497264109,503500
TXN-004335,CUS-0352,9911574849,2026-08-20 22:32,USSD,debit,5000,Airtime (fictional network),,Airtime purchase,successful,yes,,,,,,ENT681031510851,730000
TXN-005833,CUS-0472,9933859016,2026-08-20 22:38,POS,debit,12500,Market Stall POS,,POS purchase,successful,yes,,,,,,ENT871800364656,945700
TXN-003172,CUS-0256,9912443952,2026-08-20 22:47,TRANSFER,debit,100000,Tunde U**h,Quick Fictional Bank,Transfer,successful,yes,yes,,,,,ENT322209703500,1392500
TXN-004015,CUS-0326,9996550219,2026-08-20 22:50,POS,debit,3500,Lekki Luxury Stores,,POS purchase,successful,yes,,,,,,ENT738250638770,206000
TXN-003756,CUS-0304,9919484159,2026-08-20 23:07,ATM,debit,10000,ENTIN ATM,,ATM withdrawal,successful,yes,,yes,,,,ENT120363018021,842500
TXN-004958,CUS-0401,9916928668,2026-08-20 23:09,POS,debit,22000,Lekki Luxury Stores,,POS purchase,successful,yes,,,,,,ENT375324854059,79000
TXN-005576,CUS-0452,9921145268,2026-08-20 23:25,TRANSFER,debit,5000,Lola O******n,Fictional Trust Bank,Transfer,successful,yes,yes,,,,,ENT631562220419,112200
TXN-002206,CUS-0180,9927751519,2026-08-20 23:31,TRANSFER,debit,10000,Samuel G***a,Placeholder Bank,Transfer,successful,yes,yes,,,,,ENT699515568233,3057500
TXN-004641,CUS-0376,9965266631,2026-08-20 23:54,USSD,debit,2000,Airtime (fictional network),,Airtime purchase,successful,yes,,,,,,ENT299809708829,451200
TXN-004130,CUS-0336,9952764504,2026-08-21 00:22,WEB,debit,9900,StreamFlix (fictional),,Online card payment,successful,yes,,,,,,ENT731531526645,661300
TXN-004255,CUS-0346,9910643132,2026-08-21 00:34,ATM,debit,10000,ENTIN ATM,,ATM withdrawal,successful,yes,,yes,,,,ENT324753894026,346100
TXN-002200,CUS-0179,9929958470,2026-08-21 00:35,TRANSFER,debit,35000,Bello U**r,Fictional Trust Bank,Transfer,successful,yes,yes,,,,,ENT885595545072,63500
TXN-004195,CUS-0341,9911918995,2026-08-21 00:36,TRANSFER,debit,20000,Kelechi F*****a,Fictional Trust Bank,Transfer,successful,yes,yes,,,,,ENT848774924156,144200
TXN-003221,CUS-0260,9952562853,2026-08-21 00:48,POS,debit,12500,Mama Put Kitchen,,POS purchase,successful,yes,,,,,,ENT849102723092,207700
TXN-005643,CUS-0457,9951470242,2026-08-21 00:48,POS,debit,22000,QuickBuy Online (fictional),,POS purchase,successful,yes,,,,,,ENT824829887833,77000
TXN-004587,CUS-0372,9937583244,2026-08-21 00:51,USSD,debit,2000,Airtime (fictional network),,Airtime purchase,successful,yes,,,,,,ENT645956814545,986700
TXN-005879,CUS-0476,9990474627,2026-08-21 00:56,ATM,debit,10000,ENTIN ATM,,ATM withdrawal,successful,yes,,yes,,,,ENT973681504815,2830300
TXN-003930,CUS-0319,9964510647,2026-08-21 01:41,TRANSFER,debit,100000,Titilayo N***u,Fictional Trust Bank,Transfer,successful,yes,yes,,,,,ENT366894570009,527200
TXN-003194,CUS-0257,9903889054,2026-08-21 02:00,POS,debit,7800,ShopRite-like Store (fictional),,POS purchase,successful,yes,,,,,,ENT730298399863,978200
TXN-004892,CUS-0396,9979503876,2026-08-21 02:00,TRANSFER,debit,50000,Emeka E**t,Placeholder Bank,Transfer,successful,yes,yes,,,,,ENT783120035333,350000
TXN-005001,CUS-0405,9968853106,2026-08-21 02:16,USSD,debit,2000,Airtime (fictional network),,Airtime purchase,successful,yes,,,,,,ENT626372872786,275200
TXN-000893,CUS-0074,9981299914,2026-08-21 02:20,USSD,debit,500,Airtime (fictional network),,Airtime purchase,successful,yes,,,,,,ENT211445382317,157000
TXN-005022,CUS-0407,9927834375,2026-08-21 02:31,TRANSFER,debit,100000,Musa S**e,Sample Savings Bank,Transfer,successful,yes,yes,,,,,ENT166129071854,467500
TXN-001391,CUS-0114,9944317367,2026-08-21 02:39,TRANSFER,debit,35000,Rukayya O*i,Fictional Trust Bank,Transfer,successful,yes,yes,,,,,ENT556452061408,200500
TXN-005218,CUS-0423,9996846104,2026-08-21 03:01,ATM,debit,40000,Other bank ATM,,ATM withdrawal,successful,yes,,no,,,,ENT447036015893,2509700
TXN-001828,CUS-0150,9986703642,2026-08-21 03:10,POS,debit,1500,Bolt-like Rides (fictional),,POS purchase,successful,yes,,,,,,ENT328366359665,1012000
TXN-003597,CUS-0291,9978065578,2026-08-21 03:11,ATM,debit,10000,ENTIN ATM,,ATM withdrawal,successful,yes,,yes,,,,ENT837382100693,254600
TXN-005802,CUS-0470,9929794391,2026-08-21 03:19,POS,debit,3500,Bolt-like Rides (fictional),,POS purchase,successful,yes,,,,,,ENT664665888904,494100
TXN-000259,CUS-0022,9965384535,2026-08-21 03:47,ATM,debit,10000,Other bank ATM,,ATM withdrawal,successful,yes,,no,,,,ENT152044290841,743000
TXN-003981,CUS-0323,9954538030,2026-08-21 04:17,TRANSFER,debit,50000,Folake E****g,Placeholder Bank,Transfer,successful,yes,yes,,,,,ENT709086474984,590600
TXN-004548,CUS-0369,9982914423,2026-08-21 04:22,TRANSFER,debit,35000,Joy A***n,Placeholder Bank,Transfer,successful,yes,yes,,,,,ENT968207779700,494000
TXN-000809,CUS-0067,9964668631,2026-08-21 04:41,WEB,debit,4500,Lekki Luxury Stores,,Online card payment,successful,yes,,,,,,ENT407877403326,689000
TXN-004711,CUS-0382,9965825920,2026-08-21 05:02,USSD,debit,1000,Airtime (fictional network),,Airtime purchase,successful,yes,,,,,,ENT428569061111,1109000
TXN-004060,CUS-0330,9955477122,2026-08-21 05:22,POS,debit,7800,StreamFlix (fictional),,POS purchase,successful,yes,,,,,,ENT792386000206,2608700
TXN-002036,CUS-0166,9936354926,2026-08-21 05:48,TRANSFER,debit,20000,Zainab O*****o,Sample Savings Bank,Transfer,successful,yes,yes,,,,,ENT526116627774,582500
TXN-005535,CUS-0448,9949863391,2026-08-21 06:26,USSD,debit,2000,Airtime (fictional network),,Airtime purchase,successful,yes,,,,,,ENT633403388603,87500
TXN-002128,CUS-0173,9937785973,2026-08-21 06:44,TRANSFER,debit,100000,Seun A***u,Demo Microfinance Bank,Transfer,successful,yes,yes,,,,,ENT372658179243,833500
TXN-004376,CUS-0355,9924902182,2026-08-21 07:02,USSD,debit,5000,Airtime (fictional network),,Airtime purchase,successful,yes,,,,,,ENT147385683466,90500
TXN-004435,CUS-0360,9950802361,2026-08-21 07:05,POS,debit,1500,ShopRite-like Store (fictional),,POS purchase,successful,yes,,,,,,ENT488077502121,2862000
TXN-005307,CUS-0430,9922159393,2026-08-21 07:08,POS,debit,7800,StreamFlix (fictional),,POS purchase,successful,yes,,,,,,ENT883033980749,120700
TXN-005618,CUS-0455,9902792166,2026-08-21 07:12,ATM,debit,10000,Other bank ATM,,ATM withdrawal,successful,yes,,no,,,,ENT135185681358,700500
TXN-001727,CUS-0142,9986367800,2026-08-21 07:28,POS,debit,3500,Pharmacy Plus (fictional),,POS purchase,successful,yes,,,,,,ENT116739967279,970500
TXN-001212,CUS-0100,9919172290,2026-08-21 07:48,WEB,debit,15000,StreamFlix (fictional),,Online card payment,successful,yes,,,,,,ENT630688103520,2389700
TXN-003498,CUS-0282,9946306844,2026-08-21 08:01,TRANSFER,debit,20000,Segun O*****o,Sample Savings Bank,Transfer,successful,yes,yes,,,,,ENT215362960332,1457300
TXN-002329,CUS-0190,9967378530,2026-08-21 08:10,ATM,debit,20000,ENTIN ATM,,ATM withdrawal,successful,yes,,yes,,,,ENT651010433566,1419700
TXN-004203,CUS-0342,9945277907,2026-08-21 08:11,USSD,debit,2000,Airtime (fictional network),,Airtime purchase,successful,yes,,,,,,ENT116010848514,886000
TXN-000368,CUS-0031,9984951838,2026-08-21 08:32,TRANSFER,debit,100000,Segun S***u,Sample Savings Bank,Transfer,successful,yes,yes,,,,,ENT402914071386,405100
TXN-003883,CUS-0315,9960596727,2026-08-21 09:19,TRANSFER,debit,50000,Mercy O***o,Demo Microfinance Bank,Transfer,successful,yes,yes,,,,,ENT775261886479,1056000
TXN-001388,CUS-0114,9944317367,2026-08-21 09:34,TRANSFER,debit,20000,Lola O****r,Placeholder Bank,Transfer,successful,yes,yes,,,,,ENT841927859962,180500
TXN-005942,CUS-0481,9939475693,2026-08-21 10:47,TRANSFER,debit,10000,Efe O****e,Sample Savings Bank,Transfer,successful,yes,yes,,,,,ENT447695432804,210200
TXN-001175,CUS-0097,9961807567,2026-08-21 11:00,POS,debit,12500,Filling Station (fictional),,POS purchase,successful,yes,,,,,,ENT481816138676,2558700
TXN-003034,CUS-0244,9931572552,2026-08-21 11:41,USSD,debit,2000,Airtime (fictional network),,Airtime purchase,successful,yes,,,,,,ENT314676097235,71600
TXN-001058,CUS-0088,9912668692,2026-08-21 11:53,POS,debit,22000,Mama Put Kitchen,,POS purchase,successful,yes,,,,,,ENT812545013482,28000
TXN-003653,CUS-0295,9991259758,2026-08-21 11:54,USSD,debit,5000,Airtime (fictional network),,Airtime purchase,successful,yes,,,,,,ENT609067717414,472000
TXN-005056,CUS-0410,9922696173,2026-08-21 11:56,TRANSFER,debit,10000,Tunde N*******u,Placeholder Bank,Transfer,successful,yes,yes,,,,,ENT703894672431,68500
TXN-000866,CUS-0072,9904030042,2026-08-21 12:10,USSD,debit,2000,Airtime (fictional network),,Airtime purchase,successful,yes,,,,,,ENT790075685709,2653500
TXN-005577,CUS-0452,9921145268,2026-08-21 12:25,TRANSFER,debit,50000,Ibrahim U**h,Sample Savings Bank,Transfer,successful,yes,yes,,,,,ENT482513914667,62200
TXN-002840,CUS-0230,9946252003,2026-08-21 12:32,ATM,debit,20000,ENTIN ATM,,ATM withdrawal,successful,yes,,yes,,,,ENT605518190006,432500
TXN-000908,CUS-0075,9926436628,2026-08-21 12:38,POS,debit,45000,Pharmacy Plus (fictional),,POS purchase,successful,yes,,,,,,ENT569778550867,126000
TXN-002279,CUS-0186,9978728285,2026-08-21 12:50,ATM,debit,40000,Other bank ATM,,ATM withdrawal,successful,yes,,no,,,,ENT851155057203,2446500
TXN-000453,CUS-0038,9928667534,2026-08-21 13:05,POS,debit,12500,QuickBuy Online (fictional),,POS purchase,successful,yes,,,,,,ENT642329031895,199000
TXN-006164,CUS-0498,9973945097,2026-08-21 13:26,POS,debit,22000,ShopRite-like Store (fictional),,POS purchase,successful,yes,,,,,,ENT129374701843,879500
TXN-005444,CUS-0441,9989912305,2026-08-21 13:31,TRANSFER,debit,20000,Kelechi Y***f,Placeholder Bank,Transfer,successful,yes,yes,,,,,ENT905143858965,131000
TXN-001743,CUS-0143,9964197110,2026-08-21 13:56,POS,debit,22000,Bolt-like Rides (fictional),,POS purchase,successful,yes,,,,,,ENT352845040873,967500
TXN-003506,CUS-0283,9992725775,2026-08-21 14:00,POS,debit,3500,QuickBuy Online (fictional),,POS purchase,successful,yes,,,,,,ENT902133481198,285400
TXN-000932,CUS-0077,9956378276,2026-08-21 15:10,WEB,debit,15000,StreamFlix (fictional),,Online card payment,successful,yes,,,,,,ENT375453639361,306000
TXN-000165,CUS-0014,9922264686,2026-08-21 15:11,TRANSFER,debit,35000,Folake G***a,Fictional Trust Bank,Transfer,successful,yes,yes,,,,,ENT321246811257,131500
TXN-002553,CUS-0207,9954079211,2026-08-21 15:15,USSD,debit,5000,Airtime (fictional network),,Airtime purchase,successful,yes,,,,,,ENT711185442976,437200
TXN-004218,CUS-0343,9922438945,2026-08-21 15:22,TRANSFER,debit,20000,Amaka F*****a,Sample Savings Bank,Transfer,successful,yes,yes,,,,,ENT162329773869,394500
TXN-000148,CUS-0013,9918603208,2026-08-21 15:23,WEB,debit,2500,Bolt-like Rides (fictional),,Online card payment,successful,yes,,,,,,ENT693722883197,998000
TXN-002116,CUS-0172,9933836620,2026-08-21 15:24,POS,debit,7800,ShopRite-like Store (fictional),,POS purchase,successful,yes,,,,,,ENT743986301060,917200
TXN-000518,CUS-0043,9985469059,2026-08-21 16:00,TRANSFER,debit,35000,Abubakar O***e,Quick Fictional Bank,Transfer,successful,yes,yes,,,,,ENT677400794165,254000
TXN-001734,CUS-0142,9986367800,2026-08-21 16:05,USSD,debit,500,Airtime (fictional network),,Airtime purchase,successful,yes,,,,,,ENT198452290802,970000
TXN-001579,CUS-0129,9901919652,2026-08-21 16:27,POS,debit,1500,ShopRite-like Store (fictional),,POS purchase,successful,yes,,,,,,ENT597014216354,166500
TXN-001179,CUS-0097,9961807567,2026-08-21 16:52,POS,debit,1500,Mama Put Kitchen,,POS purchase,successful,yes,,,,,,ENT288057785914,2557200
TXN-001150,CUS-0095,9966981433,2026-08-21 17:01,TRANSFER,debit,5000,Mercy E*e,Placeholder Bank,Transfer,successful,yes,yes,,,,,ENT704764135374,468200
TXN-005886,CUS-0476,9990474627,2026-08-21 17:17,TRANSFER,debit,35000,Uche A*******i,Demo Microfinance Bank,Transfer,successful,yes,yes,,,,,ENT252498576199,2795300
TXN-005161,CUS-0418,9975201362,2026-08-21 17:25,TRANSFER,debit,35000,Chinedu L***l,Demo Microfinance Bank,Transfer,successful,yes,yes,,,,,ENT353067853436,2936300
TXN-003380,CUS-0273,9935986265,2026-08-21 17:26,POS,debit,1500,Pharmacy Plus (fictional),,POS purchase,successful,yes,,,,,,ENT212082001071,259500
TXN-004321,CUS-0351,9935890704,2026-08-21 17:48,POS,debit,12500,Pharmacy Plus (fictional),,POS purchase,successful,yes,,,,,,ENT681542034634,182500
TXN-000817,CUS-0068,9934217233,2026-08-21 17:49,WEB,debit,2500,Bolt-like Rides (fictional),,Online card payment,successful,yes,,,,,,ENT341421062540,564000
TXN-005233,CUS-0424,9968184455,2026-08-21 18:39,POS,debit,3500,Bolt-like Rides (fictional),,POS purchase,successful,yes,,,,,,ENT858927354488,161600
TXN-003942,CUS-0320,9939671395,2026-08-21 18:47,TRANSFER,debit,50000,Chiamaka A*****o,Sample Savings Bank,Transfer,successful,yes,yes,,,,,ENT354273233834,330900
TXN-004953,CUS-0401,9916928668,2026-08-21 19:17,TRANSFER,debit,20000,Aminu I*e,Sample Savings Bank,Transfer,successful,yes,yes,,,,,ENT958533030776,59000
TXN-006174,CUS-0499,9952647161,2026-08-21 19:33,POS,debit,45000,Pharmacy Plus (fictional),,POS purchase,successful,yes,,,,,,ENT273666702177,106000
TXN-003587,CUS-0290,9927406438,2026-08-21 20:08,POS,debit,7800,StreamFlix (fictional),,POS purchase,successful,yes,,,,,,ENT641653152466,697200
TXN-004820,CUS-0391,9920137304,2026-08-21 20:35,ATM,debit,10000,ENTIN ATM,,ATM withdrawal,successful,yes,,yes,,,,ENT377755495819,713500
TXN-001268,CUS-0105,9972234888,2026-08-21 20:37,POS,debit,22000,Bolt-like Rides (fictional),,POS purchase,successful,yes,,,,,,ENT344522736249,482600
TXN-003156,CUS-0254,9910485144,2026-08-21 20:38,TRANSFER,debit,35000,Segun B****e,Fictional Trust Bank,Transfer,successful,yes,yes,,,,,ENT511517149582,1423000
TXN-004179,CUS-0340,9968650702,2026-08-21 20:38,POS,debit,7800,QuickBuy Online (fictional),,POS purchase,successful,yes,,,,,,ENT972240272540,494700
TXN-003384,CUS-0273,9935986265,2026-08-21 20:41,POS,debit,22000,Market Stall POS,,POS purchase,successful,yes,,,,,,ENT145751326723,237500
TXN-002271,CUS-0185,9962334551,2026-08-21 21:06,USSD,debit,5000,Airtime (fictional network),,Airtime purchase,successful,yes,,,,,,ENT757175437877,3500
TXN-005317,CUS-0431,9985406888,2026-08-21 22:10,POS,debit,1500,QuickBuy Online (fictional),,POS purchase,successful,yes,,,,,,ENT936564069523,2533500
TXN-005343,CUS-0433,9973633995,2026-08-21 22:27,POS,debit,45000,QuickBuy Online (fictional),,POS purchase,successful,yes,,,,,,ENT321168572601,910000
TXN-002854,CUS-0231,9987407604,2026-08-21 22:33,TRANSFER,debit,35000,Daniel U**h,Quick Fictional Bank,Transfer,successful,yes,yes,,,,,ENT796632020077,105500
TXN-000310,CUS-0026,9905154382,2026-08-21 23:22,ATM,debit,10000,ENTIN ATM,,ATM withdrawal,successful,yes,,yes,,,,ENT388323848778,327200
TXN-004042,CUS-0328,9932477086,2026-08-21 23:37,TRANSFER,debit,10000,Adebayo O******i,Sample Savings Bank,Transfer,successful,yes,yes,,,,,ENT755387771218,2659700
TXN-003939,CUS-0320,9939671395,2026-08-22 00:21,POS,debit,22000,QuickBuy Online (fictional),,POS purchase,successful,yes,,,,,,ENT785737728039,308900
TXN-002870,CUS-0232,9902084385,2026-08-22 00:22,ATM,debit,20000,ENTIN ATM,,ATM withdrawal,successful,yes,,yes,,,,ENT423352374666,926500
TXN-001002,CUS-0083,9950496570,2026-08-22 00:29,POS,debit,12500,StreamFlix (fictional),,POS purchase,successful,yes,,,,,,ENT133211951936,140500
TXN-005866,CUS-0475,9942169114,2026-08-22 00:33,TRANSFER,debit,10000,Ebere O*u,Placeholder Bank,Transfer,successful,yes,yes,,,,,ENT561849366241,229000
TXN-005054,CUS-0410,9922696173,2026-08-22 00:48,POS,debit,7800,Bolt-like Rides (fictional),,POS purchase,successful,yes,,,,,,ENT284545625939,60700
TXN-006168,CUS-0498,9973945097,2026-08-22 00:49,POS,debit,45000,Market Stall POS,,POS purchase,successful,yes,,,,,,ENT787996624038,834500
TXN-001311,CUS-0108,9976125398,2026-08-22 00:51,USSD,debit,500,Airtime (fictional network),,Airtime purchase,successful,yes,,,,,,ENT151199104518,112000
TXN-004133,CUS-0336,9952764504,2026-08-22 01:14,POS,debit,45000,Mama Put Kitchen,,POS purchase,successful,yes,,,,,,ENT173920059749,616300
TXN-005667,CUS-0459,9996173946,2026-08-22 01:14,TRANSFER,debit,20000,Ese S**e,Fictional Trust Bank,Transfer,successful,yes,yes,,,,,ENT623033135768,163000
TXN-002331,CUS-0190,9967378530,2026-08-22 01:24,TRANSFER,debit,5000,Tunde N*******u,Placeholder Bank,Transfer,successful,yes,yes,,,,,ENT868688783266,1414700
TXN-003019,CUS-0243,9951135288,2026-08-22 01:38,TRANSFER,debit,20000,Tope B***o,Fictional Trust Bank,Transfer,successful,yes,yes,,,,,ENT331312264110,126500
TXN-004094,CUS-0333,9934134297,2026-08-22 01:45,ATM,debit,10000,Other bank ATM,,ATM withdrawal,successful,yes,,no,,,,ENT874018170583,190000
TXN-000255,CUS-0021,9964529128,2026-08-22 01:50,POS,debit,22000,Pharmacy Plus (fictional),,POS purchase,successful,yes,,,,,,ENT807003242822,124000
TXN-003473,CUS-0280,9952498676,2026-08-22 02:01,POS,debit,7800,Lekki Luxury Stores,,POS purchase,successful,yes,,,,,,ENT819846028070,697200
TXN-001367,CUS-0112,9942365966,2026-08-22 02:13,POS,debit,12500,Lekki Luxury Stores,,POS purchase,successful,yes,,,,,,ENT871970063945,242500
TXN-003610,CUS-0292,9969206472,2026-08-22 02:21,ATM,debit,10000,Other bank ATM,,ATM withdrawal,successful,yes,,no,,,,ENT359847968142,611600
TXN-001466,CUS-0120,9939956816,2026-08-22 02:24,POS,debit,22000,Mama Put Kitchen,,POS purchase,successful,yes,,,,,,ENT358010784548,1106200
TXN-000659,CUS-0054,9918621076,2026-08-22 02:26,TRANSFER,debit,20000,Grace S***u,Quick Fictional Bank,Transfer,successful,yes,yes,,,,,ENT293706864505,391700
TXN-000892,CUS-0074,9981299914,2026-08-22 03:07,POS,debit,45000,Lekki Luxury Stores,,POS purchase,successful,yes,,,,,,ENT569937383602,112000
TXN-004086,CUS-0332,9988059718,2026-08-22 03:26,WEB,debit,2500,Bolt-like Rides (fictional),,Online card payment,successful,yes,,,,,,ENT791819475783,3046200
TXN-001621,CUS-0132,9913900264,2026-08-22 03:32,ATM,debit,20000,Other bank ATM,,ATM withdrawal,successful,yes,,no,,,,ENT142428663921,2532500
TXN-000566,CUS-0047,9969585190,2026-08-22 03:37,TRANSFER,debit,35000,Obinna I**e,Demo Microfinance Bank,Transfer,successful,yes,yes,,,,,ENT905399174394,120000
TXN-002373,CUS-0193,9961766752,2026-08-22 04:49,TRANSFER,debit,5000,Funke O******i,Demo Microfinance Bank,Transfer,successful,yes,yes,,,,,ENT175308086342,453000
TXN-004499,CUS-0365,9966800555,2026-08-22 06:06,POS,debit,1500,Pharmacy Plus (fictional),,POS purchase,successful,yes,,,,,,ENT805788771541,1040500
TXN-004310,CUS-0350,9941377678,2026-08-22 06:10,POS,debit,7800,Filling Station (fictional),,POS purchase,successful,yes,,,,,,ENT572429903111,1329900
TXN-005975,CUS-0483,9956134913,2026-08-22 06:12,POS,debit,12500,Lekki Luxury Stores,,POS purchase,successful,yes,,,,,,ENT389039672497,157000
TXN-001223,CUS-0101,9971745143,2026-08-22 06:21,ATM,debit,40000,ENTIN ATM,,ATM withdrawal,successful,yes,,yes,,,,ENT181076047538,2492000
TXN-000944,CUS-0078,9938696953,2026-08-22 06:26,USSD,debit,2000,Airtime (fictional network),,Airtime purchase,successful,yes,,,,,,ENT710365528311,2576500
TXN-003559,CUS-0287,9969449775,2026-08-22 07:17,USSD,debit,1000,Airtime (fictional network),,Airtime purchase,successful,yes,,,,,,ENT766136233759,149000
TXN-000939,CUS-0078,9938696953,2026-08-22 07:40,POS,debit,45000,Mama Put Kitchen,,POS purchase,successful,yes,,,,,,ENT612026866708,2531500
TXN-005179,CUS-0420,9939184404,2026-08-22 07:43,POS,debit,12500,QuickBuy Online (fictional),,POS purchase,successful,yes,,,,,,ENT526962930033,963000
TXN-006047,CUS-0489,9904477391,2026-08-22 08:00,WEB,debit,2500,StreamFlix (fictional),,Online card payment,successful,yes,,,,,,ENT117533459382,75000
TXN-000193,CUS-0016,9982141621,2026-08-22 08:01,POS,debit,22000,StreamFlix (fictional),,POS purchase,successful,yes,,,,,,ENT712559746689,444000
TXN-003443,CUS-0278,9932946850,2026-08-22 08:11,POS,debit,12500,StreamFlix (fictional),,POS purchase,successful,yes,,,,,,ENT411755101351,750000
TXN-002005,CUS-0164,9963544644,2026-08-22 08:43,POS,debit,7800,StreamFlix (fictional),,POS purchase,successful,yes,,,,,,ENT952428354299,960400
TXN-001025,CUS-0085,9920987695,2026-08-22 08:46,TRANSFER,debit,10000,Victor D*****a,Sample Savings Bank,Transfer,successful,yes,yes,,,,,ENT129891481485,942200
TXN-002765,CUS-0224,9958085404,2026-08-22 09:02,POS,debit,3500,Filling Station (fictional),,POS purchase,successful,yes,,,,,,ENT928546108082,2474500
TXN-001389,CUS-0114,9944317367,2026-08-22 09:45,POS,debit,3500,Filling Station (fictional),,POS purchase,successful,yes,,,,,,ENT633916905823,177000
TXN-001009,CUS-0084,9996444694,2026-08-22 09:48,POS,debit,22000,QuickBuy Online (fictional),,POS purchase,successful,yes,,,,,,ENT417300666857,148200
TXN-004916,CUS-0398,9963495400,2026-08-22 10:13,POS,debit,22000,Bolt-like Rides (fictional),,POS purchase,successful,yes,,,,,,ENT815563195703,250500
TXN-001827,CUS-0150,9986703642,2026-08-22 10:20,POS,debit,22000,Pharmacy Plus (fictional),,POS purchase,successful,yes,,,,,,ENT613188801722,990000
TXN-005817,CUS-0471,9943902366,2026-08-22 10:34,WEB,debit,2500,StreamFlix (fictional),,Online card payment,successful,yes,,,,,,ENT624429633785,25000
TXN-002297,CUS-0187,9956885470,2026-08-22 10:43,USSD,debit,5000,Airtime (fictional network),,Airtime purchase,successful,yes,,,,,,ENT724657909902,2574500
TXN-002728,CUS-0221,9995401710,2026-08-22 10:52,WEB,debit,2500,StreamFlix (fictional),,Online card payment,successful,yes,,,,,,ENT283170146484,584700
TXN-003901,CUS-0316,9928767202,2026-08-22 10:55,ATM,debit,10000,Other bank ATM,,ATM withdrawal,successful,yes,,no,,,,ENT770236669241,1284500
TXN-001178,CUS-0097,9961807567,2026-08-22 11:08,POS,debit,45000,QuickBuy Online (fictional),,POS purchase,successful,yes,,,,,,ENT184828627212,2512200
TXN-001739,CUS-0143,9964197110,2026-08-22 11:25,TRANSFER,debit,10000,Emmanuel I**e,Placeholder Bank,Transfer,successful,yes,yes,,,,,ENT415040116444,957500
TXN-002237,CUS-0182,9979765655,2026-08-22 12:25,POS,debit,12500,StreamFlix (fictional),,POS purchase,successful,yes,,,,,,ENT826210958207,452500
TXN-004093,CUS-0333,9934134297,2026-08-22 12:26,WEB,debit,2500,StreamFlix (fictional),,Online card payment,successful,yes,,,,,,ENT577379025700,187500
TXN-005100,CUS-0413,9988958664,2026-08-22 12:40,ATM,debit,40000,ENTIN ATM,,ATM withdrawal,successful,yes,,yes,,,,ENT637948211045,2476500
TXN-000586,CUS-0048,9972987112,2026-08-22 12:41,WEB,debit,15000,QuickBuy Online (fictional),,Online card payment,successful,yes,,,,,,ENT206812646968,2771300
TXN-001487,CUS-0122,9920453316,2026-08-22 12:47,POS,debit,3500,Bolt-like Rides (fictional),,POS purchase,successful,yes,,,,,,ENT354036065946,2527500
TXN-002956,CUS-0238,9937467651,2026-08-22 12:58,POS,debit,22000,Mama Put Kitchen,,POS purchase,successful,yes,,,,,,ENT297710944515,220200
TXN-000634,CUS-0052,9965013327,2026-08-22 13:09,TRANSFER,debit,100000,Blessing D*****a,Sample Savings Bank,Transfer,successful,yes,yes,,,,,ENT453716505042,2413400
TXN-002787,CUS-0226,9909301930,2026-08-22 13:16,POS,debit,7800,ShopRite-like Store (fictional),,POS purchase,successful,yes,,,,,,ENT440358217572,230900
TXN-002829,CUS-0229,9993322503,2026-08-22 13:26,POS,debit,1500,ShopRite-like Store (fictional),,POS purchase,successful,yes,,,,,,ENT925592755229,509000
TXN-003446,CUS-0278,9932946850,2026-08-22 13:34,POS,debit,7800,Mama Put Kitchen,,POS purchase,successful,yes,,,,,,ENT502370530513,742200
TXN-003529,CUS-0285,9943032214,2026-08-22 13:34,USSD,debit,500,Airtime (fictional network),,Airtime purchase,successful,yes,,,,,,ENT386719700931,1506000
TXN-005427,CUS-0440,9953918603,2026-08-22 13:46,TRANSFER,debit,10000,Uche N*******u,Placeholder Bank,Transfer,successful,yes,yes,,,,,ENT467803100747,451600
TXN-004628,CUS-0375,9951549033,2026-08-22 13:58,POS,debit,3500,ShopRite-like Store (fictional),,POS purchase,successful,yes,,,,,,ENT428468773642,305500
TXN-003983,CUS-0323,9954538030,2026-08-22 14:04,TRANSFER,debit,50000,Fatima Y***f,Quick Fictional Bank,Transfer,successful,yes,yes,,,,,ENT390682012494,540600
TXN-005230,CUS-0424,9968184455,2026-08-22 14:05,TRANSFER,debit,100000,Femi O***o,Fictional Trust Bank,Transfer,successful,yes,yes,,,,,ENT504981241895,61600
TXN-003838,CUS-0311,9977866026,2026-08-22 14:33,WEB,debit,9900,StreamFlix (fictional),,Online card payment,successful,yes,,,,,,ENT208083337593,296600
TXN-004234,CUS-0344,9972087668,2026-08-22 14:36,POS,debit,22000,Pharmacy Plus (fictional),,POS purchase,successful,yes,,,,,,ENT239089292107,141000
TXN-002967,CUS-0239,9963646907,2026-08-22 14:56,ATM,debit,40000,Other bank ATM,,ATM withdrawal,successful,yes,,no,,,,ENT122111813476,391500
TXN-002260,CUS-0184,9912799315,2026-08-22 14:59,ATM,debit,10000,Other bank ATM,,ATM withdrawal,successful,yes,,no,,,,ENT775457278322,1193600
TXN-003505,CUS-0283,9992725775,2026-08-22 15:04,USSD,debit,1000,Airtime (fictional network),,Airtime purchase,successful,yes,,,,,,ENT439255040807,284400
TXN-000838,CUS-0070,9980801000,2026-08-22 15:08,USSD,debit,500,Airtime (fictional network),,Airtime purchase,successful,yes,,,,,,ENT134829744257,659500
TXN-003811,CUS-0309,9907735405,2026-08-22 15:17,POS,debit,22000,QuickBuy Online (fictional),,POS purchase,successful,yes,,,,,,ENT257686245799,997600
TXN-000850,CUS-0071,9903048877,2026-08-22 15:30,WEB,debit,15000,QuickBuy Online (fictional),,Online card payment,successful,yes,,,,,,ENT697501152640,253000
TXN-003132,CUS-0252,9937906660,2026-08-22 15:44,USSD,debit,2000,Airtime (fictional network),,Airtime purchase,successful,yes,,,,,,ENT338287955495,941300
TXN-003590,CUS-0290,9927406438,2026-08-22 16:09,POS,debit,7800,ShopRite-like Store (fictional),,POS purchase,successful,yes,,,,,,ENT315134128300,689400
TXN-001561,CUS-0128,9943949119,2026-08-22 16:13,USSD,debit,2000,Airtime (fictional network),,Airtime purchase,successful,yes,,,,,,ENT887163009776,177000
TXN-002731,CUS-0221,9995401710,2026-08-22 16:14,POS,debit,45000,Lekki Luxury Stores,,POS purchase,successful,yes,,,,,,ENT734132657554,539700
TXN-002813,CUS-0228,9954375149,2026-08-22 16:20,TRANSFER,debit,5000,Kelechi U**h,Sample Savings Bank,Transfer,successful,yes,yes,,,,,ENT948419173952,539500
TXN-002009,CUS-0164,9963544644,2026-08-22 17:41,TRANSFER,debit,20000,Ngozi I**e,Fictional Trust Bank,Transfer,successful,yes,yes,,,,,ENT528286398955,940400
TXN-005608,CUS-0454,9915943156,2026-08-22 18:07,TRANSFER,debit,10000,Idara S***u,Fictional Trust Bank,Transfer,successful,yes,yes,,,,,ENT687266568281,2505500
TXN-002515,CUS-0204,9937567822,2026-08-22 18:10,WEB,debit,9900,Bolt-like Rides (fictional),,Online card payment,successful,yes,,,,,,ENT438035181761,293600
TXN-002751,CUS-0223,9973866346,2026-08-22 18:15,ATM,debit,20000,ENTIN ATM,,ATM withdrawal,successful,yes,,yes,,,,ENT453493098926,117500
TXN-000750,CUS-0062,9913785222,2026-08-22 18:28,WEB,debit,15000,StreamFlix (fictional),,Online card payment,successful,yes,,,,,,ENT185206092943,1213200
TXN-000663,CUS-0055,9915202994,2026-08-22 19:46,ATM,debit,10000,ENTIN ATM,,ATM withdrawal,successful,yes,,yes,,,,ENT396459433009,1030000
TXN-005851,CUS-0473,9956177643,2026-08-22 19:59,WEB,debit,9900,Lekki Luxury Stores,,Online card payment,successful,yes,,,,,,ENT430785948228,96200
TXN-002360,CUS-0192,9988642115,2026-08-22 20:20,ATM,debit,40000,ENTIN ATM,,ATM withdrawal,successful,yes,,yes,,,,ENT727722694113,553500
TXN-003006,CUS-0242,9902208747,2026-08-22 20:40,WEB,debit,2500,Lekki Luxury Stores,,Online card payment,successful,yes,,,,,,ENT919198709924,3050600
TXN-000975,CUS-0081,9908238613,2026-08-22 20:51,POS,debit,12500,Pharmacy Plus (fictional),,POS purchase,successful,yes,,,,,,ENT710048328773,2685000
TXN-000086,CUS-0007,9977876804,2026-08-22 21:10,POS,debit,12500,ShopRite-like Store (fictional),,POS purchase,successful,yes,,,,,,ENT204879990968,421000
TXN-002913,CUS-0235,9953911045,2026-08-22 21:23,POS,debit,45000,Filling Station (fictional),,POS purchase,successful,yes,,,,,,ENT904972362558,456500
TXN-005325,CUS-0432,9901762982,2026-08-22 21:29,WEB,debit,4500,Lekki Luxury Stores,,Online card payment,successful,yes,,,,,,ENT806555959961,719500
TXN-003710,CUS-0300,9986118151,2026-08-22 21:30,USSD,debit,1000,Airtime (fictional network),,Airtime purchase,successful,yes,,,,,,ENT634088319259,267500
TXN-004110,CUS-0334,9962266421,2026-08-22 21:43,POS,debit,1500,Filling Station (fictional),,POS purchase,successful,yes,,,,,,ENT275100654286,1341500
TXN-005736,CUS-0464,9998523750,2026-08-22 21:52,TRANSFER,debit,10000,Kelechi C****u,Fictional Trust Bank,Transfer,successful,yes,yes,,,,,ENT618405750947,295500
TXN-001449,CUS-0119,9954928452,2026-08-22 21:57,USSD,debit,2000,Airtime (fictional network),,Airtime purchase,successful,yes,,,,,,ENT581784232924,451000
TXN-002847,CUS-0230,9946252003,2026-08-22 22:14,TRANSFER,debit,50000,Kelechi O******e,Sample Savings Bank,Transfer,successful,yes,yes,,,,,ENT493767137776,382500
TXN-003124,CUS-0252,9937906660,2026-08-22 22:19,POS,debit,45000,Market Stall POS,,POS purchase,successful,yes,,,,,,ENT628793799682,896300
TXN-003401,CUS-0274,9955297955,2026-08-22 22:38,ATM,debit,40000,Other bank ATM,,ATM withdrawal,successful,yes,,no,,,,ENT686968346043,80700
TXN-002843,CUS-0230,9946252003,2026-08-22 22:48,POS,debit,45000,Mama Put Kitchen,,POS purchase,successful,yes,,,,,,ENT794078914266,337500
TXN-001754,CUS-0144,9986071964,2026-08-22 23:40,TRANSFER,debit,10000,Sani O******n,Quick Fictional Bank,Transfer,successful,yes,yes,,,,,ENT767127457940,188100
TXN-004811,CUS-0390,9910397222,2026-08-22 23:56,POS,debit,1500,Market Stall POS,,POS purchase,successful,yes,,,,,,ENT328996439999,500000
TXN-003854,CUS-0312,9975337207,2026-08-23 00:09,ATM,debit,10000,Other bank ATM,,ATM withdrawal,successful,yes,,no,,,,ENT313739970351,565500
TXN-001379,CUS-0113,9918118331,2026-08-23 00:13,USSD,debit,500,Airtime (fictional network),,Airtime purchase,successful,yes,,,,,,ENT358049988658,1519000
TXN-005687,CUS-0460,9955245029,2026-08-23 00:46,USSD,debit,5000,Airtime (fictional network),,Airtime purchase,successful,yes,,,,,,ENT634983700652,483700
TXN-001085,CUS-0090,9945011459,2026-08-23 01:11,TRANSFER,debit,100000,Mercy E*e,Fictional Trust Bank,Transfer,successful,yes,yes,,,,,ENT554514971019,354700
TXN-003214,CUS-0259,9978482991,2026-08-23 01:45,POS,debit,45000,Bolt-like Rides (fictional),,POS purchase,successful,yes,,,,,,ENT334505706163,224500
TXN-005906,CUS-0478,9926098818,2026-08-23 01:56,TRANSFER,debit,20000,Ikenna O*****o,Demo Microfinance Bank,Transfer,successful,yes,yes,,,,,ENT806889966805,3032700
TXN-002147,CUS-0175,9903136249,2026-08-23 02:02,ATM,debit,40000,ENTIN ATM,,ATM withdrawal,successful,yes,,yes,,,,ENT555012002909,269500
TXN-005627,CUS-0456,9972514839,2026-08-23 02:36,WEB,debit,4500,Lekki Luxury Stores,,Online card payment,successful,yes,,,,,,ENT695488112611,342200
TXN-003792,CUS-0307,9938909584,2026-08-23 02:56,USSD,debit,1000,Airtime (fictional network),,Airtime purchase,successful,yes,,,,,,ENT930957211838,2787000
TXN-000417,CUS-0035,9955689832,2026-08-23 03:02,POS,debit,12500,Bolt-like Rides (fictional),,POS purchase,successful,yes,,,,,,ENT283754275286,2458000
TXN-005607,CUS-0454,9915943156,2026-08-23 03:25,ATM,debit,40000,Other bank ATM,,ATM withdrawal,successful,yes,,no,,,,ENT357229314962,2465500
TXN-002897,CUS-0234,9902167309,2026-08-23 03:44,WEB,debit,15000,Lekki Luxury Stores,,Online card payment,successful,yes,,,,,,ENT235336640598,3065500
TXN-005084,CUS-0412,9954372850,2026-08-23 04:08,USSD,debit,5000,Airtime (fictional network),,Airtime purchase,successful,yes,,,,,,ENT576598151961,354200
TXN-001875,CUS-0154,9973621841,2026-08-23 04:51,POS,debit,1500,Market Stall POS,,POS purchase,successful,yes,,,,,,ENT770765025223,483500
TXN-004664,CUS-0378,9920862512,2026-08-23 05:27,POS,debit,12500,Pharmacy Plus (fictional),,POS purchase,successful,yes,,,,,,ENT756285440969,2782000
TXN-003766,CUS-0305,9912573853,2026-08-23 06:10,USSD,debit,2000,Airtime (fictional network),,Airtime purchase,successful,yes,,,,,,ENT183395950333,137000
TXN-006057,CUS-0490,9997818827,2026-08-23 07:11,WEB,debit,2500,Bolt-like Rides (fictional),,Online card payment,successful,yes,,,,,,ENT432110862132,920000
TXN-006083,CUS-0492,9909587010,2026-08-23 07:13,USSD,debit,1000,Airtime (fictional network),,Airtime purchase,successful,yes,,,,,,ENT674906575684,1417700
TXN-002447,CUS-0199,9916644726,2026-08-23 07:20,POS,debit,45000,Market Stall POS,,POS purchase,successful,yes,,,,,,ENT183504900777,371500
TXN-004647,CUS-0377,9956948792,2026-08-23 07:24,ATM,debit,40000,ENTIN ATM,,ATM withdrawal,successful,yes,,yes,,,,ENT632796002870,273000
TXN-002630,CUS-0214,9980024371,2026-08-23 07:44,POS,debit,7800,Pharmacy Plus (fictional),,POS purchase,successful,yes,,,,,,ENT513069432903,888900
TXN-001803,CUS-0148,9929634769,2026-08-23 08:16,ATM,debit,10000,ENTIN ATM,,ATM withdrawal,successful,yes,,yes,,,,ENT962499104794,474200
TXN-004714,CUS-0382,9965825920,2026-08-23 09:01,POS,debit,22000,ShopRite-like Store (fictional),,POS purchase,successful,yes,,,,,,ENT704357284911,1087000
TXN-001969,CUS-0161,9950062013,2026-08-23 09:16,TRANSFER,debit,100000,Lola N*******u,Demo Microfinance Bank,Transfer,successful,yes,yes,,,,,ENT666111968715,2385000
TXN-000702,CUS-0058,9980156464,2026-08-23 09:44,USSD,debit,1000,Airtime (fictional network),,Airtime purchase,successful,yes,,,,,,ENT377777150136,622600
TXN-001244,CUS-0103,9949574415,2026-08-23 09:44,POS,debit,3500,Lekki Luxury Stores,,POS purchase,successful,yes,,,,,,ENT426096404833,343000
TXN-000141,CUS-0012,9975177992,2026-08-23 09:59,ATM,debit,10000,ENTIN ATM,,ATM withdrawal,successful,yes,,yes,,,,ENT804205596353,2479700
TXN-000438,CUS-0037,9980700159,2026-08-23 10:09,WEB,debit,2500,QuickBuy Online (fictional),,Online card payment,successful,yes,,,,,,ENT421119094937,1028500
TXN-000183,CUS-0016,9982141621,2026-08-23 10:23,WEB,debit,4500,QuickBuy Online (fictional),,Online card payment,successful,yes,,,,,,ENT758193828009,439500
TXN-000649,CUS-0054,9918621076,2026-08-23 10:45,POS,debit,22000,Market Stall POS,,POS purchase,successful,yes,,,,,,ENT658834454440,369700
TXN-003298,CUS-0266,9911157896,2026-08-23 10:47,WEB,debit,15000,StreamFlix (fictional),,Online card payment,successful,yes,,,,,,ENT855172730595,986500
TXN-002923,CUS-0236,9941663809,2026-08-23 10:57,POS,debit,7800,Bolt-like Rides (fictional),,POS purchase,successful,yes,,,,,,ENT498706841881,1020200
TXN-001295,CUS-0107,9961387303,2026-08-23 11:10,TRANSFER,debit,10000,Femi O*i,Sample Savings Bank,Transfer,successful,yes,yes,,,,,ENT151022400084,273000
TXN-005950,CUS-0482,9931572769,2026-08-23 11:45,POS,debit,7800,Market Stall POS,,POS purchase,successful,yes,,,,,,ENT212436897024,652000
TXN-003671,CUS-0297,9929017205,2026-08-23 11:48,ATM,debit,40000,ENTIN ATM,,ATM withdrawal,successful,yes,,yes,,,,ENT546890778553,1022500
TXN-003966,CUS-0322,9949912955,2026-08-23 12:10,POS,debit,22000,Bolt-like Rides (fictional),,POS purchase,successful,yes,,,,,,ENT523782246559,2503700
TXN-001074,CUS-0089,9995292074,2026-08-23 12:22,POS,debit,1500,ShopRite-like Store (fictional),,POS purchase,successful,yes,,,,,,ENT942893392857,704200
TXN-003327,CUS-0268,9995728062,2026-08-23 12:47,ATM,debit,40000,ENTIN ATM,,ATM withdrawal,successful,yes,,yes,,,,ENT219500971234,727200
TXN-003049,CUS-0246,9985384634,2026-08-23 12:48,POS,debit,45000,Pharmacy Plus (fictional),,POS purchase,successful,yes,,,,,,ENT314643750176,2527300
TXN-005685,CUS-0460,9955245029,2026-08-23 13:23,USSD,debit,1000,Airtime (fictional network),,Airtime purchase,successful,yes,,,,,,ENT194511612515,482700
TXN-001997,CUS-0163,9985476677,2026-08-23 13:31,POS,debit,1500,Market Stall POS,,POS purchase,successful,yes,,,,,,ENT831043435477,185500
TXN-004694,CUS-0381,9967998836,2026-08-23 13:46,WEB,debit,2500,Lekki Luxury Stores,,Online card payment,successful,yes,,,,,,ENT342554780361,189100
TXN-000883,CUS-0073,9929770579,2026-08-23 14:06,ATM,debit,40000,ENTIN ATM,,ATM withdrawal,successful,yes,,yes,,,,ENT730071456219,1059500
TXN-004710,CUS-0382,9965825920,2026-08-23 14:51,POS,debit,12500,Lekki Luxury Stores,,POS purchase,successful,yes,,,,,,ENT771358568347,1074500
TXN-003893,CUS-0315,9960596727,2026-08-23 14:52,TRANSFER,debit,50000,Daniel A*******i,Placeholder Bank,Transfer,successful,yes,yes,,,,,ENT315501128290,1006000
TXN-004313,CUS-0350,9941377678,2026-08-23 14:52,ATM,debit,20000,Other bank ATM,,ATM withdrawal,successful,yes,,no,,,,ENT341034801667,1309900
TXN-002932,CUS-0237,9969336506,2026-08-23 15:04,POS,debit,22000,Filling Station (fictional),,POS purchase,successful,yes,,,,,,ENT965966127271,469400
TXN-000552,CUS-0046,9968179223,2026-08-23 15:12,POS,debit,7800,QuickBuy Online (fictional),,POS purchase,successful,yes,,,,,,ENT738445472852,833700
TXN-000167,CUS-0014,9922264686,2026-08-23 15:20,POS,debit,7800,Lekki Luxury Stores,,POS purchase,successful,yes,,,,,,ENT433720549381,123700
TXN-004627,CUS-0375,9951549033,2026-08-23 15:22,USSD,debit,500,Airtime (fictional network),,Airtime purchase,successful,yes,,,,,,ENT579487810338,305000
TXN-000735,CUS-0061,9923524013,2026-08-23 15:31,USSD,debit,1000,Airtime (fictional network),,Airtime purchase,successful,yes,,,,,,ENT591984059436,2598500
TXN-005495,CUS-0445,9937220724,2026-08-23 15:32,TRANSFER,debit,100000,Joy A***u,Fictional Trust Bank,Transfer,successful,yes,yes,,,,,ENT798006746284,153100
TXN-005755,CUS-0466,9921435033,2026-08-23 15:37,ATM,debit,10000,Other bank ATM,,ATM withdrawal,successful,yes,,no,,,,ENT542128086599,512500
TXN-002651,CUS-0215,9948992789,2026-08-23 16:08,TRANSFER,debit,50000,Victor I*e,Sample Savings Bank,Transfer,successful,yes,yes,,,,,ENT400978409778,25200
TXN-005055,CUS-0410,9922696173,2026-08-23 16:13,USSD,debit,5000,Airtime (fictional network),,Airtime purchase,successful,yes,,,,,,ENT830454785337,55700
TXN-004943,CUS-0400,9927020003,2026-08-23 16:52,TRANSFER,debit,100000,Nnamdi A***n,Demo Microfinance Bank,Transfer,successful,yes,yes,,,,,ENT939949778368,345000
TXN-001248,CUS-0103,9949574415,2026-08-23 17:11,TRANSFER,debit,100000,Obinna O****e,Placeholder Bank,Transfer,successful,yes,yes,,,,,ENT304673950790,243000
TXN-003531,CUS-0285,9943032214,2026-08-23 17:19,ATM,debit,40000,Other bank ATM,,ATM withdrawal,successful,yes,,no,,,,ENT429522453470,1466000
TXN-003228,CUS-0260,9952562853,2026-08-23 17:39,USSD,debit,2000,Airtime (fictional network),,Airtime purchase,successful,yes,,,,,,ENT431042092592,205700
TXN-002109,CUS-0172,9933836620,2026-08-23 17:43,POS,debit,7800,QuickBuy Online (fictional),,POS purchase,successful,yes,,,,,,ENT276349660325,909400
TXN-004796,CUS-0389,9985163816,2026-08-23 17:59,TRANSFER,debit,10000,Joy A*****e,Sample Savings Bank,Transfer,successful,yes,yes,,,,,ENT626293564814,387200
TXN-004383,CUS-0356,9916389373,2026-08-23 18:18,POS,debit,1500,Lekki Luxury Stores,,POS purchase,successful,yes,,,,,,ENT536793296871,193700
TXN-004382,CUS-0356,9916389373,2026-08-23 18:50,TRANSFER,debit,100000,Ifeanyi A*****i,Fictional Trust Bank,Transfer,successful,yes,yes,,,,,ENT887633062390,93700
TXN-002148,CUS-0175,9903136249,2026-08-23 19:14,POS,debit,3500,QuickBuy Online (fictional),,POS purchase,successful,yes,,,,,,ENT179411130088,266000
TXN-006166,CUS-0498,9973945097,2026-08-23 19:26,ATM,debit,20000,ENTIN ATM,,ATM withdrawal,successful,yes,,yes,,,,ENT149027086649,814500
TXN-003708,CUS-0300,9986118151,2026-08-23 19:33,USSD,debit,500,Airtime (fictional network),,Airtime purchase,successful,yes,,,,,,ENT141094432419,267000
TXN-005208,CUS-0422,9981759426,2026-08-23 20:05,WEB,debit,4500,StreamFlix (fictional),,Online card payment,successful,yes,,,,,,ENT840778069695,954500
TXN-001152,CUS-0095,9966981433,2026-08-23 20:40,POS,debit,12500,Pharmacy Plus (fictional),,POS purchase,successful,yes,,,,,,ENT409539622465,455700
TXN-001335,CUS-0110,9951521657,2026-08-23 20:50,ATM,debit,20000,ENTIN ATM,,ATM withdrawal,successful,yes,,yes,,,,ENT110657867968,2522500
TXN-003200,CUS-0258,9911119929,2026-08-23 20:54,POS,debit,22000,Pharmacy Plus (fictional),,POS purchase,successful,yes,,,,,,ENT622398140873,1005200
TXN-004331,CUS-0352,9911574849,2026-08-23 21:13,ATM,debit,40000,ENTIN ATM,,ATM withdrawal,successful,yes,,yes,,,,ENT120740110984,690000
TXN-004322,CUS-0351,9935890704,2026-08-23 21:23,POS,debit,7800,StreamFlix (fictional),,POS purchase,successful,yes,,,,,,ENT637659013287,174700
TXN-000117,CUS-0010,9928379298,2026-08-23 21:37,USSD,debit,5000,Airtime (fictional network),,Airtime purchase,successful,yes,,,,,,ENT528268293164,258500
TXN-003914,CUS-0317,9938331314,2026-08-23 21:38,ATM,debit,40000,Other bank ATM,,ATM withdrawal,successful,yes,,no,,,,ENT669112809002,296500
TXN-000886,CUS-0073,9929770579,2026-08-23 21:51,POS,debit,22000,Lekki Luxury Stores,,POS purchase,successful,yes,,,,,,ENT222289421358,1037500
TXN-000707,CUS-0058,9980156464,2026-08-23 22:32,POS,debit,1500,StreamFlix (fictional),,POS purchase,successful,yes,,,,,,ENT788927286217,621100
TXN-000667,CUS-0055,9915202994,2026-08-23 22:54,POS,debit,1500,Bolt-like Rides (fictional),,POS purchase,successful,yes,,,,,,ENT782482101192,1028500
TXN-002853,CUS-0231,9987407604,2026-08-23 23:17,POS,debit,1500,Pharmacy Plus (fictional),,POS purchase,successful,yes,,,,,,ENT594753931246,104000
TXN-003837,CUS-0311,9977866026,2026-08-23 23:25,USSD,debit,500,Airtime (fictional network),,Airtime purchase,successful,yes,,,,,,ENT834323032847,296100
TXN-003115,CUS-0251,9972251933,2026-08-23 23:26,ATM,debit,10000,ENTIN ATM,,ATM withdrawal,successful,yes,,yes,,,,ENT611139340016,123000
TXN-002645,CUS-0215,9948992789,2026-08-23 23:30,POS,debit,1500,Pharmacy Plus (fictional),,POS purchase,successful,yes,,,,,,ENT696745379318,23700
TXN-005326,CUS-0432,9901762982,2026-08-23 23:30,ATM,debit,10000,ENTIN ATM,,ATM withdrawal,successful,yes,,yes,,,,ENT989605350255,709500
TXN-003325,CUS-0268,9995728062,2026-08-23 23:32,TRANSFER,debit,20000,Yemisi A*******i,Fictional Trust Bank,Transfer,successful,yes,yes,,,,,ENT334279591217,707200
TXN-000058,CUS-0005,9919672731,2026-08-23 23:59,POS,debit,22000,Bolt-like Rides (fictional),,POS purchase,successful,yes,,,,,,ENT653332475246,1031000
TXN-000588,CUS-0048,9972987112,2026-08-24 00:44,ATM,debit,10000,ENTIN ATM,,ATM withdrawal,successful,yes,,yes,,,,ENT257693868948,2761300
TXN-000879,CUS-0073,9929770579,2026-08-24 01:05,POS,debit,45000,QuickBuy Online (fictional),,POS purchase,successful,yes,,,,,,ENT942433573159,992500
TXN-000544,CUS-0045,9921430490,2026-08-24 01:07,ATM,debit,20000,Other bank ATM,,ATM withdrawal,successful,yes,,no,,,,ENT897748640555,3130000
TXN-004800,CUS-0389,9985163816,2026-08-24 01:17,POS,debit,45000,Market Stall POS,,POS purchase,successful,yes,,,,,,ENT111362269992,342200
TXN-003783,CUS-0306,9912755790,2026-08-24 01:36,POS,debit,22000,Bolt-like Rides (fictional),,POS purchase,successful,yes,,,,,,ENT119610817183,207000
TXN-005222,CUS-0423,9996846104,2026-08-24 01:46,USSD,debit,1000,Airtime (fictional network),,Airtime purchase,successful,yes,,,,,,ENT274238762585,2508700
TXN-001943,CUS-0159,9941946065,2026-08-24 01:58,WEB,debit,4500,StreamFlix (fictional),,Online card payment,successful,yes,,,,,,ENT171419060942,637500
TXN-002044,CUS-0167,9922102298,2026-08-24 02:43,USSD,debit,500,Airtime (fictional network),,Airtime purchase,successful,yes,,,,,,ENT779957589290,1019500
TXN-004371,CUS-0355,9924902182,2026-08-24 03:04,USSD,debit,2000,Airtime (fictional network),,Airtime purchase,successful,yes,,,,,,ENT555707457890,88500
TXN-004593,CUS-0373,9932052387,2026-08-24 03:04,TRANSFER,debit,20000,Yusuf N***i,Placeholder Bank,Transfer,successful,yes,yes,,,,,ENT896680996492,361200
TXN-005478,CUS-0444,9984434096,2026-08-24 03:06,POS,debit,3500,Pharmacy Plus (fictional),,POS purchase,successful,yes,,,,,,ENT247235196406,241500
TXN-005741,CUS-0465,9919915036,2026-08-24 03:42,POS,debit,7800,Bolt-like Rides (fictional),,POS purchase,successful,yes,,,,,,ENT295911175416,1091200
TXN-003103,CUS-0250,9922213933,2026-08-24 03:50,USSD,debit,500,Airtime (fictional network),,Airtime purchase,successful,yes,,,,,,ENT121477034250,314500
TXN-000819,CUS-0068,9934217233,2026-08-24 04:16,TRANSFER,debit,35000,Bukola O*****o,Fictional Trust Bank,Transfer,successful,yes,yes,,,,,ENT415126263104,529000
TXN-005653,CUS-0458,9904367085,2026-08-24 04:20,POS,debit,7800,Pharmacy Plus (fictional),,POS purchase,successful,yes,,,,,,ENT379392190351,206900
TXN-000845,CUS-0070,9980801000,2026-08-24 05:00,TRANSFER,debit,10000,Bukola E****g,Placeholder Bank,Transfer,successful,yes,yes,,,,,ENT205167773896,649500
TXN-003018,CUS-0243,9951135288,2026-08-24 05:51,USSD,debit,5000,Airtime (fictional network),,Airtime purchase,successful,yes,,,,,,ENT828558860666,121500
TXN-006161,CUS-0498,9973945097,2026-08-24 07:04,POS,debit,45000,Market Stall POS,,POS purchase,successful,yes,,,,,,ENT901297625178,769500
TXN-000851,CUS-0071,9903048877,2026-08-24 07:23,USSD,debit,500,Airtime (fictional network),,Airtime purchase,successful,yes,,,,,,ENT238111493234,252500
TXN-003290,CUS-0265,9913982658,2026-08-24 07:25,ATM,debit,10000,ENTIN ATM,,ATM withdrawal,successful,yes,,yes,,,,ENT448684396533,478500
TXN-001159,CUS-0096,9991804418,2026-08-24 07:38,TRANSFER,debit,20000,Blessing O***e,Sample Savings Bank,Transfer,successful,yes,yes,,,,,ENT156519239742,477500
TXN-001289,CUS-0106,9959061922,2026-08-24 07:58,USSD,debit,500,Airtime (fictional network),,Airtime purchase,successful,yes,,,,,,ENT621940225312,114500
TXN-003257,CUS-0263,9950345134,2026-08-24 08:06,TRANSFER,debit,10000,Hadiza C****u,Sample Savings Bank,Transfer,successful,yes,yes,,,,,ENT679958210253,78500
TXN-005335,CUS-0432,9901762982,2026-08-24 08:20,ATM,debit,20000,ENTIN ATM,,ATM withdrawal,successful,yes,,yes,,,,ENT630869809239,689500
TXN-002112,CUS-0172,9933836620,2026-08-24 08:23,POS,debit,1500,Mama Put Kitchen,,POS purchase,successful,yes,,,,,,ENT910032184562,907900
TXN-003714,CUS-0301,9969065643,2026-08-24 08:25,TRANSFER,debit,35000,Kunle A*******i,Fictional Trust Bank,Transfer,successful,yes,yes,,,,,ENT439428154204,225000
TXN-000510,CUS-0042,9938560739,2026-08-24 08:34,TRANSFER,debit,35000,Kelechi E****m,Placeholder Bank,Transfer,successful,yes,yes,,,,,ENT441802117458,2530500
TXN-000312,CUS-0026,9905154382,2026-08-24 08:41,TRANSFER,debit,100000,Funke U**h,Placeholder Bank,Transfer,successful,yes,yes,,,,,ENT733196977114,227200
TXN-000585,CUS-0048,9972987112,2026-08-24 08:45,POS,debit,7800,Pharmacy Plus (fictional),,POS purchase,successful,yes,,,,,,ENT877474791606,2753500
TXN-004244,CUS-0345,9954456726,2026-08-24 08:54,ATM,debit,20000,Other bank ATM,,ATM withdrawal,successful,yes,,no,,,,ENT738174754833,191600
TXN-001318,CUS-0108,9976125398,2026-08-24 09:09,ATM,debit,10000,ENTIN ATM,,ATM withdrawal,successful,yes,,yes,,,,ENT137437044111,102000
TXN-002714,CUS-0220,9986070448,2026-08-24 09:22,ATM,debit,20000,Other bank ATM,,ATM withdrawal,successful,yes,,no,,,,ENT974876799527,315600
TXN-000823,CUS-0068,9934217233,2026-08-24 09:58,USSD,debit,5000,Airtime (fictional network),,Airtime purchase,successful,yes,,,,,,ENT612538954203,524000
TXN-000252,CUS-0021,9964529128,2026-08-24 10:04,WEB,debit,2500,StreamFlix (fictional),,Online card payment,successful,yes,,,,,,ENT443800876026,121500
TXN-002805,CUS-0227,9986617876,2026-08-24 10:11,POS,debit,3500,QuickBuy Online (fictional),,POS purchase,successful,yes,,,,,,ENT770940365319,2564000
TXN-005857,CUS-0474,9967078673,2026-08-24 10:17,TRANSFER,debit,20000,Samuel N***u,Sample Savings Bank,Transfer,successful,yes,yes,,,,,ENT878895020220,177000
TXN-004020,CUS-0326,9996550219,2026-08-24 10:21,TRANSFER,debit,10000,Kelechi O*******i,Fictional Trust Bank,Transfer,successful,yes,yes,,,,,ENT873034273699,196000
TXN-000705,CUS-0058,9980156464,2026-08-24 10:25,USSD,debit,500,Airtime (fictional network),,Airtime purchase,successful,yes,,,,,,ENT607381628122,620600
TXN-003758,CUS-0304,9919484159,2026-08-24 10:33,USSD,debit,500,Airtime (fictional network),,Airtime purchase,successful,yes,,,,,,ENT903863766323,842000
TXN-000763,CUS-0063,9948085347,2026-08-24 10:47,USSD,debit,5000,Airtime (fictional network),,Airtime purchase,successful,yes,,,,,,ENT798127715530,98000
TXN-004787,CUS-0388,9966683513,2026-08-24 11:50,POS,debit,12500,Pharmacy Plus (fictional),,POS purchase,successful,yes,,,,,,ENT138438280254,475600
TXN-001498,CUS-0123,9961205593,2026-08-24 12:01,TRANSFER,debit,20000,Tope I*e,Demo Microfinance Bank,Transfer,successful,yes,yes,,,,,ENT525112558626,180000
TXN-005718,CUS-0463,9930718439,2026-08-24 12:11,POS,debit,12500,QuickBuy Online (fictional),,POS purchase,successful,yes,,,,,,ENT866221994786,400000
TXN-004571,CUS-0371,9907694305,2026-08-24 12:36,ATM,debit,40000,Other bank ATM,,ATM withdrawal,successful,yes,,no,,,,ENT464158105300,6700
TXN-000336,CUS-0028,9955696327,2026-08-24 12:48,USSD,debit,5000,Airtime (fictional network),,Airtime purchase,successful,yes,,,,,,ENT100282176130,207500
TXN-003935,CUS-0319,9964510647,2026-08-24 13:14,POS,debit,1500,Lekki Luxury Stores,,POS purchase,successful,yes,,,,,,ENT252188686918,525700
TXN-004506,CUS-0366,9961438798,2026-08-24 13:14,TRANSFER,debit,5000,Chioma E****g,Demo Microfinance Bank,Transfer,successful,yes,yes,,,,,ENT308108093589,153800
TXN-001510,CUS-0124,9949138114,2026-08-24 13:16,USSD,debit,2000,Airtime (fictional network),,Airtime purchase,successful,yes,,,,,,ENT779697594267,206500
TXN-004375,CUS-0355,9924902182,2026-08-24 13:25,TRANSFER,debit,10000,Emeka O*******i,Demo Microfinance Bank,Transfer,successful,yes,yes,,,,,ENT795944986963,78500
TXN-003175,CUS-0256,9912443952,2026-08-24 13:30,POS,debit,22000,QuickBuy Online (fictional),,POS purchase,successful,yes,,,,,,ENT287907631233,1370500
TXN-001365,CUS-0112,9942365966,2026-08-24 13:35,TRANSFER,debit,5000,Amaka E**m,Demo Microfinance Bank,Transfer,successful,yes,yes,,,,,ENT903165289126,237500
TXN-004148,CUS-0337,9928921183,2026-08-24 13:52,TRANSFER,debit,5000,Seun B****y,Quick Fictional Bank,Transfer,successful,yes,yes,,,,,ENT586636696074,2759500
TXN-000060,CUS-0005,9919672731,2026-08-24 13:56,POS,debit,12500,Market Stall POS,,POS purchase,successful,yes,,,,,,ENT724944110621,1018500
TXN-004626,CUS-0375,9951549033,2026-08-24 14:06,USSD,debit,1000,Airtime (fictional network),,Airtime purchase,successful,yes,,,,,,ENT166984582413,304000
TXN-004585,CUS-0372,9937583244,2026-08-24 14:15,POS,debit,1500,Lekki Luxury Stores,,POS purchase,successful,yes,,,,,,ENT749184379400,985200
TXN-000328,CUS-0027,9935795111,2026-08-24 14:39,USSD,debit,500,Airtime (fictional network),,Airtime purchase,successful,yes,,,,,,ENT630151266238,1014100
TXN-002179,CUS-0178,9914176590,2026-08-24 14:49,POS,debit,3500,Filling Station (fictional),,POS purchase,successful,yes,,,,,,ENT294553821788,282700
TXN-003570,CUS-0288,9972097656,2026-08-24 14:56,POS,debit,45000,Bolt-like Rides (fictional),,POS purchase,successful,yes,,,,,,ENT979575891732,2731500
TXN-006156,CUS-0497,9975222469,2026-08-24 15:00,TRANSFER,debit,35000,Grace O*i,Fictional Trust Bank,Transfer,successful,yes,yes,,,,,ENT535320510681,18500
TXN-001310,CUS-0108,9976125398,2026-08-24 15:15,TRANSFER,debit,20000,Fatima A*****i,Placeholder Bank,Transfer,successful,yes,yes,,,,,ENT836055035578,82000
TXN-005292,CUS-0429,9962754614,2026-08-24 15:17,WEB,debit,9900,Bolt-like Rides (fictional),,Online card payment,successful,yes,,,,,,ENT885509648447,987600
TXN-002931,CUS-0237,9969336506,2026-08-24 15:23,USSD,debit,2000,Airtime (fictional network),,Airtime purchase,successful,yes,,,,,,ENT672827798657,467400
TXN-004114,CUS-0334,9962266421,2026-08-24 15:25,TRANSFER,debit,10000,Chioma N***i,Demo Microfinance Bank,Transfer,successful,yes,yes,,,,,ENT656633586956,1331500
TXN-003797,CUS-0308,9937456111,2026-08-24 15:30,TRANSFER,debit,35000,Abubakar O******i,Placeholder Bank,Transfer,successful,yes,yes,,,,,ENT322916704145,642000
TXN-003711,CUS-0300,9986118151,2026-08-24 15:40,TRANSFER,debit,10000,Precious F*****a,Demo Microfinance Bank,Transfer,successful,yes,yes,,,,,ENT678561692887,257000
TXN-000682,CUS-0056,9998286408,2026-08-24 15:52,USSD,debit,5000,Airtime (fictional network),,Airtime purchase,successful,yes,,,,,,ENT500732509317,725000
TXN-003248,CUS-0262,9969055121,2026-08-24 16:09,TRANSFER,debit,50000,Adebayo E****g,Placeholder Bank,Transfer,successful,yes,yes,,,,,ENT500303195210,396000
TXN-003154,CUS-0254,9910485144,2026-08-24 16:41,POS,debit,1500,StreamFlix (fictional),,POS purchase,successful,yes,,,,,,ENT733895416269,1421500
TXN-004810,CUS-0390,9910397222,2026-08-24 17:02,ATM,debit,40000,Other bank ATM,,ATM withdrawal,successful,yes,,no,,,,ENT364636035224,460000
TXN-000053,CUS-0004,9989768469,2026-08-24 17:28,ATM,debit,20000,Other bank ATM,,ATM withdrawal,successful,yes,,no,,,,ENT986489867445,990000
TXN-005762,CUS-0466,9921435033,2026-08-24 17:45,POS,debit,22000,Lekki Luxury Stores,,POS purchase,successful,yes,,,,,,ENT561824103596,490500
TXN-002033,CUS-0166,9936354926,2026-08-24 18:12,WEB,debit,2500,QuickBuy Online (fictional),,Online card payment,successful,yes,,,,,,ENT837808309518,580000
TXN-004760,CUS-0386,9930746491,2026-08-24 18:18,TRANSFER,debit,20000,Fatima O******n,Fictional Trust Bank,Transfer,successful,yes,yes,,,,,ENT158849421850,121000
TXN-002700,CUS-0219,9930963627,2026-08-24 18:20,WEB,debit,2500,StreamFlix (fictional),,Online card payment,successful,yes,,,,,,ENT346218160899,24200
TXN-003068,CUS-0247,9956338649,2026-08-24 18:53,WEB,debit,4500,StreamFlix (fictional),,Online card payment,successful,yes,,,,,,ENT839944065307,184500
TXN-005707,CUS-0462,9959698980,2026-08-24 19:04,TRANSFER,debit,50000,Ese A*****i,Fictional Trust Bank,Transfer,successful,yes,yes,,,,,ENT856148772627,499500
TXN-004713,CUS-0382,9965825920,2026-08-24 19:16,POS,debit,7800,StreamFlix (fictional),,POS purchase,successful,yes,,,,,,ENT608186140096,1066700
TXN-003469,CUS-0280,9952498676,2026-08-24 19:17,WEB,debit,9900,Lekki Luxury Stores,,Online card payment,successful,yes,,,,,,ENT979889332409,687300
TXN-002209,CUS-0180,9927751519,2026-08-24 19:42,POS,debit,22000,QuickBuy Online (fictional),,POS purchase,successful,yes,,,,,,ENT631887854251,3035500
TXN-003998,CUS-0324,9957360445,2026-08-24 20:13,WEB,debit,4500,Lekki Luxury Stores,,Online card payment,successful,yes,,,,,,ENT976360176415,929000
TXN-005580,CUS-0452,9921145268,2026-08-24 20:13,ATM,debit,40000,ENTIN ATM,,ATM withdrawal,successful,yes,,yes,,,,ENT357020160174,22200
TXN-001240,CUS-0102,9912452877,2026-08-24 20:26,TRANSFER,debit,10000,Emmanuel A*****i,Sample Savings Bank,Transfer,successful,yes,yes,,,,,ENT227681504360,134000
TXN-005985,CUS-0484,9979764044,2026-08-24 20:41,USSD,debit,500,Airtime (fictional network),,Airtime purchase,successful,yes,,,,,,ENT579649183993,325500
TXN-001327,CUS-0109,9926445274,2026-08-24 20:45,POS,debit,45000,Lekki Luxury Stores,,POS purchase,successful,yes,,,,,,ENT411952604613,204500
TXN-005066,CUS-0410,9922696173,2026-08-24 20:47,POS,debit,7800,Market Stall POS,,POS purchase,successful,yes,,,,,,ENT331089204221,47900
TXN-004215,CUS-0343,9922438945,2026-08-24 20:52,POS,debit,1500,Market Stall POS,,POS purchase,successful,yes,,,,,,ENT885824114875,393000
TXN-006065,CUS-0491,9971365877,2026-08-24 21:06,USSD,debit,2000,Airtime (fictional network),,Airtime purchase,successful,yes,,,,,,ENT290329866238,766200
TXN-004025,CUS-0327,9985785371,2026-08-24 21:23,TRANSFER,debit,20000,Ogechi B***o,Quick Fictional Bank,Transfer,successful,yes,yes,,,,,ENT165783353004,678500
TXN-005582,CUS-0452,9921145268,2026-08-24 21:47,ATM,debit,20000,Other bank ATM,,ATM withdrawal,successful,yes,,no,,,,ENT498621000459,2200
TXN-001419,CUS-0117,9925219607,2026-08-24 22:06,TRANSFER,debit,20000,Chioma N***i,Quick Fictional Bank,Transfer,successful,yes,yes,,,,,ENT253605075285,330000
TXN-005880,CUS-0476,9990474627,2026-08-24 22:20,TRANSFER,debit,35000,Adaeze O****r,Demo Microfinance Bank,Transfer,successful,yes,yes,,,,,ENT582529079347,2760300
TXN-004516,CUS-0366,9961438798,2026-08-24 22:37,ATM,debit,10000,ENTIN ATM,,ATM withdrawal,successful,yes,,yes,,,,ENT529464327869,143800
TXN-003009,CUS-0242,9902208747,2026-08-24 22:48,ATM,debit,10000,Other bank ATM,,ATM withdrawal,successful,yes,,no,,,,ENT321679801010,3040600
TXN-001062,CUS-0088,9912668692,2026-08-24 23:40,POS,debit,3500,Filling Station (fictional),,POS purchase,successful,yes,,,,,,ENT876747677976,24500
TXN-001960,CUS-0160,9945997181,2026-08-25 00:00,POS,debit,3500,Bolt-like Rides (fictional),,POS purchase,successful,yes,,,,,,ENT219797019726,424000
TXN-005251,CUS-0426,9934548587,2026-08-25 00:01,TRANSFER,debit,50000,Sani O*******i,Fictional Trust Bank,Transfer,successful,yes,yes,,,,,ENT598327318206,350000
TXN-000669,CUS-0055,9915202994,2026-08-25 00:21,USSD,debit,5000,Airtime (fictional network),,Airtime purchase,successful,yes,,,,,,ENT768439157196,1023500
TXN-001065,CUS-0088,9912668692,2026-08-25 00:43,POS,debit,1500,Filling Station (fictional),,POS purchase,successful,yes,,,,,,ENT510567920547,23000
TXN-000353,CUS-0030,9925996775,2026-08-25 00:58,WEB,debit,15000,StreamFlix (fictional),,Online card payment,successful,yes,,,,,,ENT130426082265,37000
TXN-002782,CUS-0225,9910257598,2026-08-25 01:01,POS,debit,12500,Bolt-like Rides (fictional),,POS purchase,successful,yes,,,,,,ENT869294385455,972500
TXN-002471,CUS-0201,9915856052,2026-08-25 01:18,TRANSFER,debit,10000,Idara O*****o,Fictional Trust Bank,Transfer,successful,yes,yes,,,,,ENT459704631323,1117000
TXN-005432,CUS-0440,9953918603,2026-08-25 01:20,POS,debit,45000,Filling Station (fictional),,POS purchase,successful,yes,,,,,,ENT583319695318,406600
TXN-000803,CUS-0067,9964668631,2026-08-25 01:23,POS,debit,1500,Mama Put Kitchen,,POS purchase,successful,yes,,,,,,ENT953001339842,687500
TXN-001956,CUS-0160,9945997181,2026-08-25 02:04,TRANSFER,debit,50000,Aminu B****e,Sample Savings Bank,Transfer,successful,yes,yes,,,,,ENT128069186933,374000
TXN-002300,CUS-0187,9956885470,2026-08-25 02:04,POS,debit,3500,Market Stall POS,,POS purchase,successful,yes,,,,,,ENT589640416213,2571000
TXN-003545,CUS-0286,9930900140,2026-08-25 02:53,ATM,debit,20000,Other bank ATM,,ATM withdrawal,successful,yes,,no,,,,ENT685190254312,2582000
TXN-000842,CUS-0070,9980801000,2026-08-25 02:55,TRANSFER,debit,10000,Usman O******n,Placeholder Bank,Transfer,successful,yes,yes,,,,,ENT990642928983,639500
TXN-004653,CUS-0377,9956948792,2026-08-25 02:58,USSD,debit,1000,Airtime (fictional network),,Airtime purchase,successful,yes,,,,,,ENT739711820349,272000
TXN-003886,CUS-0315,9960596727,2026-08-25 02:59,POS,debit,45000,Market Stall POS,,POS purchase,successful,yes,,,,,,ENT225228413644,961000
TXN-000567,CUS-0047,9969585190,2026-08-25 03:05,ATM,debit,20000,ENTIN ATM,,ATM withdrawal,successful,yes,,yes,,,,ENT746732908224,100000
TXN-002795,CUS-0226,9909301930,2026-08-25 03:06,POS,debit,12500,Pharmacy Plus (fictional),,POS purchase,successful,yes,,,,,,ENT757868846315,218400
TXN-003777,CUS-0306,9912755790,2026-08-25 03:22,POS,debit,3500,ShopRite-like Store (fictional),,POS purchase,successful,yes,,,,,,ENT993336766497,203500
TXN-005410,CUS-0438,9912614443,2026-08-25 03:39,POS,debit,45000,Lekki Luxury Stores,,POS purchase,successful,yes,,,,,,ENT991705123589,2813200
TXN-001867,CUS-0153,9979262701,2026-08-25 03:43,POS,debit,1500,Market Stall POS,,POS purchase,successful,yes,,,,,,ENT932565101965,287500
TXN-000298,CUS-0025,9948452630,2026-08-25 04:12,ATM,debit,40000,ENTIN ATM,,ATM withdrawal,successful,yes,,yes,,,,ENT329173562440,422200
TXN-001354,CUS-0111,9960169676,2026-08-25 04:16,WEB,debit,9900,Bolt-like Rides (fictional),,Online card payment,successful,yes,,,,,,ENT589444434208,255600
TXN-006178,CUS-0499,9952647161,2026-08-25 04:19,WEB,debit,9900,QuickBuy Online (fictional),,Online card payment,successful,yes,,,,,,ENT244229569164,96100
TXN-004056,CUS-0329,9953759147,2026-08-25 04:20,POS,debit,45000,Market Stall POS,,POS purchase,successful,yes,,,,,,ENT929410075666,101000
TXN-000864,CUS-0072,9904030042,2026-08-25 04:24,TRANSFER,debit,20000,Abubakar O*******i,Sample Savings Bank,Transfer,successful,yes,yes,,,,,ENT123727611389,2633500
TXN-000345,CUS-0029,9914497660,2026-08-25 04:40,TRANSFER,debit,50000,Ogechi N***u,Fictional Trust Bank,Transfer,successful,yes,yes,,,,,ENT589200267129,845000
TXN-001572,CUS-0129,9901919652,2026-08-25 04:45,USSD,debit,5000,Airtime (fictional network),,Airtime purchase,successful,yes,,,,,,ENT851668821126,161500
TXN-002108,CUS-0172,9933836620,2026-08-25 04:47,TRANSFER,debit,50000,Nkechi D*****a,Placeholder Bank,Transfer,successful,yes,yes,,,,,ENT116816200159,857900
TXN-002160,CUS-0176,9948340783,2026-08-25 05:00,ATM,debit,40000,ENTIN ATM,,ATM withdrawal,successful,yes,,yes,,,,ENT669306148064,154500
TXN-002706,CUS-0219,9930963627,2026-08-25 05:06,ATM,debit,20000,ENTIN ATM,,ATM withdrawal,successful,yes,,yes,,,,ENT516447636766,4200
TXN-001698,CUS-0139,9928539598,2026-08-25 05:24,POS,debit,1500,QuickBuy Online (fictional),,POS purchase,successful,yes,,,,,,ENT360689088562,2832200
TXN-002960,CUS-0239,9963646907,2026-08-25 05:54,USSD,debit,1000,Airtime (fictional network),,Airtime purchase,successful,yes,,,,,,ENT797737413860,390500
TXN-002842,CUS-0230,9946252003,2026-08-25 05:57,TRANSFER,debit,100000,Abubakar A*****o,Quick Fictional Bank,Transfer,successful,yes,yes,,,,,ENT630059020624,237500
TXN-001868,CUS-0153,9979262701,2026-08-25 06:21,POS,debit,45000,Filling Station (fictional),,POS purchase,successful,yes,,,,,,ENT796078172569,242500
TXN-002061,CUS-0168,9989354914,2026-08-25 06:24,POS,debit,3500,Bolt-like Rides (fictional),,POS purchase,successful,yes,,,,,,ENT550203239388,2628700
TXN-001781,CUS-0146,9915789794,2026-08-25 06:25,WEB,debit,15000,Lekki Luxury Stores,,Online card payment,successful,yes,,,,,,ENT493701879309,286000
TXN-004971,CUS-0402,9957851156,2026-08-25 06:30,ATM,debit,20000,Other bank ATM,,ATM withdrawal,successful,yes,,no,,,,ENT695098893188,487500
TXN-004211,CUS-0342,9945277907,2026-08-25 06:47,POS,debit,1500,Bolt-like Rides (fictional),,POS purchase,successful,yes,,,,,,ENT877938361646,884500
TXN-003286,CUS-0265,9913982658,2026-08-25 07:24,TRANSFER,debit,100000,Dayo O*****o,Placeholder Bank,Transfer,successful,yes,yes,,,,,ENT195069135604,378500
TXN-001858,CUS-0152,9950934230,2026-08-25 07:40,ATM,debit,10000,ENTIN ATM,,ATM withdrawal,successful,yes,,yes,,,,ENT273658809309,493500
TXN-003920,CUS-0318,9973536623,2026-08-25 07:47,POS,debit,1500,Pharmacy Plus (fictional),,POS purchase,successful,yes,,,,,,ENT966076332333,931500
TXN-004815,CUS-0390,9910397222,2026-08-25 08:28,TRANSFER,debit,100000,Tope F*****a,Placeholder Bank,Transfer,successful,yes,yes,,,,,ENT294585187050,360000
TXN-000175,CUS-0015,9984133017,2026-08-25 08:47,TRANSFER,debit,20000,Chinedu O******n,Sample Savings Bank,Transfer,successful,yes,yes,,,,,ENT551307554441,2605500
TXN-004404,CUS-0357,9982452077,2026-08-25 08:58,TRANSFER,debit,20000,Ikenna I**e,Fictional Trust Bank,Transfer,successful,yes,yes,,,,,ENT563564778180,446200
TXN-005250,CUS-0426,9934548587,2026-08-25 09:13,POS,debit,3500,Mama Put Kitchen,,POS purchase,successful,yes,,,,,,ENT335572727402,346500
TXN-001506,CUS-0123,9961205593,2026-08-25 09:40,ATM,debit,10000,Other bank ATM,,ATM withdrawal,successful,yes,,no,,,,ENT654456994024,170000
TXN-001851,CUS-0152,9950934230,2026-08-25 09:45,POS,debit,3500,Pharmacy Plus (fictional),,POS purchase,successful,yes,,,,,,ENT265538733297,490000
TXN-001896,CUS-0155,9924565054,2026-08-25 09:49,TRANSFER,debit,35000,Folake O*******i,Fictional Trust Bank,Transfer,successful,yes,yes,,,,,ENT615081784107,465100
TXN-006015,CUS-0486,9956936295,2026-08-25 09:53,POS,debit,22000,ShopRite-like Store (fictional),,POS purchase,successful,yes,,,,,,ENT746451878538,581000
TXN-003657,CUS-0296,9904810740,2026-08-25 09:58,USSD,debit,5000,Airtime (fictional network),,Airtime purchase,successful,yes,,,,,,ENT170530412864,124000
TXN-005613,CUS-0455,9902792166,2026-08-25 09:58,WEB,debit,15000,QuickBuy Online (fictional),,Online card payment,successful,yes,,,,,,ENT886190198207,685500
TXN-000319,CUS-0027,9935795111,2026-08-25 11:00,TRANSFER,debit,10000,Usman S***u,Quick Fictional Bank,Transfer,successful,yes,yes,,,,,ENT387954817624,1004100
TXN-003181,CUS-0256,9912443952,2026-08-25 11:02,ATM,debit,40000,ENTIN ATM,,ATM withdrawal,successful,yes,,yes,,,,ENT602401774730,1330500
TXN-005786,CUS-0468,9916264223,2026-08-25 11:25,USSD,debit,1000,Airtime (fictional network),,Airtime purchase,successful,yes,,,,,,ENT444354414916,1123500
TXN-001019,CUS-0085,9920987695,2026-08-25 11:34,TRANSFER,debit,100000,Hauwa G***a,Demo Microfinance Bank,Transfer,successful,yes,yes,,,,,ENT362352251386,842200
TXN-001526,CUS-0125,9939285100,2026-08-25 11:38,POS,debit,12500,QuickBuy Online (fictional),,POS purchase,successful,yes,,,,,,ENT737658275952,925000
TXN-003373,CUS-0272,9940071152,2026-08-25 12:15,TRANSFER,debit,20000,Obinna Y***f,Fictional Trust Bank,Transfer,successful,yes,yes,,,,,ENT821958336326,497200
TXN-005397,CUS-0437,9935652556,2026-08-25 12:26,USSD,debit,5000,Airtime (fictional network),,Airtime purchase,successful,yes,,,,,,ENT272230576215,721200
TXN-005686,CUS-0460,9955245029,2026-08-25 12:41,POS,debit,1500,Market Stall POS,,POS purchase,successful,yes,,,,,,ENT956213522282,481200
TXN-004592,CUS-0373,9932052387,2026-08-25 12:43,USSD,debit,500,Airtime (fictional network),,Airtime purchase,successful,yes,,,,,,ENT140842219397,360700
TXN-002994,CUS-0241,9968320519,2026-08-25 12:44,POS,debit,3500,Pharmacy Plus (fictional),,POS purchase,successful,yes,,,,,,ENT134201751032,272000
TXN-001366,CUS-0112,9942365966,2026-08-25 12:47,ATM,debit,10000,Other bank ATM,,ATM withdrawal,successful,yes,,no,,,,ENT300332512033,227500
TXN-002292,CUS-0187,9956885470,2026-08-25 13:07,POS,debit,3500,ShopRite-like Store (fictional),,POS purchase,successful,yes,,,,,,ENT134649340375,2567500
TXN-000678,CUS-0056,9998286408,2026-08-25 13:50,POS,debit,12500,Filling Station (fictional),,POS purchase,successful,yes,,,,,,ENT961595557987,712500
TXN-002473,CUS-0201,9915856052,2026-08-25 13:55,POS,debit,1500,ShopRite-like Store (fictional),,POS purchase,successful,yes,,,,,,ENT297504798753,1115500
TXN-003490,CUS-0282,9946306844,2026-08-25 13:58,POS,debit,45000,ShopRite-like Store (fictional),,POS purchase,successful,yes,,,,,,ENT356146544240,1412300
TXN-001575,CUS-0129,9901919652,2026-08-25 14:17,ATM,debit,40000,ENTIN ATM,,ATM withdrawal,successful,yes,,yes,,,,ENT179385175824,121500
TXN-003674,CUS-0297,9929017205,2026-08-25 14:26,WEB,debit,2500,QuickBuy Online (fictional),,Online card payment,successful,yes,,,,,,ENT908742409324,1020000
TXN-004977,CUS-0403,9978555237,2026-08-25 14:58,USSD,debit,1000,Airtime (fictional network),,Airtime purchase,successful,yes,,,,,,ENT364698808174,2684000
TXN-005157,CUS-0418,9975201362,2026-08-25 15:11,ATM,debit,20000,ENTIN ATM,,ATM withdrawal,successful,yes,,yes,,,,ENT767915160132,2916300
TXN-005503,CUS-0446,9965552641,2026-08-25 15:34,POS,debit,12500,Mama Put Kitchen,,POS purchase,successful,yes,,,,,,ENT351203850214,499000
TXN-001823,CUS-0149,9932706983,2026-08-25 15:37,TRANSFER,debit,100000,Obinna C****u,Demo Microfinance Bank,Transfer,successful,yes,yes,,,,,ENT402492563681,103500
TXN-000441,CUS-0037,9980700159,2026-08-25 15:48,USSD,debit,500,Airtime (fictional network),,Airtime purchase,successful,yes,,,,,,ENT866231715243,1028000
TXN-001036,CUS-0086,9907016929,2026-08-25 16:04,POS,debit,45000,Pharmacy Plus (fictional),,POS purchase,successful,yes,,,,,,ENT363652511934,195000
TXN-001789,CUS-0147,9900546598,2026-08-25 16:09,ATM,debit,10000,ENTIN ATM,,ATM withdrawal,successful,yes,,yes,,,,ENT541565587656,976700
TXN-002659,CUS-0216,9903471072,2026-08-25 16:14,USSD,debit,500,Airtime (fictional network),,Airtime purchase,successful,yes,,,,,,ENT914805829082,2615000
TXN-006010,CUS-0486,9956936295,2026-08-25 16:17,POS,debit,3500,ShopRite-like Store (fictional),,POS purchase,successful,yes,,,,,,ENT959319340267,577500
TXN-001004,CUS-0083,9950496570,2026-08-25 16:27,TRANSFER,debit,35000,Ebere G***a,Demo Microfinance Bank,Transfer,successful,yes,yes,,,,,ENT832085805419,105500
TXN-003111,CUS-0251,9972251933,2026-08-25 17:00,POS,debit,3500,Lekki Luxury Stores,,POS purchase,successful,yes,,,,,,ENT417933818519,119500
TXN-005201,CUS-0421,9917263678,2026-08-25 17:01,USSD,debit,500,Airtime (fictional network),,Airtime purchase,successful,yes,,,,,,ENT142338511319,113000
TXN-002149,CUS-0175,9903136249,2026-08-25 17:22,POS,debit,45000,Filling Station (fictional),,POS purchase,successful,yes,,,,,,ENT938836252632,221000
TXN-001556,CUS-0127,9911211684,2026-08-25 17:23,TRANSFER,debit,100000,Emeka E**m,Demo Microfinance Bank,Transfer,successful,yes,yes,,,,,ENT123570133553,450000
TXN-005932,CUS-0480,9952051483,2026-08-25 17:27,POS,debit,7800,Pharmacy Plus (fictional),,POS purchase,successful,yes,,,,,,ENT890918455073,3112400
TXN-005981,CUS-0484,9979764044,2026-08-25 18:37,WEB,debit,15000,Bolt-like Rides (fictional),,Online card payment,successful,yes,,,,,,ENT652977839001,310500
TXN-005289,CUS-0429,9962754614,2026-08-25 18:42,ATM,debit,40000,ENTIN ATM,,ATM withdrawal,successful,yes,,yes,,,,ENT123175638601,947600
TXN-002462,CUS-0200,9967769593,2026-08-25 18:43,ATM,debit,10000,Other bank ATM,,ATM withdrawal,successful,yes,,no,,,,ENT152614034127,2570500
TXN-001971,CUS-0161,9950062013,2026-08-25 19:11,POS,debit,1500,QuickBuy Online (fictional),,POS purchase,successful,yes,,,,,,ENT966125081543,2383500
TXN-002919,CUS-0236,9941663809,2026-08-25 19:20,TRANSFER,debit,50000,Ngozi S***u,Sample Savings Bank,Transfer,successful,yes,yes,,,,,ENT347349552247,970200
TXN-003409,CUS-0275,9916289439,2026-08-25 19:39,POS,debit,45000,ShopRite-like Store (fictional),,POS purchase,successful,yes,,,,,,ENT163379406669,153500
TXN-000903,CUS-0075,9926436628,2026-08-25 19:40,WEB,debit,15000,Bolt-like Rides (fictional),,Online card payment,successful,yes,,,,,,ENT677176147630,111000
TXN-002441,CUS-0199,9916644726,2026-08-25 19:45,USSD,debit,2000,Airtime (fictional network),,Airtime purchase,successful,yes,,,,,,ENT175750202607,369500
TXN-004884,CUS-0396,9979503876,2026-08-25 19:50,POS,debit,22000,ShopRite-like Store (fictional),,POS purchase,successful,yes,,,,,,ENT158265464751,328000
TXN-000624,CUS-0051,9985846388,2026-08-25 19:58,USSD,debit,5000,Airtime (fictional network),,Airtime purchase,successful,yes,,,,,,ENT254367886910,2530100
TXN-004029,CUS-0327,9985785371,2026-08-25 20:03,POS,debit,1500,StreamFlix (fictional),,POS purchase,successful,yes,,,,,,ENT719602525959,677000
TXN-000560,CUS-0046,9968179223,2026-08-25 20:20,ATM,debit,40000,Other bank ATM,,ATM withdrawal,successful,yes,,no,,,,ENT558568571567,793700
TXN-002316,CUS-0189,9908672820,2026-08-25 20:23,WEB,debit,2500,QuickBuy Online (fictional),,Online card payment,successful,yes,,,,,,ENT321486843620,222200
TXN-003391,CUS-0274,9955297955,2026-08-25 20:33,USSD,debit,500,Airtime (fictional network),,Airtime purchase,successful,yes,,,,,,ENT713907886316,80200
TXN-002174,CUS-0177,9940024094,2026-08-25 20:51,POS,debit,22000,Bolt-like Rides (fictional),,POS purchase,successful,yes,,,,,,ENT439875498962,439500
TXN-002185,CUS-0178,9914176590,2026-08-25 20:58,USSD,debit,500,Airtime (fictional network),,Airtime purchase,successful,yes,,,,,,ENT114158021239,282200
TXN-002578,CUS-0209,9986925245,2026-08-25 21:06,USSD,debit,1000,Airtime (fictional network),,Airtime purchase,successful,yes,,,,,,ENT550683354254,333500
TXN-003585,CUS-0290,9927406438,2026-08-25 21:09,ATM,debit,20000,ENTIN ATM,,ATM withdrawal,successful,yes,,yes,,,,ENT773576304786,669400
TXN-001783,CUS-0146,9915789794,2026-08-25 21:38,ATM,debit,40000,ENTIN ATM,,ATM withdrawal,successful,yes,,yes,,,,ENT940062236548,246000
TXN-005253,CUS-0426,9934548587,2026-08-25 22:02,ATM,debit,40000,Other bank ATM,,ATM withdrawal,successful,yes,,no,,,,ENT962942085616,306500
TXN-000713,CUS-0059,9990421631,2026-08-25 22:05,POS,debit,12500,QuickBuy Online (fictional),,POS purchase,successful,yes,,,,,,ENT669665244067,762500
TXN-001843,CUS-0151,9923911317,2026-08-25 22:12,TRANSFER,debit,10000,Ibrahim M**a,Sample Savings Bank,Transfer,successful,yes,yes,,,,,ENT666633657888,944500
TXN-003275,CUS-0264,9910453125,2026-08-25 22:34,ATM,debit,10000,ENTIN ATM,,ATM withdrawal,successful,yes,,yes,,,,ENT357097380131,77500
TXN-003651,CUS-0295,9991259758,2026-08-25 22:49,TRANSFER,debit,35000,Mercy S***u,Placeholder Bank,Transfer,successful,yes,yes,,,,,ENT542844616216,437000
TXN-006038,CUS-0489,9904477391,2026-08-25 22:52,POS,debit,7800,Mama Put Kitchen,,POS purchase,successful,yes,,,,,,ENT822417265544,67200
TXN-004700,CUS-0381,9967998836,2026-08-25 22:57,POS,debit,7800,Filling Station (fictional),,POS purchase,successful,yes,,,,,,ENT543048933774,181300
TXN-000794,CUS-0066,9915141363,2026-08-25 23:01,POS,debit,3500,Bolt-like Rides (fictional),,POS purchase,successful,yes,,,,,,ENT548936958757,2610200
TXN-005227,CUS-0424,9968184455,2026-08-25 23:14,TRANSFER,debit,50000,Uche O******e,Placeholder Bank,Transfer,successful,yes,yes,,,,,ENT695594857038,11600
TXN-002719,CUS-0220,9986070448,2026-08-25 23:28,ATM,debit,20000,ENTIN ATM,,ATM withdrawal,successful,yes,,yes,,,,ENT337881241063,295600
TXN-001568,CUS-0128,9943949119,2026-08-25 23:40,TRANSFER,debit,5000,Patience E**t,Sample Savings Bank,Transfer,successful,yes,yes,,,,,ENT761528096287,172000
TXN-002014,CUS-0164,9963544644,2026-08-25 23:49,ATM,debit,10000,ENTIN ATM,,ATM withdrawal,successful,yes,,yes,,,,ENT932549485940,930400
TXN-000779,CUS-0064,9901461338,2026-08-26 00:02,USSD,debit,2000,Airtime (fictional network),,Airtime purchase,successful,yes,,,,,,ENT106446997455,510000
TXN-004942,CUS-0400,9927020003,2026-08-26 00:04,POS,debit,1500,Filling Station (fictional),,POS purchase,successful,yes,,,,,,ENT860511022675,343500
TXN-000470,CUS-0039,9960824456,2026-08-26 00:07,WEB,debit,9900,Lekki Luxury Stores,,Online card payment,successful,yes,,,,,,ENT690781405062,213600
TXN-005171,CUS-0419,9947242692,2026-08-26 00:14,POS,debit,7800,Market Stall POS,,POS purchase,successful,yes,,,,,,ENT544118223724,785700
TXN-000550,CUS-0046,9968179223,2026-08-26 00:44,POS,debit,12500,QuickBuy Online (fictional),,POS purchase,successful,yes,,,,,,ENT444540302633,781200
TXN-005421,CUS-0439,9979594787,2026-08-26 00:52,ATM,debit,10000,ENTIN ATM,,ATM withdrawal,successful,yes,,yes,,,,ENT749863163174,439700
TXN-001673,CUS-0137,9965386482,2026-08-26 00:57,TRANSFER,debit,10000,Kemi O******i,Quick Fictional Bank,Transfer,successful,yes,yes,,,,,ENT154576116921,64500
TXN-004297,CUS-0349,9918348045,2026-08-26 01:54,TRANSFER,debit,10000,Ikenna O***e,Placeholder Bank,Transfer,successful,yes,yes,,,,,ENT739096064398,435500
TXN-002922,CUS-0236,9941663809,2026-08-26 02:07,USSD,debit,1000,Airtime (fictional network),,Airtime purchase,successful,yes,,,,,,ENT485079947339,969200
TXN-005033,CUS-0408,9988225489,2026-08-26 02:39,POS,debit,7800,Pharmacy Plus (fictional),,POS purchase,successful,yes,,,,,,ENT440840609697,407200
TXN-004008,CUS-0325,9991958539,2026-08-26 02:50,TRANSFER,debit,50000,Usman B***o,Demo Microfinance Bank,Transfer,successful,yes,yes,,,,,ENT936311085252,699000
TXN-003940,CUS-0320,9939671395,2026-08-26 03:10,TRANSFER,debit,50000,Kemi A*******i,Fictional Trust Bank,Transfer,successful,yes,yes,,,,,ENT931441526820,258900
TXN-001474,CUS-0121,9910108102,2026-08-26 03:16,ATM,debit,10000,ENTIN ATM,,ATM withdrawal,successful,yes,,yes,,,,ENT707125093117,911000
TXN-004284,CUS-0348,9968101700,2026-08-26 03:35,USSD,debit,2000,Airtime (fictional network),,Airtime purchase,successful,yes,,,,,,ENT816452892163,1499000
TXN-004248,CUS-0345,9954456726,2026-08-26 03:47,TRANSFER,debit,5000,Funke C****u,Sample Savings Bank,Transfer,successful,yes,yes,,,,,ENT260956408433,186600
TXN-002264,CUS-0184,9912799315,2026-08-26 04:04,TRANSFER,debit,35000,Gerald S**e,Demo Microfinance Bank,Transfer,successful,yes,yes,,,,,ENT486288969033,1158600
TXN-002951,CUS-0238,9937467651,2026-08-26 04:27,POS,debit,45000,StreamFlix (fictional),,POS purchase,successful,yes,,,,,,ENT717188892578,175200
TXN-000954,CUS-0079,9971711243,2026-08-26 04:30,USSD,debit,500,Airtime (fictional network),,Airtime purchase,successful,yes,,,,,,ENT264248921599,911000
TXN-004888,CUS-0396,9979503876,2026-08-26 04:32,ATM,debit,20000,Other bank ATM,,ATM withdrawal,successful,yes,,no,,,,ENT225849345174,308000
TXN-004336,CUS-0352,9911574849,2026-08-26 05:11,TRANSFER,debit,5000,Ese O*i,Demo Microfinance Bank,Transfer,successful,yes,yes,,,,,ENT951269992623,685000
TXN-001683,CUS-0138,9902372961,2026-08-26 05:34,USSD,debit,2000,Airtime (fictional network),,Airtime purchase,successful,yes,,,,,,ENT908225704054,906000
TXN-004928,CUS-0399,9942983565,2026-08-26 05:37,USSD,debit,5000,Airtime (fictional network),,Airtime purchase,successful,yes,,,,,,ENT736847997611,466500
TXN-000984,CUS-0082,9942764129,2026-08-26 06:12,USSD,debit,2000,Airtime (fictional network),,Airtime purchase,successful,yes,,,,,,ENT131813180766,482500
TXN-001209,CUS-0100,9919172290,2026-08-26 06:14,TRANSFER,debit,20000,Funke S***u,Sample Savings Bank,Transfer,successful,yes,yes,,,,,ENT717680656127,2369700
TXN-003464,CUS-0280,9952498676,2026-08-26 06:30,ATM,debit,40000,Other bank ATM,,ATM withdrawal,successful,yes,,no,,,,ENT502419778723,647300
TXN-001728,CUS-0142,9986367800,2026-08-26 06:47,POS,debit,3500,QuickBuy Online (fictional),,POS purchase,successful,yes,,,,,,ENT177413382165,966500
TXN-000833,CUS-0069,9935953494,2026-08-26 06:48,POS,debit,7800,QuickBuy Online (fictional),,POS purchase,successful,yes,,,,,,ENT805708966290,1507200
TXN-003967,CUS-0322,9949912955,2026-08-26 07:06,ATM,debit,10000,Other bank ATM,,ATM withdrawal,successful,yes,,no,,,,ENT672297854249,2493700
TXN-005341,CUS-0433,9973633995,2026-08-26 07:06,USSD,debit,2000,Airtime (fictional network),,Airtime purchase,successful,yes,,,,,,ENT236091784125,908000
TXN-005019,CUS-0407,9927834375,2026-08-26 07:20,TRANSFER,debit,50000,Yusuf O******i,Sample Savings Bank,Transfer,successful,yes,yes,,,,,ENT225716830523,417500
TXN-000877,CUS-0073,9929770579,2026-08-26 07:48,POS,debit,7800,Lekki Luxury Stores,,POS purchase,successful,yes,,,,,,ENT480349137254,984700
TXN-003420,CUS-0276,9997590170,2026-08-26 08:23,USSD,debit,500,Airtime (fictional network),,Airtime purchase,successful,yes,,,,,,ENT238620467416,114500
TXN-003052,CUS-0246,9985384634,2026-08-26 08:34,POS,debit,3500,Mama Put Kitchen,,POS purchase,successful,yes,,,,,,ENT963312117506,2523800
TXN-002547,CUS-0207,9954079211,2026-08-26 08:37,POS,debit,45000,Lekki Luxury Stores,,POS purchase,successful,yes,,,,,,ENT479491083677,392200
TXN-001161,CUS-0096,9991804418,2026-08-26 09:16,USSD,debit,500,Airtime (fictional network),,Airtime purchase,successful,yes,,,,,,ENT693894307224,477000
TXN-002393,CUS-0195,9911125736,2026-08-26 09:16,POS,debit,7800,Bolt-like Rides (fictional),,POS purchase,successful,yes,,,,,,ENT988721765531,2434700
TXN-004424,CUS-0359,9954494020,2026-08-26 09:20,USSD,debit,5000,Airtime (fictional network),,Airtime purchase,successful,yes,,,,,,ENT413321969607,940000
TXN-003306,CUS-0267,9975140396,2026-08-26 09:49,POS,debit,7800,Market Stall POS,,POS purchase,successful,yes,,,,,,ENT404999432641,158000
TXN-005641,CUS-0457,9951470242,2026-08-26 10:00,POS,debit,22000,Mama Put Kitchen,,POS purchase,successful,yes,,,,,,ENT917313519446,55000
TXN-002182,CUS-0178,9914176590,2026-08-26 10:23,POS,debit,7800,StreamFlix (fictional),,POS purchase,successful,yes,,,,,,ENT564871188894,274400
TXN-006093,CUS-0493,9914772348,2026-08-26 10:37,POS,debit,7800,Mama Put Kitchen,,POS purchase,successful,yes,,,,,,ENT727253238362,580200
TXN-005921,CUS-0479,9976613626,2026-08-26 10:38,POS,debit,45000,QuickBuy Online (fictional),,POS purchase,successful,yes,,,,,,ENT769318779678,495000
TXN-000559,CUS-0046,9968179223,2026-08-26 10:58,USSD,debit,5000,Airtime (fictional network),,Airtime purchase,successful,yes,,,,,,ENT900367461761,776200
TXN-002340,CUS-0191,9904355683,2026-08-26 11:15,POS,debit,45000,QuickBuy Online (fictional),,POS purchase,successful,yes,,,,,,ENT217267563470,70200
TXN-002294,CUS-0187,9956885470,2026-08-26 11:23,ATM,debit,20000,ENTIN ATM,,ATM withdrawal,successful,yes,,yes,,,,ENT772452718545,2547500
TXN-001611,CUS-0132,9913900264,2026-08-26 11:25,USSD,debit,500,Airtime (fictional network),,Airtime purchase,successful,yes,,,,,,ENT915562224066,2532000
TXN-005661,CUS-0458,9904367085,2026-08-26 11:41,POS,debit,12500,QuickBuy Online (fictional),,POS purchase,successful,yes,,,,,,ENT209108837867,194400
TXN-005513,CUS-0447,9988158943,2026-08-26 11:49,USSD,debit,5000,Airtime (fictional network),,Airtime purchase,successful,yes,,,,,,ENT133385025117,127200
TXN-005061,CUS-0410,9922696173,2026-08-26 12:09,TRANSFER,debit,35000,Esther I*e,Quick Fictional Bank,Transfer,successful,yes,yes,,,,,ENT775125492495,12900
TXN-000479,CUS-0040,9954177588,2026-08-26 12:20,TRANSFER,debit,35000,Mercy O*****o,Sample Savings Bank,Transfer,successful,yes,yes,,,,,ENT921578698416,483000
TXN-000356,CUS-0030,9925996775,2026-08-26 13:33,TRANSFER,debit,20000,Ibrahim O******i,Placeholder Bank,Transfer,successful,yes,yes,,,,,ENT405692051546,17000
TXN-001263,CUS-0104,9910528659,2026-08-26 13:36,ATM,debit,40000,ENTIN ATM,,ATM withdrawal,successful,yes,,yes,,,,ENT550614217191,405500
TXN-002099,CUS-0171,9983851534,2026-08-26 13:39,POS,debit,7800,Bolt-like Rides (fictional),,POS purchase,successful,yes,,,,,,ENT763658851844,833700
TXN-001605,CUS-0131,9915379101,2026-08-26 14:07,WEB,debit,4500,StreamFlix (fictional),,Online card payment,successful,yes,,,,,,ENT785665903398,320300
TXN-006008,CUS-0486,9956936295,2026-08-26 14:49,USSD,debit,1000,Airtime (fictional network),,Airtime purchase,successful,yes,,,,,,ENT990171545591,576500
TXN-000158,CUS-0014,9922264686,2026-08-26 14:53,ATM,debit,40000,ENTIN ATM,,ATM withdrawal,successful,yes,,yes,,,,ENT110382570197,83700
TXN-004920,CUS-0398,9963495400,2026-08-26 15:03,ATM,debit,10000,Other bank ATM,,ATM withdrawal,successful,yes,,no,,,,ENT144854732348,240500
TXN-001022,CUS-0085,9920987695,2026-08-26 15:04,TRANSFER,debit,100000,Dayo N*******u,Demo Microfinance Bank,Transfer,successful,yes,yes,,,,,ENT596561403621,742200
TXN-003638,CUS-0294,9981044386,2026-08-26 15:21,USSD,debit,5000,Airtime (fictional network),,Airtime purchase,successful,yes,,,,,,ENT891080102662,2553000
TXN-001991,CUS-0163,9985476677,2026-08-26 15:28,ATM,debit,10000,ENTIN ATM,,ATM withdrawal,successful,yes,,yes,,,,ENT803318915643,175500
TXN-004873,CUS-0395,9969124143,2026-08-26 15:41,POS,debit,12500,Filling Station (fictional),,POS purchase,successful,yes,,,,,,ENT438523252158,45500
TXN-005168,CUS-0419,9947242692,2026-08-26 16:09,POS,debit,7800,ShopRite-like Store (fictional),,POS purchase,successful,yes,,,,,,ENT206100012038,777900
TXN-004870,CUS-0395,9969124143,2026-08-26 16:23,USSD,debit,5000,Airtime (fictional network),,Airtime purchase,successful,yes,,,,,,ENT713909937529,40500
TXN-000977,CUS-0081,9908238613,2026-08-26 16:28,ATM,debit,10000,Other bank ATM,,ATM withdrawal,successful,yes,,no,,,,ENT542794671245,2675000
TXN-001412,CUS-0116,9962245900,2026-08-26 16:31,TRANSFER,debit,35000,Kunle O*******i,Placeholder Bank,Transfer,successful,yes,yes,,,,,ENT462028373689,1000500
TXN-001755,CUS-0144,9986071964,2026-08-26 16:48,USSD,debit,500,Airtime (fictional network),,Airtime purchase,successful,yes,,,,,,ENT789624922979,187600
TXN-002577,CUS-0209,9986925245,2026-08-26 17:01,ATM,debit,10000,Other bank ATM,,ATM withdrawal,successful,yes,,no,,,,ENT485177893563,323500
TXN-002404,CUS-0196,9967074401,2026-08-26 17:04,POS,debit,45000,Filling Station (fictional),,POS purchase,successful,yes,,,,,,ENT850018994723,137500
TXN-002825,CUS-0229,9993322503,2026-08-26 17:08,ATM,debit,40000,Other bank ATM,,ATM withdrawal,successful,yes,,no,,,,ENT994403132917,469000
TXN-004966,CUS-0402,9957851156,2026-08-26 17:14,ATM,debit,20000,ENTIN ATM,,ATM withdrawal,successful,yes,,yes,,,,ENT654005709656,467500
TXN-004573,CUS-0371,9907694305,2026-08-26 17:16,TRANSFER,debit,10000,Ebere O*****o,Demo Microfinance Bank,Transfer,successful,yes,yes,,,,,ENT405933265318,496700
TXN-002398,CUS-0195,9911125736,2026-08-26 17:37,POS,debit,12500,Pharmacy Plus (fictional),,POS purchase,successful,yes,,,,,,ENT272950043011,2422200
TXN-001982,CUS-0162,9936876480,2026-08-26 17:42,POS,debit,7800,ShopRite-like Store (fictional),,POS purchase,successful,yes,,,,,,ENT738430021501,529400
TXN-004230,CUS-0344,9972087668,2026-08-26 17:45,TRANSFER,debit,10000,Ebere N***i,Placeholder Bank,Transfer,successful,yes,yes,,,,,ENT885955818520,131000
TXN-001551,CUS-0127,9911211684,2026-08-26 17:51,USSD,debit,5000,Airtime (fictional network),,Airtime purchase,successful,yes,,,,,,ENT931993663804,445000
TXN-003620,CUS-0293,9928185458,2026-08-26 18:06,USSD,debit,5000,Airtime (fictional network),,Airtime purchase,successful,yes,,,,,,ENT787339421472,559100
TXN-004410,CUS-0358,9954026859,2026-08-26 18:14,TRANSFER,debit,35000,Dayo O*****e,Demo Microfinance Bank,Transfer,successful,yes,yes,,,,,ENT315804734684,116700
TXN-001233,CUS-0102,9912452877,2026-08-26 18:15,USSD,debit,500,Airtime (fictional network),,Airtime purchase,successful,yes,,,,,,ENT143285574933,133500
TXN-004385,CUS-0356,9916389373,2026-08-26 18:21,TRANSFER,debit,5000,Chinedu O*****o,Sample Savings Bank,Transfer,successful,yes,yes,,,,,ENT398894865624,88700
TXN-003247,CUS-0262,9969055121,2026-08-26 18:35,POS,debit,1500,Mama Put Kitchen,,POS purchase,successful,yes,,,,,,ENT537288786353,394500
TXN-002225,CUS-0181,9983508472,2026-08-26 18:51,POS,debit,22000,Mama Put Kitchen,,POS purchase,successful,yes,,,,,,ENT582029548021,204200
TXN-000546,CUS-0045,9921430490,2026-08-26 19:27,POS,debit,22000,QuickBuy Online (fictional),,POS purchase,successful,yes,,,,,,ENT669230604365,3108000
TXN-005584,CUS-0452,9921145268,2026-08-26 19:29,TRANSFER,debit,20000,Adaeze O***o,Placeholder Bank,Transfer,successful,yes,yes,,,,,ENT545316550490,482200
TXN-000294,CUS-0024,9988281126,2026-08-26 19:37,WEB,debit,2500,QuickBuy Online (fictional),,Online card payment,successful,yes,,,,,,ENT478169874785,2512100
TXN-000930,CUS-0077,9956378276,2026-08-26 19:49,TRANSFER,debit,10000,Esther M**a,Sample Savings Bank,Transfer,successful,yes,yes,,,,,ENT852261387938,296000
TXN-004551,CUS-0369,9982914423,2026-08-26 19:57,ATM,debit,20000,Other bank ATM,,ATM withdrawal,successful,yes,,no,,,,ENT447432807884,474000
TXN-001859,CUS-0152,9950934230,2026-08-26 19:59,POS,debit,3500,Filling Station (fictional),,POS purchase,successful,yes,,,,,,ENT686016437396,486500
TXN-003986,CUS-0323,9954538030,2026-08-26 20:03,POS,debit,1500,Mama Put Kitchen,,POS purchase,successful,yes,,,,,,ENT796901188523,539100
TXN-003082,CUS-0248,9955864605,2026-08-26 20:05,ATM,debit,40000,ENTIN ATM,,ATM withdrawal,successful,yes,,yes,,,,ENT458725387333,429500
TXN-003864,CUS-0313,9946277869,2026-08-26 20:32,TRANSFER,debit,5000,Mercy U**r,Quick Fictional Bank,Transfer,successful,yes,yes,,,,,ENT575193488360,2346000
TXN-003150,CUS-0254,9910485144,2026-08-26 20:36,POS,debit,7800,Mama Put Kitchen,,POS purchase,successful,yes,,,,,,ENT985811527362,1413700
TXN-001759,CUS-0144,9986071964,2026-08-26 21:08,POS,debit,12500,Market Stall POS,,POS purchase,successful,yes,,,,,,ENT716388490508,175100
TXN-003831,CUS-0310,9928648156,2026-08-26 21:29,TRANSFER,debit,20000,Zainab M**a,Placeholder Bank,Transfer,successful,yes,yes,,,,,ENT333213948569,89500
TXN-005354,CUS-0434,9998934709,2026-08-26 21:59,WEB,debit,9900,Lekki Luxury Stores,,Online card payment,successful,yes,,,,,,ENT781101844731,367700
TXN-000844,CUS-0070,9980801000,2026-08-26 22:10,POS,debit,22000,Pharmacy Plus (fictional),,POS purchase,successful,yes,,,,,,ENT567626192063,617500
TXN-002219,CUS-0181,9983508472,2026-08-26 22:23,WEB,debit,9900,Bolt-like Rides (fictional),,Online card payment,successful,yes,,,,,,ENT394874953797,194300
TXN-000442,CUS-0037,9980700159,2026-08-26 22:30,POS,debit,1500,Mama Put Kitchen,,POS purchase,successful,yes,,,,,,ENT469066564686,1026500
TXN-005712,CUS-0463,9930718439,2026-08-26 22:33,USSD,debit,500,Airtime (fictional network),,Airtime purchase,successful,yes,,,,,,ENT198838027816,399500
TXN-000279,CUS-0023,9902145842,2026-08-26 22:36,POS,debit,7800,Mama Put Kitchen,,POS purchase,successful,yes,,,,,,ENT853439117351,38400
TXN-004293,CUS-0349,9918348045,2026-08-26 22:57,POS,debit,3500,Pharmacy Plus (fictional),,POS purchase,successful,yes,,,,,,ENT494433457070,432000
TXN-001170,CUS-0097,9961807567,2026-08-26 23:04,POS,debit,3500,Lekki Luxury Stores,,POS purchase,successful,yes,,,,,,ENT303855007284,2508700
TXN-003234,CUS-0261,9911168312,2026-08-26 23:09,WEB,debit,4500,Lekki Luxury Stores,,Online card payment,successful,yes,,,,,,ENT520336314862,902700
TXN-003334,CUS-0269,9936756441,2026-08-26 23:12,USSD,debit,1000,Airtime (fictional network),,Airtime purchase,successful,yes,,,,,,ENT805456272109,2822000
TXN-003271,CUS-0264,9910453125,2026-08-26 23:19,TRANSFER,debit,20000,Adaeze S***u,Placeholder Bank,Transfer,successful,yes,yes,,,,,ENT475222108717,57500
TXN-000313,CUS-0026,9905154382,2026-08-27 00:34,USSD,debit,500,Airtime (fictional network),,Airtime purchase,successful,yes,,,,,,ENT741226589161,226700
TXN-005875,CUS-0475,9942169114,2026-08-27 01:16,USSD,debit,500,Airtime (fictional network),,Airtime purchase,successful,yes,,,,,,ENT921966470985,228500
TXN-000796,CUS-0066,9915141363,2026-08-27 01:36,POS,debit,1500,Mama Put Kitchen,,POS purchase,successful,yes,,,,,,ENT341243041514,2608700
TXN-005374,CUS-0435,9996618422,2026-08-27 02:13,USSD,debit,1000,Airtime (fictional network),,Airtime purchase,successful,yes,,,,,,ENT942431560920,262000
TXN-001464,CUS-0120,9939956816,2026-08-27 02:24,WEB,debit,4500,Bolt-like Rides (fictional),,Online card payment,successful,yes,,,,,,ENT794315330663,1101700
TXN-002873,CUS-0232,9902084385,2026-08-27 02:48,USSD,debit,1000,Airtime (fictional network),,Airtime purchase,successful,yes,,,,,,ENT886684421983,925500
TXN-004287,CUS-0348,9968101700,2026-08-27 03:03,USSD,debit,2000,Airtime (fictional network),,Airtime purchase,successful,yes,,,,,,ENT691988732684,1497000
TXN-003948,CUS-0320,9939671395,2026-08-27 03:07,ATM,debit,10000,ENTIN ATM,,ATM withdrawal,successful,yes,,yes,,,,ENT779990384346,248900
TXN-004040,CUS-0328,9932477086,2026-08-27 03:19,USSD,debit,1000,Airtime (fictional network),,Airtime purchase,successful,yes,,,,,,ENT303314022068,2658700
TXN-000507,CUS-0042,9938560739,2026-08-27 03:21,TRANSFER,debit,20000,Titilayo O*****o,Fictional Trust Bank,Transfer,successful,yes,yes,,,,,ENT538490182974,2510500
TXN-003352,CUS-0270,9932642118,2026-08-27 03:32,POS,debit,12500,Pharmacy Plus (fictional),,POS purchase,successful,yes,,,,,,ENT302056456368,643000
TXN-000385,CUS-0032,9941968982,2026-08-27 03:35,ATM,debit,10000,Other bank ATM,,ATM withdrawal,successful,yes,,no,,,,ENT478193927404,2468800
TXN-001399,CUS-0115,9926627973,2026-08-27 03:40,POS,debit,7800,StreamFlix (fictional),,POS purchase,successful,yes,,,,,,ENT104297113646,1245200
TXN-003369,CUS-0272,9940071152,2026-08-27 04:46,USSD,debit,2000,Airtime (fictional network),,Airtime purchase,successful,yes,,,,,,ENT670760243250,495200
TXN-003842,CUS-0311,9977866026,2026-08-27 04:50,POS,debit,1500,Filling Station (fictional),,POS purchase,successful,yes,,,,,,ENT797198219435,294600
TXN-005973,CUS-0483,9956134913,2026-08-27 04:54,ATM,debit,20000,Other bank ATM,,ATM withdrawal,successful,yes,,no,,,,ENT167850778206,137000
TXN-005743,CUS-0465,9919915036,2026-08-27 05:01,ATM,debit,20000,Other bank ATM,,ATM withdrawal,successful,yes,,no,,,,ENT747870938756,1071200
TXN-004182,CUS-0340,9968650702,2026-08-27 05:04,POS,debit,1500,Filling Station (fictional),,POS purchase,successful,yes,,,,,,ENT629445610708,493200
TXN-001936,CUS-0158,9916441320,2026-08-27 05:08,USSD,debit,1000,Airtime (fictional network),,Airtime purchase,successful,yes,,,,,,ENT798487586847,1185000
TXN-003650,CUS-0295,9991259758,2026-08-27 05:16,POS,debit,12500,StreamFlix (fictional),,POS purchase,successful,yes,,,,,,ENT362744149254,424500
TXN-000251,CUS-0021,9964529128,2026-08-27 05:19,TRANSFER,debit,50000,Grace N***u,Fictional Trust Bank,Transfer,successful,yes,yes,,,,,ENT360266123862,71500
TXN-002962,CUS-0239,9963646907,2026-08-27 05:29,ATM,debit,40000,Other bank ATM,,ATM withdrawal,successful,yes,,no,,,,ENT491597068600,350500
TXN-000210,CUS-0018,9946450604,2026-08-27 05:32,WEB,debit,4500,StreamFlix (fictional),,Online card payment,successful,yes,,,,,,ENT202573752487,94500
TXN-003778,CUS-0306,9912755790,2026-08-27 06:21,WEB,debit,4500,Bolt-like Rides (fictional),,Online card payment,successful,yes,,,,,,ENT741334038257,199000
TXN-000591,CUS-0049,9996745219,2026-08-27 06:58,WEB,debit,4500,StreamFlix (fictional),,Online card payment,successful,yes,,,,,,ENT739532854003,1434500
TXN-005384,CUS-0436,9957764503,2026-08-27 06:58,POS,debit,12500,Pharmacy Plus (fictional),,POS purchase,successful,yes,,,,,,ENT508518818827,1223400
TXN-005706,CUS-0462,9959698980,2026-08-27 07:00,ATM,debit,10000,ENTIN ATM,,ATM withdrawal,successful,yes,,yes,,,,ENT904596454470,489500
TXN-002394,CUS-0195,9911125736,2026-08-27 07:22,TRANSFER,debit,35000,Obinna B****y,Sample Savings Bank,Transfer,successful,yes,yes,,,,,ENT503154406243,2387200
TXN-000241,CUS-0020,9969256663,2026-08-27 07:40,POS,debit,3500,Lekki Luxury Stores,,POS purchase,successful,yes,,,,,,ENT298142984594,3068000
TXN-000475,CUS-0040,9954177588,2026-08-27 08:05,TRANSFER,debit,5000,Femi F*****a,Placeholder Bank,Transfer,successful,yes,yes,,,,,ENT842988659349,478000
TXN-003229,CUS-0260,9952562853,2026-08-27 08:06,ATM,debit,40000,ENTIN ATM,,ATM withdrawal,successful,yes,,yes,,,,ENT910957586247,165700
TXN-004160,CUS-0338,9965503781,2026-08-27 08:16,ATM,debit,10000,Other bank ATM,,ATM withdrawal,successful,yes,,no,,,,ENT696554894962,523100
TXN-000142,CUS-0012,9975177992,2026-08-27 08:40,USSD,debit,5000,Airtime (fictional network),,Airtime purchase,successful,yes,,,,,,ENT281987874928,2474700
TXN-000484,CUS-0041,9902520161,2026-08-27 09:00,TRANSFER,credit,400000,Placeholder Schools,Sample Savings Bank,Salary,successful,,yes,,,,,ENT452824897949,1593200
TXN-001787,CUS-0147,9900546598,2026-08-27 09:00,TRANSFER,credit,650000,Mock Logistics Ltd,Quick Fictional Bank,Salary,successful,,yes,,,,,ENT448067544064,1626700
TXN-001954,CUS-0160,9945997181,2026-08-27 09:00,TRANSFER,credit,85000,Mock Logistics Ltd,Demo Microfinance Bank,Salary,successful,,yes,,,,,ENT604940549964,459000
TXN-002403,CUS-0196,9967074401,2026-08-27 09:00,TRANSFER,credit,180000,Mock Logistics Ltd,Sample Savings Bank,Salary,successful,,yes,,,,,ENT592498592708,317500
TXN-003937,CUS-0320,9939671395,2026-08-27 09:00,TRANSFER,credit,250000,Fictional State Ministry,Sample Savings Bank,Salary,successful,,yes,,,,,ENT632257999037,498900
TXN-003952,CUS-0321,9964528363,2026-08-27 09:00,TRANSFER,credit,120000,Placeholder Schools,Placeholder Bank,Salary,successful,,yes,,,,,ENT289041771690,611500
TXN-004091,CUS-0333,9934134297,2026-08-27 09:00,TRANSFER,credit,85000,Demo Oil Services Ltd,Demo Microfinance Bank,Salary,successful,,yes,,,,,ENT460360098122,272500
TXN-005416,CUS-0439,9979594787,2026-08-27 09:00,TRANSFER,credit,400000,Fictional State Ministry,Quick Fictional Bank,Salary,successful,,yes,,,,,ENT565831892412,839700
TXN-006078,CUS-0492,9909587010,2026-08-27 09:00,TRANSFER,credit,650000,Sample Tech Hub,Fictional Trust Bank,Salary,successful,,yes,,,,,ENT662931718528,2067700
TXN-002178,CUS-0178,9914176590,2026-08-27 09:01,TRANSFER,credit,180000,Sample Tech Hub,Demo Microfinance Bank,Salary,successful,,yes,,,,,ENT213658777271,454400
TXN-002683,CUS-0218,9910818187,2026-08-27 09:01,TRANSFER,credit,650000,Mock Logistics Ltd,Fictional Trust Bank,Salary,successful,,yes,,,,,ENT540148860876,1279500
TXN-003208,CUS-0259,9978482991,2026-08-27 09:01,TRANSFER,credit,180000,Placeholder Schools,Sample Savings Bank,Salary,successful,,yes,,,,,ENT159429048875,404500
TXN-000307,CUS-0026,9905154382,2026-08-27 09:02,TRANSFER,credit,250000,Fictional State Ministry,Demo Microfinance Bank,Salary,successful,,yes,,,,,ENT353040067075,476700
TXN-000549,CUS-0046,9968179223,2026-08-27 09:02,TRANSFER,credit,180000,Sample Tech Hub,Sample Savings Bank,Salary,successful,,yes,,,,,ENT953998372381,956200
TXN-001157,CUS-0096,9991804418,2026-08-27 09:02,TRANSFER,credit,120000,Demo Oil Services Ltd,Demo Microfinance Bank,Salary,successful,,yes,,,,,ENT979051418375,597000
TXN-001218,CUS-0101,9971745143,2026-08-27 09:02,TRANSFER,credit,120000,Mock Logistics Ltd,Fictional Trust Bank,Salary,successful,,yes,,,,,ENT570673362995,2612000
TXN-003186,CUS-0257,9903889054,2026-08-27 09:02,TRANSFER,credit,180000,Demo Oil Services Ltd,Sample Savings Bank,Salary,successful,,yes,,,,,ENT969324076184,1158200
TXN-003316,CUS-0268,9995728062,2026-08-27 09:02,TRANSFER,credit,400000,Fictional State Ministry,Fictional Trust Bank,Salary,successful,,yes,,,,,ENT879572099372,1107200
TXN-004045,CUS-0329,9953759147,2026-08-27 09:02,TRANSFER,credit,120000,Fictional State Ministry,Demo Microfinance Bank,Salary,successful,,yes,,,,,ENT764943932260,221000
TXN-004070,CUS-0331,9925736997,2026-08-27 09:02,TRANSFER,credit,85000,Placeholder Schools,Placeholder Bank,Salary,successful,,yes,,,,,ENT629585780533,235000
TXN-004353,CUS-0354,9973080669,2026-08-27 09:02,TRANSFER,credit,85000,Demo Oil Services Ltd,Sample Savings Bank,Salary,successful,,yes,,,,,ENT751180790636,232200
TXN-004590,CUS-0373,9932052387,2026-08-27 09:02,TRANSFER,credit,85000,Placeholder Schools,Sample Savings Bank,Salary,successful,,yes,,,,,ENT936315799129,445700
TXN-004848,CUS-0393,9978315160,2026-08-27 09:02,TRANSFER,credit,85000,Mock Logistics Ltd,Quick Fictional Bank,Salary,successful,,yes,,,,,ENT638802028254,102500
TXN-000065,CUS-0006,9988766344,2026-08-27 09:03,TRANSFER,credit,85000,Fictional State Ministry,Sample Savings Bank,Salary,successful,,yes,,,,,ENT651954140647,1029900
TXN-000207,CUS-0018,9946450604,2026-08-27 09:03,TRANSFER,credit,85000,Mock Logistics Ltd,Demo Microfinance Bank,Salary,successful,,yes,,,,,ENT477765522758,179500
TXN-001056,CUS-0088,9912668692,2026-08-27 09:03,TRANSFER,credit,120000,Placeholder Schools,Demo Microfinance Bank,Salary,successful,,yes,,,,,ENT500453375964,143000
TXN-001305,CUS-0108,9976125398,2026-08-27 09:03,TRANSFER,credit,120000,Sample Tech Hub,Placeholder Bank,Salary,successful,,yes,,,,,ENT153002600063,202000
TXN-001384,CUS-0114,9944317367,2026-08-27 09:03,TRANSFER,credit,180000,Demo Oil Services Ltd,Demo Microfinance Bank,Salary,successful,,yes,,,,,ENT662232967091,357000
TXN-001848,CUS-0152,9950934230,2026-08-27 09:03,TRANSFER,credit,250000,Placeholder Schools,Placeholder Bank,Salary,successful,,yes,,,,,ENT783141520024,736500
TXN-003668,CUS-0297,9929017205,2026-08-27 09:03,TRANSFER,credit,180000,Mock Logistics Ltd,Fictional Trust Bank,Salary,successful,,yes,,,,,ENT370733631341,1200000
TXN-004058,CUS-0330,9955477122,2026-08-27 09:03,TRANSFER,credit,180000,Placeholder Schools,Sample Savings Bank,Salary,successful,,yes,,,,,ENT338765335827,2788700
TXN-004213,CUS-0343,9922438945,2026-08-27 09:03,TRANSFER,credit,85000,Placeholder Schools,Fictional Trust Bank,Salary,successful,,yes,,,,,ENT539051188610,478000
TXN-004252,CUS-0346,9910643132,2026-08-27 09:03,TRANSFER,credit,400000,Demo Oil Services Ltd,Quick Fictional Bank,Salary,successful,,yes,,,,,ENT397130305119,746100
TXN-004430,CUS-0360,9950802361,2026-08-27 09:03,TRANSFER,credit,400000,Fictional State Ministry,Sample Savings Bank,Salary,successful,,yes,,,,,ENT440918225829,3262000
TXN-004564,CUS-0371,9907694305,2026-08-27 09:03,TRANSFER,credit,85000,Fictional State Ministry,Fictional Trust Bank,Salary,successful,,yes,,,,,ENT651499012682,581700
TXN-005261,CUS-0427,9914290139,2026-08-27 09:03,TRANSFER,credit,250000,Fictional State Ministry,Placeholder Bank,Salary,successful,,yes,,,,,ENT790218563564,838000
TXN-005474,CUS-0444,9984434096,2026-08-27 09:03,TRANSFER,credit,250000,Sample Tech Hub,Demo Microfinance Bank,Salary,successful,,yes,,,,,ENT134104119010,491500
TXN-000802,CUS-0067,9964668631,2026-08-27 09:04,TRANSFER,credit,400000,Mock Logistics Ltd,Placeholder Bank,Salary,successful,,yes,,,,,ENT930483660723,1087500
TXN-000983,CUS-0082,9942764129,2026-08-27 09:04,TRANSFER,credit,250000,Demo Oil Services Ltd,Sample Savings Bank,Salary,successful,,yes,,,,,ENT751130811503,732500
TXN-002153,CUS-0176,9948340783,2026-08-27 09:04,TRANSFER,credit,180000,Fictional State Ministry,Fictional Trust Bank,Salary,successful,,yes,,,,,ENT618208625826,334500
TXN-002303,CUS-0188,9925691517,2026-08-27 09:04,TRANSFER,credit,650000,Sample Tech Hub,Sample Savings Bank,Salary,successful,,yes,,,,,ENT764020759788,1652200
TXN-003501,CUS-0283,9992725775,2026-08-27 09:04,TRANSFER,credit,85000,Placeholder Schools,Quick Fictional Bank,Salary,successful,,yes,,,,,ENT795781313199,369400
TXN-003807,CUS-0309,9907735405,2026-08-27 09:04,TRANSFER,credit,650000,Placeholder Schools,Quick Fictional Bank,Salary,successful,,yes,,,,,ENT836447931794,1647600
TXN-005438,CUS-0441,9989912305,2026-08-27 09:04,TRANSFER,credit,120000,Sample Tech Hub,Sample Savings Bank,Salary,successful,,yes,,,,,ENT425743880342,251000
TXN-006092,CUS-0493,9914772348,2026-08-27 09:04,TRANSFER,credit,650000,Mock Logistics Ltd,Fictional Trust Bank,Salary,successful,,yes,,,,,ENT129384931789,1230200
TXN-000246,CUS-0021,9964529128,2026-08-27 09:05,TRANSFER,credit,180000,Fictional State Ministry,Quick Fictional Bank,Salary,successful,,yes,,,,,ENT312187488501,251500
TXN-000720,CUS-0060,9906424829,2026-08-27 09:05,TRANSFER,credit,120000,Fictional State Ministry,Demo Microfinance Bank,Salary,successful,,yes,,,,,ENT319807144456,2680000
TXN-001292,CUS-0107,9961387303,2026-08-27 09:05,TRANSFER,credit,180000,Sample Tech Hub,Placeholder Bank,Salary,successful,,yes,,,,,ENT288338517184,453000
TXN-001347,CUS-0111,9960169676,2026-08-27 09:05,TRANSFER,credit,250000,Demo Oil Services Ltd,Placeholder Bank,Salary,successful,,yes,,,,,ENT477919389196,505600
TXN-002143,CUS-0175,9903136249,2026-08-27 09:05,TRANSFER,credit,250000,Fictional State Ministry,Quick Fictional Bank,Salary,successful,,yes,,,,,ENT765720007021,471000
TXN-002493,CUS-0203,9911235217,2026-08-27 09:05,TRANSFER,credit,120000,Placeholder Schools,Sample Savings Bank,Salary,successful,,yes,,,,,ENT612780002576,193000
TXN-002727,CUS-0221,9995401710,2026-08-27 09:05,WEB,debit,4500,Lekki Luxury Stores,,Online card payment,successful,yes,,,,,,ENT533523405027,535200
TXN-002958,CUS-0239,9963646907,2026-08-27 09:05,TRANSFER,credit,120000,Placeholder Schools,Demo Microfinance Bank,Salary,successful,,yes,,,,,ENT391652128887,470500
TXN-003368,CUS-0272,9940071152,2026-08-27 09:05,TRANSFER,credit,85000,Sample Tech Hub,Sample Savings Bank,Salary,successful,,yes,,,,,ENT998840215544,580200
TXN-004481,CUS-0364,9924622145,2026-08-27 09:05,TRANSFER,credit,120000,Sample Tech Hub,Fictional Trust Bank,Salary,successful,,yes,,,,,ENT612773518986,1134000
TXN-005203,CUS-0422,9981759426,2026-08-27 09:05,TRANSFER,credit,180000,Demo Oil Services Ltd,Placeholder Bank,Salary,successful,,yes,,,,,ENT505860405419,1134500
TXN-005589,CUS-0453,9912705740,2026-08-27 09:05,TRANSFER,credit,400000,Demo Oil Services Ltd,Sample Savings Bank,Salary,successful,,yes,,,,,ENT139274056259,1115200
TXN-005864,CUS-0475,9942169114,2026-08-27 09:05,TRANSFER,credit,180000,Sample Tech Hub,Placeholder Bank,Salary,successful,,yes,,,,,ENT682798508799,408500
TXN-000616,CUS-0051,9985846388,2026-08-27 09:06,TRANSFER,credit,120000,Sample Tech Hub,Placeholder Bank,Salary,successful,,yes,,,,,ENT996075200274,2650100
TXN-000638,CUS-0053,9916354011,2026-08-27 09:06,TRANSFER,credit,120000,Fictional State Ministry,Sample Savings Bank,Salary,successful,,yes,,,,,ENT281681766700,2652000
TXN-000662,CUS-0055,9915202994,2026-08-27 09:06,TRANSFER,credit,180000,Placeholder Schools,Placeholder Bank,Salary,successful,,yes,,,,,ENT402359314058,1203500
TXN-001320,CUS-0109,9926445274,2026-08-27 09:06,TRANSFER,credit,250000,Sample Tech Hub,Fictional Trust Bank,Salary,successful,,yes,,,,,ENT196785231138,454500
TXN-003027,CUS-0244,9931572552,2026-08-27 09:06,TRANSFER,credit,180000,Fictional State Ministry,Demo Microfinance Bank,Salary,successful,,yes,,,,,ENT179195249552,251600
TXN-003047,CUS-0246,9985384634,2026-08-27 09:06,TRANSFER,credit,120000,Demo Oil Services Ltd,Sample Savings Bank,Salary,successful,,yes,,,,,ENT451438165696,2643800
TXN-004340,CUS-0353,9939159099,2026-08-27 09:06,TRANSFER,credit,250000,Placeholder Schools,Fictional Trust Bank,Salary,successful,,yes,,,,,ENT874819746810,559000
TXN-004554,CUS-0370,9934238589,2026-08-27 09:06,TRANSFER,credit,250000,Sample Tech Hub,Placeholder Bank,Salary,successful,,yes,,,,,ENT181051651770,1271200
TXN-004759,CUS-0386,9930746491,2026-08-27 09:06,TRANSFER,credit,180000,Fictional State Ministry,Placeholder Bank,Salary,successful,,yes,,,,,ENT490858613563,301000
TXN-005130,CUS-0416,9968703649,2026-08-27 09:06,TRANSFER,credit,120000,Demo Oil Services Ltd,Fictional Trust Bank,Salary,successful,,yes,,,,,ENT645639620372,283000
TXN-005962,CUS-0483,9956134913,2026-08-27 09:06,TRANSFER,credit,85000,Sample Tech Hub,Fictional Trust Bank,Salary,successful,,yes,,,,,ENT213709728189,222000
TXN-000539,CUS-0045,9921430490,2026-08-27 09:07,TRANSFER,credit,650000,Demo Oil Services Ltd,Demo Microfinance Bank,Salary,successful,,yes,,,,,ENT493192964370,3758000
TXN-001007,CUS-0084,9996444694,2026-08-27 09:07,TRANSFER,credit,180000,Demo Oil Services Ltd,Fictional Trust Bank,Salary,successful,,yes,,,,,ENT626468149017,328200
TXN-001715,CUS-0141,9922386162,2026-08-27 09:07,TRANSFER,credit,120000,Placeholder Schools,Fictional Trust Bank,Salary,successful,,yes,,,,,ENT362788878980,261600
TXN-002216,CUS-0181,9983508472,2026-08-27 09:07,TRANSFER,credit,180000,Sample Tech Hub,Sample Savings Bank,Salary,successful,,yes,,,,,ENT346185828300,374300
TXN-002865,CUS-0232,9902084385,2026-08-27 09:07,TRANSFER,credit,180000,Fictional State Ministry,Placeholder Bank,Salary,successful,,yes,,,,,ENT136432814725,1105500
TXN-003171,CUS-0256,9912443952,2026-08-27 09:07,TRANSFER,credit,650000,Fictional State Ministry,Sample Savings Bank,Salary,successful,,yes,,,,,ENT395828421020,1980500
TXN-003846,CUS-0312,9975337207,2026-08-27 09:07,TRANSFER,credit,650000,Fictional State Ministry,Sample Savings Bank,Salary,successful,,yes,,,,,ENT417832814264,1215500
TXN-004022,CUS-0327,9985785371,2026-08-27 09:07,TRANSFER,credit,650000,Sample Tech Hub,Quick Fictional Bank,Salary,successful,,yes,,,,,ENT571561716681,1327000
TXN-004154,CUS-0338,9965503781,2026-08-27 09:07,TRANSFER,credit,250000,Placeholder Schools,Placeholder Bank,Salary,successful,,yes,,,,,ENT171885068349,773100
TXN-005665,CUS-0459,9996173946,2026-08-27 09:07,TRANSFER,credit,180000,Mock Logistics Ltd,Sample Savings Bank,Salary,successful,,yes,,,,,ENT794372770101,343000
TXN-001432,CUS-0118,9975049979,2026-08-27 09:08,TRANSFER,credit,250000,Mock Logistics Ltd,Quick Fictional Bank,Salary,successful,,yes,,,,,ENT388162920408,514500
TXN-001815,CUS-0149,9932706983,2026-08-27 09:08,TRANSFER,credit,250000,Placeholder Schools,Demo Microfinance Bank,Salary,successful,,yes,,,,,ENT729897584544,353500
TXN-002324,CUS-0190,9967378530,2026-08-27 09:08,TRANSFER,credit,650000,Demo Oil Services Ltd,Demo Microfinance Bank,Salary,successful,,yes,,,,,ENT842332936858,2064700
TXN-002363,CUS-0193,9961766752,2026-08-27 09:08,TRANSFER,credit,85000,Demo Oil Services Ltd,Quick Fictional Bank,Salary,successful,,yes,,,,,ENT388380528733,538000
TXN-002629,CUS-0214,9980024371,2026-08-27 09:08,TRANSFER,credit,120000,Mock Logistics Ltd,Fictional Trust Bank,Salary,successful,,yes,,,,,ENT652483563429,1008900
TXN-003149,CUS-0254,9910485144,2026-08-27 09:08,TRANSFER,credit,650000,Placeholder Schools,Placeholder Bank,Salary,successful,,yes,,,,,ENT860896815427,2063700
TXN-003196,CUS-0258,9911119929,2026-08-27 09:08,TRANSFER,credit,650000,Sample Tech Hub,Placeholder Bank,Salary,successful,,yes,,,,,ENT976260708839,1655200
TXN-003896,CUS-0316,9928767202,2026-08-27 09:08,TRANSFER,credit,400000,Fictional State Ministry,Placeholder Bank,Salary,successful,,yes,,,,,ENT450445952733,1684500
TXN-004945,CUS-0401,9916928668,2026-08-27 09:08,TRANSFER,credit,120000,Sample Tech Hub,Quick Fictional Bank,Salary,successful,,yes,,,,,ENT234464857364,179000
TXN-005828,CUS-0472,9933859016,2026-08-27 09:08,TRANSFER,credit,250000,Placeholder Schools,Sample Savings Bank,Salary,successful,,yes,,,,,ENT888170020973,1195700
TXN-006133,CUS-0496,9992039930,2026-08-27 09:08,TRANSFER,credit,400000,Demo Oil Services Ltd,Sample Savings Bank,Salary,successful,,yes,,,,,ENT321018929026,3110500
TXN-001407,CUS-0116,9962245900,2026-08-27 09:09,TRANSFER,credit,650000,Placeholder Schools,Placeholder Bank,Salary,successful,,yes,,,,,ENT713386253259,1650500
TXN-001523,CUS-0125,9939285100,2026-08-27 09:09,TRANSFER,credit,120000,Placeholder Schools,Fictional Trust Bank,Salary,successful,,yes,,,,,ENT600165900559,1045000
TXN-001571,CUS-0129,9901919652,2026-08-27 09:09,TRANSFER,credit,180000,Demo Oil Services Ltd,Demo Microfinance Bank,Salary,successful,,yes,,,,,ENT607481748322,301500
TXN-002050,CUS-0168,9989354914,2026-08-27 09:09,TRANSFER,credit,180000,Placeholder Schools,Sample Savings Bank,Salary,successful,,yes,,,,,ENT944407529403,2808700
TXN-005215,CUS-0423,9996846104,2026-08-27 09:09,TRANSFER,credit,180000,Sample Tech Hub,Quick Fictional Bank,Salary,successful,,yes,,,,,ENT986488899404,2688700
TXN-001242,CUS-0103,9949574415,2026-08-27 09:10,TRANSFER,credit,400000,Placeholder Schools,Fictional Trust Bank,Salary,successful,,yes,,,,,ENT541431362577,643000
TXN-001838,CUS-0151,9923911317,2026-08-27 09:10,TRANSFER,credit,85000,Mock Logistics Ltd,Sample Savings Bank,Salary,successful,,yes,,,,,ENT782166764857,1029500
TXN-002205,CUS-0180,9927751519,2026-08-27 09:10,TRANSFER,credit,650000,Sample Tech Hub,Quick Fictional Bank,Salary,successful,,yes,,,,,ENT199326375833,3685500
TXN-002762,CUS-0224,9958085404,2026-08-27 09:10,TRANSFER,credit,120000,Sample Tech Hub,Fictional Trust Bank,Salary,successful,,yes,,,,,ENT542633040059,2594500
TXN-003463,CUS-0280,9952498676,2026-08-27 09:10,TRANSFER,credit,650000,Placeholder Schools,Demo Microfinance Bank,Salary,successful,,yes,,,,,ENT153267261298,1297300
TXN-003820,CUS-0310,9928648156,2026-08-27 09:10,TRANSFER,credit,120000,Sample Tech Hub,Quick Fictional Bank,Salary,successful,,yes,,,,,ENT122260292792,209500
TXN-004364,CUS-0355,9924902182,2026-08-27 09:10,TRANSFER,credit,120000,Fictional State Ministry,Sample Savings Bank,Salary,successful,,yes,,,,,ENT522950473492,198500
TXN-005700,CUS-0462,9959698980,2026-08-27 09:10,TRANSFER,credit,85000,Demo Oil Services Ltd,Demo Microfinance Bank,Salary,successful,,yes,,,,,ENT848223695637,574500
TXN-005815,CUS-0471,9943902366,2026-08-27 09:10,TRANSFER,credit,120000,Fictional State Ministry,Demo Microfinance Bank,Salary,successful,,yes,,,,,ENT933046961179,145000
TXN-000399,CUS-0034,9918847918,2026-08-27 09:11,TRANSFER,credit,120000,Placeholder Schools,Placeholder Bank,Salary,successful,,yes,,,,,ENT154791603127,209700
TXN-000732,CUS-0061,9923524013,2026-08-27 09:11,TRANSFER,credit,120000,Mock Logistics Ltd,Sample Savings Bank,Salary,successful,,yes,,,,,ENT333466724661,2718500
TXN-002090,CUS-0171,9983851534,2026-08-27 09:11,TRANSFER,credit,120000,Demo Oil Services Ltd,Fictional Trust Bank,Salary,successful,,yes,,,,,ENT999339610684,953700
TXN-002439,CUS-0199,9916644726,2026-08-27 09:11,TRANSFER,credit,400000,Placeholder Schools,Placeholder Bank,Salary,successful,,yes,,,,,ENT410993785995,769500
TXN-002572,CUS-0209,9986925245,2026-08-27 09:11,TRANSFER,credit,400000,Demo Oil Services Ltd,Placeholder Bank,Salary,successful,,yes,,,,,ENT780922731835,723500
TXN-003656,CUS-0296,9904810740,2026-08-27 09:11,TRANSFER,credit,120000,Mock Logistics Ltd,Fictional Trust Bank,Salary,successful,,yes,,,,,ENT988697834841,244000
TXN-004175,CUS-0340,9968650702,2026-08-27 09:11,TRANSFER,credit,180000,Mock Logistics Ltd,Sample Savings Bank,Salary,successful,,yes,,,,,ENT124561245533,673200
TXN-004671,CUS-0379,9983308485,2026-08-27 09:11,TRANSFER,credit,650000,Demo Oil Services Ltd,Quick Fictional Bank,Salary,successful,,yes,,,,,ENT126020768531,1539500
TXN-004717,CUS-0383,9903971634,2026-08-27 09:11,TRANSFER,credit,180000,Mock Logistics Ltd,Sample Savings Bank,Salary,successful,,yes,,,,,ENT613452262819,1175500
TXN-000376,CUS-0032,9941968982,2026-08-27 09:12,TRANSFER,credit,85000,Sample Tech Hub,Sample Savings Bank,Salary,successful,,yes,,,,,ENT853374495574,2553800
TXN-000861,CUS-0072,9904030042,2026-08-27 09:12,TRANSFER,credit,250000,Demo Oil Services Ltd,Demo Microfinance Bank,Salary,successful,,yes,,,,,ENT302062155247,2883500
TXN-000874,CUS-0073,9929770579,2026-08-27 09:12,TRANSFER,credit,250000,Fictional State Ministry,Placeholder Bank,Salary,successful,,yes,,,,,ENT156445151218,1234700
TXN-002469,CUS-0201,9915856052,2026-08-27 09:12,TRANSFER,credit,250000,Sample Tech Hub,Placeholder Bank,Salary,successful,,yes,,,,,ENT798964433051,1365500
TXN-003378,CUS-0273,9935986265,2026-08-27 09:12,TRANSFER,credit,180000,Demo Oil Services Ltd,Demo Microfinance Bank,Salary,successful,,yes,,,,,ENT987169237101,417500
TXN-004264,CUS-0347,9910644250,2026-08-27 09:12,TRANSFER,credit,250000,Fictional State Ministry,Fictional Trust Bank,Salary,successful,,yes,,,,,ENT151143002433,764500
TXN-004328,CUS-0352,9911574849,2026-08-27 09:12,TRANSFER,credit,650000,Demo Oil Services Ltd,Placeholder Bank,Salary,successful,,yes,,,,,ENT261488163334,1335000
TXN-004419,CUS-0359,9954494020,2026-08-27 09:12,TRANSFER,credit,85000,Sample Tech Hub,Placeholder Bank,Salary,successful,,yes,,,,,ENT162765575678,1025000
TXN-000472,CUS-0040,9954177588,2026-08-27 09:13,TRANSFER,credit,180000,Sample Tech Hub,Fictional Trust Bank,Salary,successful,,yes,,,,,ENT967906573958,658000
TXN-002104,CUS-0172,9933836620,2026-08-27 09:13,TRANSFER,credit,85000,Mock Logistics Ltd,Sample Savings Bank,Salary,successful,,yes,,,,,ENT754159344558,942900
TXN-002118,CUS-0173,9937785973,2026-08-27 09:13,TRANSFER,credit,85000,Mock Logistics Ltd,Fictional Trust Bank,Salary,successful,,yes,,,,,ENT425550186743,918500
TXN-003278,CUS-0265,9913982658,2026-08-27 09:13,TRANSFER,credit,120000,Sample Tech Hub,Placeholder Bank,Salary,successful,,yes,,,,,ENT710302260203,498500
TXN-004819,CUS-0391,9920137304,2026-08-27 09:13,TRANSFER,credit,250000,Fictional State Ministry,Quick Fictional Bank,Salary,successful,,yes,,,,,ENT814159892106,963500
TXN-005777,CUS-0468,9916264223,2026-08-27 09:13,TRANSFER,credit,400000,Placeholder Schools,Placeholder Bank,Salary,successful,,yes,,,,,ENT149672522545,1523500
TXN-001042,CUS-0087,9967779214,2026-08-27 09:14,TRANSFER,credit,400000,Demo Oil Services Ltd,Fictional Trust Bank,Salary,successful,,yes,,,,,ENT456383159619,1436000
TXN-001142,CUS-0095,9966981433,2026-08-27 09:14,TRANSFER,credit,120000,Placeholder Schools,Quick Fictional Bank,Salary,successful,,yes,,,,,ENT431682551733,575700
TXN-001509,CUS-0124,9949138114,2026-08-27 09:14,TRANSFER,credit,180000,Fictional State Ministry,Sample Savings Bank,Salary,successful,,yes,,,,,ENT903962882799,386500
TXN-001635,CUS-0134,9983034549,2026-08-27 09:14,TRANSFER,credit,85000,Sample Tech Hub,Demo Microfinance Bank,Salary,successful,,yes,,,,,ENT337929798221,1013700
TXN-002656,CUS-0216,9903471072,2026-08-27 09:14,TRANSFER,credit,250000,Demo Oil Services Ltd,Demo Microfinance Bank,Salary,successful,,yes,,,,,ENT482051556372,2865000
TXN-003429,CUS-0277,9900602652,2026-08-27 09:14,TRANSFER,credit,85000,Mock Logistics Ltd,Fictional Trust Bank,Salary,successful,,yes,,,,,ENT111625947562,1065000
TXN-004682,CUS-0380,9935909163,2026-08-27 09:14,TRANSFER,credit,85000,Mock Logistics Ltd,Fictional Trust Bank,Salary,successful,,yes,,,,,ENT884442925935,175000
TXN-004745,CUS-0385,9986616742,2026-08-27 09:14,TRANSFER,credit,180000,Mock Logistics Ltd,Sample Savings Bank,Salary,successful,,yes,,,,,ENT922187687516,2688200
TXN-004960,CUS-0402,9957851156,2026-08-27 09:14,TRANSFER,credit,120000,Placeholder Schools,Placeholder Bank,Salary,successful,,yes,,,,,ENT995242439673,587500
TXN-005337,CUS-0433,9973633995,2026-08-27 09:14,TRANSFER,credit,250000,Mock Logistics Ltd,Sample Savings Bank,Salary,successful,,yes,,,,,ENT306800230657,1158000
TXN-005560,CUS-0451,9961219558,2026-08-27 09:14,TRANSFER,credit,650000,Placeholder Schools,Quick Fictional Bank,Salary,successful,,yes,,,,,ENT907497706355,1273500
TXN-006171,CUS-0499,9952647161,2026-08-27 09:14,TRANSFER,credit,180000,Fictional State Ministry,Sample Savings Bank,Salary,successful,,yes,,,,,ENT628122789225,276100
TXN-001725,CUS-0142,9986367800,2026-08-27 09:15,TRANSFER,credit,120000,Mock Logistics Ltd,Quick Fictional Bank,Salary,successful,,yes,,,,,ENT481870333821,1086500
TXN-002585,CUS-0210,9911316159,2026-08-27 09:15,TRANSFER,credit,650000,Sample Tech Hub,Sample Savings Bank,Salary,successful,,yes,,,,,ENT279799218798,2130000
TXN-003037,CUS-0245,9974242558,2026-08-27 09:15,TRANSFER,credit,650000,Fictional State Ministry,Fictional Trust Bank,Salary,successful,,yes,,,,,ENT202002094810,3727200
TXN-003096,CUS-0250,9922213933,2026-08-27 09:15,TRANSFER,credit,250000,Sample Tech Hub,Placeholder Bank,Salary,successful,,yes,,,,,ENT475490382825,564500
TXN-006104,CUS-0494,9961232402,2026-08-27 09:15,TRANSFER,credit,250000,Placeholder Schools,Placeholder Bank,Salary,successful,,yes,,,,,ENT928210715707,416500
TXN-000055,CUS-0005,9919672731,2026-08-27 09:16,TRANSFER,credit,180000,Placeholder Schools,Quick Fictional Bank,Salary,successful,,yes,,,,,ENT495704061672,1198500
TXN-000258,CUS-0022,9965384535,2026-08-27 09:16,TRANSFER,credit,400000,Fictional State Ministry,Placeholder Bank,Salary,successful,,yes,,,,,ENT691876542985,1143000
TXN-001737,CUS-0143,9964197110,2026-08-27 09:16,TRANSFER,credit,650000,Sample Tech Hub,Quick Fictional Bank,Salary,successful,,yes,,,,,ENT683691817168,1607500
TXN-002417,CUS-0197,9999876763,2026-08-27 09:16,TRANSFER,credit,400000,Placeholder Schools,Sample Savings Bank,Salary,successful,,yes,,,,,ENT442892235293,1124000
TXN-002597,CUS-0211,9909502592,2026-08-27 09:16,TRANSFER,credit,180000,Sample Tech Hub,Placeholder Bank,Salary,successful,,yes,,,,,ENT661085233596,298500
TXN-004795,CUS-0389,9985163816,2026-08-27 09:16,TRANSFER,credit,400000,Mock Logistics Ltd,Placeholder Bank,Salary,successful,,yes,,,,,ENT927739483402,742200
TXN-001417,CUS-0117,9925219607,2026-08-27 09:17,TRANSFER,credit,400000,Demo Oil Services Ltd,Demo Microfinance Bank,Salary,successful,,yes,,,,,ENT446535260096,730000
TXN-001625,CUS-0133,9965679951,2026-08-27 09:17,TRANSFER,credit,120000,Demo Oil Services Ltd,Sample Savings Bank,Salary,successful,,yes,,,,,ENT675299979200,253500
TXN-001964,CUS-0161,9950062013,2026-08-27 09:17,TRANSFER,credit,85000,Sample Tech Hub,Sample Savings Bank,Salary,successful,,yes,,,,,ENT485487028267,2468500
TXN-003219,CUS-0260,9952562853,2026-08-27 09:17,TRANSFER,credit,120000,Fictional State Ministry,Fictional Trust Bank,Salary,successful,,yes,,,,,ENT543027697603,285700
TXN-003403,CUS-0275,9916289439,2026-08-27 09:17,TRANSFER,credit,250000,Placeholder Schools,Placeholder Bank,Salary,successful,,yes,,,,,ENT556724224876,403500
TXN-003703,CUS-0300,9986118151,2026-08-27 09:17,TRANSFER,credit,250000,Fictional State Ministry,Fictional Trust Bank,Salary,successful,,yes,,,,,ENT409415099333,507000
TXN-004603,CUS-0374,9931151207,2026-08-27 09:17,TRANSFER,credit,85000,Placeholder Schools,Demo Microfinance Bank,Salary,successful,,yes,,,,,ENT699288071368,584700
TXN-005522,CUS-0448,9949863391,2026-08-27 09:17,TRANSFER,credit,180000,Demo Oil Services Ltd,Fictional Trust Bank,Salary,successful,,yes,,,,,ENT160286568348,267500
TXN-005640,CUS-0457,9951470242,2026-08-27 09:17,TRANSFER,credit,85000,Sample Tech Hub,Fictional Trust Bank,Salary,successful,,yes,,,,,ENT727686296989,140000
TXN-006037,CUS-0489,9904477391,2026-08-27 09:17,TRANSFER,credit,120000,Mock Logistics Ltd,Placeholder Bank,Salary,successful,,yes,,,,,ENT968120524800,187200
TXN-001362,CUS-0112,9942365966,2026-08-27 09:18,TRANSFER,credit,250000,Fictional State Ministry,Quick Fictional Bank,Salary,successful,,yes,,,,,ENT591591276364,477500
TXN-001705,CUS-0140,9975216214,2026-08-27 09:18,TRANSFER,credit,400000,Mock Logistics Ltd,Quick Fictional Bank,Salary,successful,,yes,,,,,ENT844491406462,1134500
TXN-001761,CUS-0145,9912117405,2026-08-27 09:18,TRANSFER,credit,650000,Mock Logistics Ltd,Quick Fictional Bank,Salary,successful,,yes,,,,,ENT934117637038,1255000
TXN-001772,CUS-0146,9915789794,2026-08-27 09:18,TRANSFER,credit,250000,Sample Tech Hub,Quick Fictional Bank,Salary,successful,,yes,,,,,ENT995244010739,496000
TXN-001888,CUS-0155,9924565054,2026-08-27 09:18,TRANSFER,credit,85000,Fictional State Ministry,Sample Savings Bank,Salary,successful,,yes,,,,,ENT726054132242,550100
TXN-002336,CUS-0191,9904355683,2026-08-27 09:18,TRANSFER,credit,85000,Sample Tech Hub,Sample Savings Bank,Salary,successful,,yes,,,,,ENT942471734238,155200
TXN-003390,CUS-0274,9955297955,2026-08-27 09:18,TRANSFER,credit,180000,Placeholder Schools,Fictional Trust Bank,Salary,successful,,yes,,,,,ENT204491401830,260200
TXN-003549,CUS-0287,9969449775,2026-08-27 09:18,TRANSFER,credit,180000,Fictional State Ministry,Quick Fictional Bank,Salary,successful,,yes,,,,,ENT997882012376,329000
TXN-004520,CUS-0367,9951406955,2026-08-27 09:18,TRANSFER,credit,250000,Mock Logistics Ltd,Fictional Trust Bank,Salary,successful,,yes,,,,,ENT207702521821,2936200
TXN-005189,CUS-0421,9917263678,2026-08-27 09:18,TRANSFER,credit,180000,Demo Oil Services Ltd,Fictional Trust Bank,Salary,successful,,yes,,,,,ENT694062313697,293000
TXN-005926,CUS-0480,9952051483,2026-08-27 09:18,TRANSFER,credit,650000,Demo Oil Services Ltd,Fictional Trust Bank,Salary,successful,,yes,,,,,ENT471876773165,3762400
TXN-000076,CUS-0007,9977876804,2026-08-27 09:19,TRANSFER,credit,400000,Sample Tech Hub,Sample Savings Bank,Salary,successful,,yes,,,,,ENT475229227686,821000
TXN-000111,CUS-0010,9928379298,2026-08-27 09:19,TRANSFER,credit,250000,Sample Tech Hub,Demo Microfinance Bank,Salary,successful,,yes,,,,,ENT384698519950,508500
TXN-002377,CUS-0194,9953387952,2026-08-27 09:19,TRANSFER,credit,85000,Demo Oil Services Ltd,Quick Fictional Bank,Salary,successful,,yes,,,,,ENT946747729270,399500
TXN-002723,CUS-0221,9995401710,2026-08-27 09:19,TRANSFER,credit,250000,Fictional State Ministry,Placeholder Bank,Salary,successful,,yes,,,,,ENT439763515847,785200
TXN-003775,CUS-0306,9912755790,2026-08-27 09:19,TRANSFER,credit,180000,Sample Tech Hub,Placeholder Bank,Salary,successful,,yes,,,,,ENT743993777428,379000
TXN-006050,CUS-0490,9997818827,2026-08-27 09:19,TRANSFER,credit,85000,Sample Tech Hub,Placeholder Bank,Salary,successful,,yes,,,,,ENT134193032797,1005000
TXN-000132,CUS-0012,9975177992,2026-08-27 09:20,TRANSFER,credit,85000,Demo Oil Services Ltd,Sample Savings Bank,Salary,successful,,yes,,,,,ENT909747755260,2559700
TXN-000366,CUS-0031,9984951838,2026-08-27 09:20,TRANSFER,credit,120000,Sample Tech Hub,Fictional Trust Bank,Salary,successful,,yes,,,,,ENT387047587675,525100
TXN-000924,CUS-0077,9956378276,2026-08-27 09:20,TRANSFER,credit,250000,Placeholder Schools,Sample Savings Bank,Salary,successful,,yes,,,,,ENT206431186128,546000
TXN-001373,CUS-0113,9918118331,2026-08-27 09:20,TRANSFER,credit,650000,Demo Oil Services Ltd,Sample Savings Bank,Salary,successful,,yes,,,,,ENT981295939232,2169000
TXN-001534,CUS-0126,9983579996,2026-08-27 09:20,TRANSFER,credit,400000,Placeholder Schools,Quick Fictional Bank,Salary,successful,,yes,,,,,ENT145804448819,1158000
TXN-001863,CUS-0153,9979262701,2026-08-27 09:20,TRANSFER,credit,180000,Fictional State Ministry,Demo Microfinance Bank,Salary,successful,,yes,,,,,ENT161625572534,422500
TXN-005312,CUS-0431,9985406888,2026-08-27 09:20,TRANSFER,credit,120000,Placeholder Schools,Quick Fictional Bank,Salary,successful,,yes,,,,,ENT766687779101,2653500
TXN-001471,CUS-0121,9910108102,2026-08-27 09:21,TRANSFER,credit,85000,Fictional State Ministry,Quick Fictional Bank,Salary,successful,,yes,,,,,ENT725804492242,996000
TXN-001749,CUS-0144,9986071964,2026-08-27 09:21,TRANSFER,credit,250000,Fictional State Ministry,Quick Fictional Bank,Salary,successful,,yes,,,,,ENT686244101052,425100
TXN-003122,CUS-0252,9937906660,2026-08-27 09:21,TRANSFER,credit,650000,Demo Oil Services Ltd,Fictional Trust Bank,Salary,successful,,yes,,,,,ENT667025277398,1546300
TXN-003727,CUS-0302,9916038871,2026-08-27 09:21,TRANSFER,credit,400000,Mock Logistics Ltd,Placeholder Bank,Salary,successful,,yes,,,,,ENT779151379814,996000
TXN-004304,CUS-0350,9941377678,2026-08-27 09:21,TRANSFER,credit,650000,Mock Logistics Ltd,Demo Microfinance Bank,Salary,successful,,yes,,,,,ENT156585691078,1959900
TXN-005029,CUS-0408,9988225489,2026-08-27 09:21,TRANSFER,credit,85000,Demo Oil Services Ltd,Placeholder Bank,Salary,successful,,yes,,,,,ENT542913972223,492200
TXN-005611,CUS-0455,9902792166,2026-08-27 09:21,TRANSFER,credit,400000,Mock Logistics Ltd,Quick Fictional Bank,Salary,successful,,yes,,,,,ENT538367064825,1085500
TXN-005891,CUS-0477,9950606428,2026-08-27 09:21,TRANSFER,credit,120000,Placeholder Schools,Quick Fictional Bank,Salary,successful,,yes,,,,,ENT846089045997,141500
TXN-000848,CUS-0071,9903048877,2026-08-27 09:22,TRANSFER,credit,250000,Demo Oil Services Ltd,Fictional Trust Bank,Salary,successful,,yes,,,,,ENT852307038056,502500
TXN-001168,CUS-0097,9961807567,2026-08-27 09:22,TRANSFER,credit,85000,Demo Oil Services Ltd,Sample Savings Bank,Salary,successful,,yes,,,,,ENT912345357478,2593700
TXN-002266,CUS-0185,9962334551,2026-08-27 09:22,TRANSFER,credit,85000,Placeholder Schools,Placeholder Bank,Salary,successful,,yes,,,,,ENT755922368491,88500
TXN-002330,CUS-0190,9967378530,2026-08-27 09:22,USSD,debit,5000,Airtime (fictional network),,Airtime purchase,successful,yes,,,,,,ENT599161308605,2059700
TXN-002943,CUS-0238,9937467651,2026-08-27 09:22,TRANSFER,credit,120000,Demo Oil Services Ltd,Quick Fictional Bank,Salary,successful,,yes,,,,,ENT955446982300,295200
TXN-003917,CUS-0318,9973536623,2026-08-27 09:22,TRANSFER,credit,650000,Placeholder Schools,Placeholder Bank,Salary,successful,,yes,,,,,ENT328052615231,1581500
TXN-003927,CUS-0319,9964510647,2026-08-27 09:22,TRANSFER,credit,650000,Sample Tech Hub,Fictional Trust Bank,Salary,successful,,yes,,,,,ENT609161198763,1175700
TXN-004896,CUS-0397,9939504343,2026-08-27 09:22,TRANSFER,credit,120000,Sample Tech Hub,Placeholder Bank,Salary,successful,,yes,,,,,ENT659791589571,2540700
TXN-005500,CUS-0446,9965552641,2026-08-27 09:22,TRANSFER,credit,85000,Sample Tech Hub,Placeholder Bank,Salary,successful,,yes,,,,,ENT181268227283,584000
TXN-000147,CUS-0013,9918603208,2026-08-27 09:23,TRANSFER,credit,120000,Fictional State Ministry,Quick Fictional Bank,Salary,successful,,yes,,,,,ENT508636622605,1118000
TXN-002784,CUS-0226,9909301930,2026-08-27 09:23,TRANSFER,credit,180000,Sample Tech Hub,Fictional Trust Bank,Salary,successful,,yes,,,,,ENT285802770194,398400
TXN-002831,CUS-0229,9993322503,2026-08-27 09:23,USSD,debit,2000,Airtime (fictional network),,Airtime purchase,successful,yes,,,,,,ENT102787033542,467000
TXN-003607,CUS-0292,9969206472,2026-08-27 09:23,TRANSFER,credit,250000,Sample Tech Hub,Sample Savings Bank,Salary,successful,,yes,,,,,ENT420740262934,861600
TXN-000122,CUS-0011,9983601610,2026-08-27 09:24,TRANSFER,credit,120000,Mock Logistics Ltd,Quick Fictional Bank,Salary,successful,,yes,,,,,ENT899505718803,261500
TXN-001193,CUS-0099,9936708878,2026-08-27 09:24,TRANSFER,credit,180000,Sample Tech Hub,Fictional Trust Bank,Salary,successful,,yes,,,,,ENT480904498232,2777200
TXN-001497,CUS-0123,9961205593,2026-08-27 09:24,TRANSFER,credit,250000,Fictional State Ministry,Placeholder Bank,Salary,successful,,yes,,,,,ENT726913544436,420000
TXN-002807,CUS-0228,9954375149,2026-08-27 09:24,TRANSFER,credit,85000,Placeholder Schools,Sample Savings Bank,Salary,successful,,yes,,,,,ENT881648275294,624500
TXN-004543,CUS-0369,9982914423,2026-08-27 09:24,TRANSFER,credit,180000,Mock Logistics Ltd,Demo Microfinance Bank,Salary,successful,,yes,,,,,ENT288056226262,654000
TXN-005689,CUS-0461,9906704957,2026-08-27 09:24,TRANSFER,credit,85000,Demo Oil Services Ltd,Quick Fictional Bank,Salary,successful,,yes,,,,,ENT872617267103,296000
TXN-006006,CUS-0486,9956936295,2026-08-27 09:24,TRANSFER,credit,250000,Demo Oil Services Ltd,Fictional Trust Bank,Salary,successful,,yes,,,,,ENT849006100176,826500
TXN-000098,CUS-0009,9993319084,2026-08-27 09:25,TRANSFER,credit,400000,Fictional State Ministry,Sample Savings Bank,Salary,successful,,yes,,,,,ENT884447826762,3187200
TXN-000169,CUS-0015,9984133017,2026-08-27 09:25,TRANSFER,credit,180000,Fictional State Ministry,Fictional Trust Bank,Salary,successful,,yes,,,,,ENT653700647762,2785500
TXN-000351,CUS-0030,9925996775,2026-08-27 09:25,TRANSFER,credit,120000,Fictional State Ministry,Placeholder Bank,Salary,successful,,yes,,,,,ENT565084753680,137000
TXN-001900,CUS-0156,9944565338,2026-08-27 09:25,TRANSFER,credit,400000,Sample Tech Hub,Fictional Trust Bank,Salary,successful,,yes,,,,,ENT993400532999,1478000
TXN-003292,CUS-0266,9911157896,2026-08-27 09:25,TRANSFER,credit,250000,Sample Tech Hub,Fictional Trust Bank,Salary,successful,,yes,,,,,ENT864178666412,1236500
TXN-003795,CUS-0308,9937456111,2026-08-27 09:25,TRANSFER,credit,400000,Placeholder Schools,Demo Microfinance Bank,Salary,successful,,yes,,,,,ENT955077293800,1042000
TXN-003857,CUS-0313,9946277869,2026-08-27 09:25,TRANSFER,credit,85000,Placeholder Schools,Fictional Trust Bank,Salary,successful,,yes,,,,,ENT203127256091,2431000
TXN-004102,CUS-0334,9962266421,2026-08-27 09:25,TRANSFER,credit,650000,Sample Tech Hub,Demo Microfinance Bank,Salary,successful,,yes,,,,,ENT319208036172,1981500
TXN-000767,CUS-0064,9901461338,2026-08-27 09:26,TRANSFER,credit,85000,Placeholder Schools,Fictional Trust Bank,Salary,successful,,yes,,,,,ENT824273652193,595000
TXN-002349,CUS-0192,9988642115,2026-08-27 09:26,TRANSFER,credit,650000,Placeholder Schools,Sample Savings Bank,Salary,successful,,yes,,,,,ENT869466672066,1203500
TXN-003513,CUS-0284,9966833571,2026-08-27 09:26,TRANSFER,credit,250000,Mock Logistics Ltd,Fictional Trust Bank,Salary,successful,,yes,,,,,ENT404457941066,1284500
TXN-003785,CUS-0307,9938909584,2026-08-27 09:26,TRANSFER,credit,400000,Demo Oil Services Ltd,Sample Savings Bank,Salary,successful,,yes,,,,,ENT472505497973,3187000
TXN-004000,CUS-0325,9991958539,2026-08-27 09:26,TRANSFER,credit,650000,Sample Tech Hub,Placeholder Bank,Salary,successful,,yes,,,,,ENT875928180524,1349000
TXN-004140,CUS-0337,9928921183,2026-08-27 09:26,TRANSFER,credit,400000,Mock Logistics Ltd,Placeholder Bank,Salary,successful,,yes,,,,,ENT450561239709,3159500
TXN-004692,CUS-0381,9967998836,2026-08-27 09:26,TRANSFER,credit,120000,Demo Oil Services Ltd,Fictional Trust Bank,Salary,successful,,yes,,,,,ENT864605222925,301300
TXN-004770,CUS-0387,9916279824,2026-08-27 09:26,TRANSFER,credit,85000,Demo Oil Services Ltd,Sample Savings Bank,Salary,successful,,yes,,,,,ENT191749452874,2519500
TXN-000524,CUS-0044,9933042845,2026-08-27 09:27,TRANSFER,credit,180000,Sample Tech Hub,Sample Savings Bank,Salary,successful,,yes,,,,,ENT388383171179,1023000
TXN-000576,CUS-0048,9972987112,2026-08-27 09:27,TRANSFER,credit,400000,Mock Logistics Ltd,Fictional Trust Bank,Salary,successful,,yes,,,,,ENT684959749167,3153500
TXN-001559,CUS-0128,9943949119,2026-08-27 09:27,TRANSFER,credit,180000,Demo Oil Services Ltd,Fictional Trust Bank,Salary,successful,,yes,,,,,ENT229258699717,352000
TXN-002229,CUS-0182,9979765655,2026-08-27 09:27,TRANSFER,credit,85000,Demo Oil Services Ltd,Placeholder Bank,Salary,successful,,yes,,,,,ENT153393762024,537500
TXN-002903,CUS-0235,9953911045,2026-08-27 09:27,TRANSFER,credit,180000,Placeholder Schools,Fictional Trust Bank,Salary,successful,,yes,,,,,ENT481504833848,636500
TXN-003355,CUS-0271,9915845459,2026-08-27 09:27,TRANSFER,credit,250000,Demo Oil Services Ltd,Placeholder Bank,Salary,successful,,yes,,,,,ENT901033746252,634500
TXN-005298,CUS-0430,9922159393,2026-08-27 09:27,TRANSFER,credit,85000,Mock Logistics Ltd,Quick Fictional Bank,Salary,successful,,yes,,,,,ENT840369831160,205700
TXN-005390,CUS-0437,9935652556,2026-08-27 09:27,TRANSFER,credit,650000,Sample Tech Hub,Sample Savings Bank,Salary,successful,,yes,,,,,ENT531644389616,1371200
TXN-005765,CUS-0467,9930828759,2026-08-27 09:27,TRANSFER,credit,250000,Demo Oil Services Ltd,Fictional Trust Bank,Salary,successful,,yes,,,,,ENT657070585647,2962200
TXN-006145,CUS-0497,9975222469,2026-08-27 09:27,TRANSFER,credit,120000,Mock Logistics Ltd,Demo Microfinance Bank,Salary,successful,,yes,,,,,ENT543648499580,138500
TXN-000935,CUS-0078,9938696953,2026-08-27 09:28,TRANSFER,credit,180000,Placeholder Schools,Demo Microfinance Bank,Salary,successful,,yes,,,,,ENT354408259449,2711500
TXN-001395,CUS-0115,9926627973,2026-08-27 09:28,TRANSFER,credit,400000,Demo Oil Services Ltd,Fictional Trust Bank,Salary,successful,,yes,,,,,ENT532018846787,1645200
TXN-002508,CUS-0204,9937567822,2026-08-27 09:28,TRANSFER,credit,250000,Sample Tech Hub,Sample Savings Bank,Salary,successful,,yes,,,,,ENT274400389665,543600
TXN-003058,CUS-0247,9956338649,2026-08-27 09:28,TRANSFER,credit,85000,Mock Logistics Ltd,Sample Savings Bank,Salary,successful,,yes,,,,,ENT859102843351,269500
TXN-004201,CUS-0342,9945277907,2026-08-27 09:28,TRANSFER,credit,180000,Demo Oil Services Ltd,Demo Microfinance Bank,Salary,successful,,yes,,,,,ENT512214375763,1064500
TXN-004996,CUS-0405,9968853106,2026-08-27 09:28,TRANSFER,credit,250000,Demo Oil Services Ltd,Quick Fictional Bank,Salary,successful,,yes,,,,,ENT262671194879,525200
TXN-000157,CUS-0014,9922264686,2026-08-27 09:29,TRANSFER,credit,180000,Placeholder Schools,Demo Microfinance Bank,Salary,successful,,yes,,,,,ENT687779304531,263700
TXN-000318,CUS-0027,9935795111,2026-08-27 09:29,TRANSFER,credit,180000,Mock Logistics Ltd,Sample Savings Bank,Salary,successful,,yes,,,,,ENT175084964239,1184100
TXN-000330,CUS-0028,9955696327,2026-08-27 09:29,TRANSFER,credit,120000,Mock Logistics Ltd,Fictional Trust Bank,Salary,successful,,yes,,,,,ENT609415934132,327500
TXN-001334,CUS-0110,9951521657,2026-08-27 09:29,TRANSFER,credit,120000,Fictional State Ministry,Fictional Trust Bank,Salary,successful,,yes,,,,,ENT504132037049,2642500
TXN-001873,CUS-0154,9973621841,2026-08-27 09:29,TRANSFER,credit,85000,Mock Logistics Ltd,Demo Microfinance Bank,Salary,successful,,yes,,,,,ENT589158316961,568500
TXN-002390,CUS-0195,9911125736,2026-08-27 09:29,TRANSFER,credit,120000,Sample Tech Hub,Quick Fictional Bank,Salary,successful,,yes,,,,,ENT178329995121,2507200
TXN-002888,CUS-0234,9902167309,2026-08-27 09:29,TRANSFER,credit,650000,Mock Logistics Ltd,Quick Fictional Bank,Salary,successful,,yes,,,,,ENT804311454491,3715500
TXN-000015,CUS-0002,9917075364,2026-08-27 09:30,TRANSFER,credit,400000,Mock Logistics Ltd,Placeholder Bank,Salary,successful,,yes,,,,,ENT379767556191,1615500
TXN-000813,CUS-0068,9934217233,2026-08-27 09:30,TRANSFER,credit,180000,Demo Oil Services Ltd,Demo Microfinance Bank,Salary,successful,,yes,,,,,ENT613533306710,704000
TXN-001681,CUS-0138,9902372961,2026-08-27 09:30,TRANSFER,credit,120000,Sample Tech Hub,Fictional Trust Bank,Salary,successful,,yes,,,,,ENT300421934076,1026000
TXN-002607,CUS-0212,9951055574,2026-08-27 09:30,TRANSFER,credit,120000,Sample Tech Hub,Sample Savings Bank,Salary,successful,,yes,,,,,ENT117367755290,242000
TXN-002928,CUS-0237,9969336506,2026-08-27 09:30,TRANSFER,credit,85000,Mock Logistics Ltd,Placeholder Bank,Salary,successful,,yes,,,,,ENT274685391778,552400
TXN-004187,CUS-0341,9911918995,2026-08-27 09:30,TRANSFER,credit,180000,Sample Tech Hub,Sample Savings Bank,Salary,successful,,yes,,,,,ENT624033070597,324200
TXN-005153,CUS-0418,9975201362,2026-08-27 09:30,TRANSFER,credit,650000,Demo Oil Services Ltd,Placeholder Bank,Salary,successful,,yes,,,,,ENT990087667468,3566300
TXN-006017,CUS-0487,9989218380,2026-08-27 09:30,TRANSFER,credit,180000,Sample Tech Hub,Sample Savings Bank,Salary,successful,,yes,,,,,ENT827411369620,1145200
TXN-000563,CUS-0047,9969585190,2026-08-27 09:31,TRANSFER,credit,85000,Mock Logistics Ltd,Quick Fictional Bank,Salary,successful,,yes,,,,,ENT981828681052,185000
TXN-001656,CUS-0136,9972130516,2026-08-27 09:31,TRANSFER,credit,85000,Demo Oil Services Ltd,Placeholder Bank,Salary,successful,,yes,,,,,ENT544222383677,478500
TXN-002711,CUS-0220,9986070448,2026-08-27 09:31,TRANSFER,credit,85000,Mock Logistics Ltd,Placeholder Bank,Salary,successful,,yes,,,,,ENT811697956043,380600
TXN-004165,CUS-0339,9994674369,2026-08-27 09:31,TRANSFER,credit,400000,Demo Oil Services Ltd,Placeholder Bank,Salary,successful,,yes,,,,,ENT972487373118,907500
TXN-004576,CUS-0372,9937583244,2026-08-27 09:31,TRANSFER,credit,180000,Placeholder Schools,Quick Fictional Bank,Salary,successful,,yes,,,,,ENT281185419197,1165200
TXN-004646,CUS-0377,9956948792,2026-08-27 09:31,TRANSFER,credit,250000,Placeholder Schools,Demo Microfinance Bank,Salary,successful,,yes,,,,,ENT258745137945,522000
TXN-004934,CUS-0400,9927020003,2026-08-27 09:31,TRANSFER,credit,120000,Placeholder Schools,Placeholder Bank,Salary,successful,,yes,,,,,ENT440031464588,463500
TXN-006027,CUS-0488,9947422699,2026-08-27 09:31,TRANSFER,credit,180000,Mock Logistics Ltd,Fictional Trust Bank,Salary,successful,,yes,,,,,ENT326302566622,372500
TXN-000219,CUS-0019,9953801291,2026-08-27 09:32,TRANSFER,credit,250000,Demo Oil Services Ltd,Sample Savings Bank,Salary,successful,,yes,,,,,ENT533096787415,462700
TXN-003681,CUS-0298,9994675331,2026-08-27 09:32,TRANSFER,credit,650000,Sample Tech Hub,Fictional Trust Bank,Salary,successful,,yes,,,,,ENT508309923671,1730000
TXN-005287,CUS-0429,9962754614,2026-08-27 09:32,TRANSFER,credit,180000,Placeholder Schools,Quick Fictional Bank,Salary,successful,,yes,,,,,ENT345688217205,1127600
TXN-005323,CUS-0432,9901762982,2026-08-27 09:32,TRANSFER,credit,400000,Mock Logistics Ltd,Demo Microfinance Bank,Salary,successful,,yes,,,,,ENT164804335615,1089500
TXN-005510,CUS-0447,9988158943,2026-08-27 09:32,TRANSFER,credit,85000,Sample Tech Hub,Demo Microfinance Bank,Salary,successful,,yes,,,,,ENT173689340381,212200
TXN-005992,CUS-0485,9974291653,2026-08-27 09:32,TRANSFER,credit,180000,Sample Tech Hub,Sample Savings Bank,Salary,successful,,yes,,,,,ENT983682954695,2809200
TXN-000827,CUS-0069,9935953494,2026-08-27 09:33,TRANSFER,credit,650000,Demo Oil Services Ltd,Sample Savings Bank,Salary,successful,,yes,,,,,ENT444464076279,2157200
TXN-001231,CUS-0102,9912452877,2026-08-27 09:33,TRANSFER,credit,120000,Sample Tech Hub,Fictional Trust Bank,Salary,successful,,yes,,,,,ENT114966592626,253500
TXN-002004,CUS-0164,9963544644,2026-08-27 09:33,TRANSFER,credit,120000,Mock Logistics Ltd,Fictional Trust Bank,Salary,successful,,yes,,,,,ENT640549482022,1050400
TXN-002733,CUS-0222,9943397743,2026-08-27 09:33,TRANSFER,credit,650000,Placeholder Schools,Demo Microfinance Bank,Salary,successful,,yes,,,,,ENT488063487869,1210500
TXN-003137,CUS-0253,9919879915,2026-08-27 09:33,TRANSFER,credit,180000,Sample Tech Hub,Placeholder Bank,Salary,successful,,yes,,,,,ENT440373446916,302200
TXN-004081,CUS-0332,9988059718,2026-08-27 09:33,TRANSFER,credit,650000,Mock Logistics Ltd,Sample Savings Bank,Salary,successful,,yes,,,,,ENT184191154517,3696200
TXN-004617,CUS-0375,9951549033,2026-08-27 09:33,TRANSFER,credit,400000,Mock Logistics Ltd,Fictional Trust Bank,Salary,successful,,yes,,,,,ENT723534629045,704000
TXN-005376,CUS-0436,9957764503,2026-08-27 09:33,TRANSFER,credit,400000,Demo Oil Services Ltd,Sample Savings Bank,Salary,successful,,yes,,,,,ENT217675873551,1623400
TXN-000340,CUS-0029,9914497660,2026-08-27 09:34,TRANSFER,credit,120000,Fictional State Ministry,Fictional Trust Bank,Salary,successful,,yes,,,,,ENT133352701844,965000
TXN-000512,CUS-0043,9985469059,2026-08-27 09:34,TRANSFER,credit,250000,Demo Oil Services Ltd,Sample Savings Bank,Salary,successful,,yes,,,,,ENT316516389416,504000
TXN-000710,CUS-0059,9990421631,2026-08-27 09:34,TRANSFER,credit,650000,Mock Logistics Ltd,Quick Fictional Bank,Salary,successful,,yes,,,,,ENT910075337861,1412500
TXN-000791,CUS-0066,9915141363,2026-08-27 09:34,TRANSFER,credit,180000,Fictional State Ministry,Fictional Trust Bank,Salary,successful,,yes,,,,,ENT228809776281,2788700
TXN-001485,CUS-0122,9920453316,2026-08-27 09:34,TRANSFER,credit,120000,Sample Tech Hub,Sample Savings Bank,Salary,successful,,yes,,,,,ENT842671443556,2647500
TXN-001646,CUS-0135,9907512280,2026-08-27 09:34,TRANSFER,credit,400000,Sample Tech Hub,Sample Savings Bank,Salary,successful,,yes,,,,,ENT213572662232,829500
TXN-003833,CUS-0311,9977866026,2026-08-27 09:34,TRANSFER,credit,250000,Demo Oil Services Ltd,Demo Microfinance Bank,Salary,successful,,yes,,,,,ENT360949056462,544600
TXN-005488,CUS-0445,9937220724,2026-08-27 09:34,TRANSFER,credit,250000,Placeholder Schools,Fictional Trust Bank,Salary,successful,,yes,,,,,ENT212397406718,403100
TXN-000743,CUS-0062,9913785222,2026-08-27 09:35,TRANSFER,credit,400000,Placeholder Schools,Sample Savings Bank,Salary,successful,,yes,,,,,ENT482538758281,1613200
TXN-001281,CUS-0106,9959061922,2026-08-27 09:35,TRANSFER,credit,120000,Demo Oil Services Ltd,Demo Microfinance Bank,Salary,successful,,yes,,,,,ENT556119308284,234500
TXN-001548,CUS-0127,9911211684,2026-08-27 09:35,TRANSFER,credit,120000,Sample Tech Hub,Demo Microfinance Bank,Salary,successful,,yes,,,,,ENT688087347845,565000
TXN-004656,CUS-0378,9920862512,2026-08-27 09:35,TRANSFER,credit,400000,Fictional State Ministry,Demo Microfinance Bank,Salary,successful,,yes,,,,,ENT899031628060,3182000
TXN-005225,CUS-0424,9968184455,2026-08-27 09:35,TRANSFER,credit,120000,Fictional State Ministry,Sample Savings Bank,Salary,successful,,yes,,,,,ENT293786766414,131600
TXN-005426,CUS-0440,9953918603,2026-08-27 09:35,TRANSFER,credit,120000,Placeholder Schools,Sample Savings Bank,Salary,successful,,yes,,,,,ENT986280841015,526600
TXN-000043,CUS-0004,9989768469,2026-08-27 09:36,TRANSFER,credit,180000,Placeholder Schools,Fictional Trust Bank,Salary,successful,,yes,,,,,ENT298936538500,1170000
TXN-000426,CUS-0036,9926978043,2026-08-27 09:36,TRANSFER,credit,650000,Fictional State Ministry,Quick Fictional Bank,Salary,successful,,yes,,,,,ENT422277508270,1682500
TXN-002132,CUS-0174,9904061872,2026-08-27 09:36,TRANSFER,credit,650000,Sample Tech Hub,Quick Fictional Bank,Salary,successful,,yes,,,,,ENT568121294196,3744700
TXN-002313,CUS-0189,9908672820,2026-08-27 09:36,TRANSFER,credit,85000,Sample Tech Hub,Demo Microfinance Bank,Salary,successful,,yes,,,,,ENT291323526676,307200
TXN-002643,CUS-0215,9948992789,2026-08-27 09:36,TRANSFER,credit,180000,Fictional State Ministry,Sample Savings Bank,Salary,successful,,yes,,,,,ENT930007871974,203700
TXN-002747,CUS-0223,9973866346,2026-08-27 09:36,TRANSFER,credit,85000,Placeholder Schools,Demo Microfinance Bank,Salary,successful,,yes,,,,,ENT405335425429,202500
TXN-002988,CUS-0241,9968320519,2026-08-27 09:36,TRANSFER,credit,250000,Sample Tech Hub,Placeholder Bank,Salary,successful,,yes,,,,,ENT555211071013,522000
TXN-003452,CUS-0279,9955326148,2026-08-27 09:36,TRANSFER,credit,250000,Demo Oil Services Ltd,Sample Savings Bank,Salary,successful,,yes,,,,,ENT574725406729,487000
TXN-004228,CUS-0344,9972087668,2026-08-27 09:36,TRANSFER,credit,120000,Sample Tech Hub,Quick Fictional Bank,Salary,successful,,yes,,,,,ENT581385979543,251000
TXN-004454,CUS-0362,9925256262,2026-08-27 09:36,TRANSFER,credit,120000,Fictional State Ministry,Placeholder Bank,Salary,successful,,yes,,,,,ENT853219837959,588000
TXN-004973,CUS-0403,9978555237,2026-08-27 09:36,TRANSFER,credit,250000,Sample Tech Hub,Quick Fictional Bank,Salary,successful,,yes,,,,,ENT913351575726,2934000
TXN-005078,CUS-0412,9954372850,2026-08-27 09:36,TRANSFER,credit,120000,Demo Oil Services Ltd,Quick Fictional Bank,Salary,successful,,yes,,,,,ENT558121439718,474200
TXN-005625,CUS-0456,9972514839,2026-08-27 09:36,TRANSFER,credit,400000,Placeholder Schools,Demo Microfinance Bank,Salary,successful,,yes,,,,,ENT820759498629,742200
TXN-000461,CUS-0039,9960824456,2026-08-27 09:37,TRANSFER,credit,85000,Demo Oil Services Ltd,Placeholder Bank,Salary,successful,,yes,,,,,ENT360614807247,298600
TXN-001667,CUS-0137,9965386482,2026-08-27 09:37,TRANSFER,credit,120000,Placeholder Schools,Quick Fictional Bank,Salary,successful,,yes,,,,,ENT958583598168,184500
TXN-002875,CUS-0233,9907462096,2026-08-27 09:37,TRANSFER,credit,650000,Mock Logistics Ltd,Sample Savings Bank,Salary,successful,,yes,,,,,ENT278641144584,1269500
TXN-005039,CUS-0409,9926600363,2026-08-27 09:37,TRANSFER,credit,250000,Fictional State Ministry,Sample Savings Bank,Salary,successful,,yes,,,,,ENT705294471032,632100
TXN-006119,CUS-0495,9921089129,2026-08-27 09:37,TRANSFER,credit,400000,Placeholder Schools,Sample Savings Bank,Salary,successful,,yes,,,,,ENT719482196703,1648000
TXN-000388,CUS-0033,9940720754,2026-08-27 09:38,TRANSFER,credit,650000,Demo Oil Services Ltd,Placeholder Bank,Salary,successful,,yes,,,,,ENT298074228134,1569000
TXN-000674,CUS-0056,9998286408,2026-08-27 09:38,TRANSFER,credit,650000,Mock Logistics Ltd,Demo Microfinance Bank,Salary,successful,,yes,,,,,ENT136551496250,1362500
TXN-001094,CUS-0091,9981013315,2026-08-27 09:38,TRANSFER,credit,250000,Sample Tech Hub,Demo Microfinance Bank,Salary,successful,,yes,,,,,ENT778778192017,1240000
TXN-003160,CUS-0255,9927357934,2026-08-27 09:38,TRANSFER,credit,180000,Mock Logistics Ltd,Quick Fictional Bank,Salary,successful,,yes,,,,,ENT943310153995,1167700
TXN-003231,CUS-0261,9911168312,2026-08-27 09:38,TRANSFER,credit,85000,Fictional State Ministry,Placeholder Bank,Salary,successful,,yes,,,,,ENT205358881329,987700
TXN-004805,CUS-0390,9910397222,2026-08-27 09:38,TRANSFER,credit,250000,Placeholder Schools,Quick Fictional Bank,Salary,successful,,yes,,,,,ENT905367741856,610000
TXN-000781,CUS-0065,9977605538,2026-08-27 09:39,TRANSFER,credit,650000,Sample Tech Hub,Demo Microfinance Bank,Salary,successful,,yes,,,,,ENT104803888160,1319700
TXN-001118,CUS-0093,9969795168,2026-08-27 09:39,TRANSFER,credit,180000,Demo Oil Services Ltd,Fictional Trust Bank,Salary,successful,,yes,,,,,ENT302189697266,2824000
TXN-001128,CUS-0094,9962528456,2026-08-27 09:39,TRANSFER,credit,85000,Sample Tech Hub,Sample Savings Bank,Salary,successful,,yes,,,,,ENT168404931019,105200
TXN-001182,CUS-0098,9958025797,2026-08-27 09:39,TRANSFER,credit,400000,Sample Tech Hub,Demo Microfinance Bank,Salary,successful,,yes,,,,,ENT884452736688,1123000
TXN-001800,CUS-0148,9929634769,2026-08-27 09:39,TRANSFER,credit,120000,Sample Tech Hub,Fictional Trust Bank,Salary,successful,,yes,,,,,ENT235057622831,594200
TXN-002165,CUS-0177,9940024094,2026-08-27 09:39,TRANSFER,credit,120000,Placeholder Schools,Demo Microfinance Bank,Salary,successful,,yes,,,,,ENT561295892777,559500
TXN-002239,CUS-0183,9902993351,2026-08-27 09:39,TRANSFER,credit,85000,Demo Oil Services Ltd,Demo Microfinance Bank,Salary,successful,,yes,,,,,ENT787289825093,2432000
TXN-003527,CUS-0285,9943032214,2026-08-27 09:39,TRANSFER,credit,650000,Placeholder Schools,Sample Savings Bank,Salary,successful,,yes,,,,,ENT738474626757,2116000
TXN-003738,CUS-0303,9914192446,2026-08-27 09:39,TRANSFER,credit,250000,Demo Oil Services Ltd,Sample Savings Bank,Salary,successful,,yes,,,,,ENT458919596508,2952000
TXN-004833,CUS-0392,9991287050,2026-08-27 09:39,TRANSFER,credit,120000,Sample Tech Hub,Placeholder Bank,Salary,successful,,yes,,,,,ENT603546143454,585200
TXN-005405,CUS-0438,9912614443,2026-08-27 09:39,TRANSFER,credit,400000,Fictional State Ministry,Quick Fictional Bank,Salary,successful,,yes,,,,,ENT768350930348,3213200
TXN-005451,CUS-0442,9996044337,2026-08-27 09:39,TRANSFER,credit,650000,Demo Oil Services Ltd,Fictional Trust Bank,Salary,successful,,yes,,,,,ENT122170066361,3736600
TXN-005800,CUS-0470,9929794391,2026-08-27 09:39,TRANSFER,credit,250000,Placeholder Schools,Demo Microfinance Bank,Salary,successful,,yes,,,,,ENT326454994272,744100
TXN-000888,CUS-0074,9981299914,2026-08-27 09:40,TRANSFER,credit,120000,Placeholder Schools,Quick Fictional Bank,Salary,successful,,yes,,,,,ENT665804311905,232000
TXN-001032,CUS-0086,9907016929,2026-08-27 09:40,TRANSFER,credit,120000,Demo Oil Services Ltd,Placeholder Bank,Salary,successful,,yes,,,,,ENT173507609469,315000
TXN-001610,CUS-0132,9913900264,2026-08-27 09:40,TRANSFER,credit,180000,Sample Tech Hub,Sample Savings Bank,Salary,successful,,yes,,,,,ENT566248758941,2712000
TXN-002190,CUS-0179,9929958470,2026-08-27 09:40,TRANSFER,credit,180000,Fictional State Ministry,Demo Microfinance Bank,Salary,successful,,yes,,,,,ENT278404822088,243500
TXN-003268,CUS-0264,9910453125,2026-08-27 09:40,TRANSFER,credit,85000,Mock Logistics Ltd,Demo Microfinance Bank,Salary,successful,,yes,,,,,ENT113606531948,142500
TXN-003764,CUS-0305,9912573853,2026-08-27 09:40,TRANSFER,credit,120000,Placeholder Schools,Demo Microfinance Bank,Salary,successful,,yes,,,,,ENT849674728424,257000
TXN-004011,CUS-0326,9996550219,2026-08-27 09:40,TRANSFER,credit,250000,Fictional State Ministry,Quick Fictional Bank,Salary,successful,,yes,,,,,ENT394481817311,446000
TXN-004128,CUS-0336,9952764504,2026-08-27 09:40,TRANSFER,credit,250000,Sample Tech Hub,Demo Microfinance Bank,Salary,successful,,yes,,,,,ENT391471553829,866300
TXN-004238,CUS-0345,9954456726,2026-08-27 09:40,TRANSFER,credit,180000,Fictional State Ministry,Quick Fictional Bank,Salary,successful,,yes,,,,,ENT745982432414,366600
TXN-004632,CUS-0376,9965266631,2026-08-27 09:40,TRANSFER,credit,85000,Fictional State Ministry,Quick Fictional Bank,Salary,successful,,yes,,,,,ENT197532355679,536200
TXN-004984,CUS-0404,9918022090,2026-08-27 09:40,TRANSFER,credit,250000,Fictional State Ministry,Quick Fictional Bank,Salary,successful,,yes,,,,,ENT536136398949,786200
TXN-001067,CUS-0089,9995292074,2026-08-27 09:41,TRANSFER,credit,650000,Demo Oil Services Ltd,Demo Microfinance Bank,Salary,successful,,yes,,,,,ENT138623672960,1354200
TXN-001079,CUS-0090,9945011459,2026-08-27 09:41,TRANSFER,credit,120000,Placeholder Schools,Sample Savings Bank,Salary,successful,,yes,,,,,ENT719224347837,474700
TXN-002029,CUS-0166,9936354926,2026-08-27 09:41,TRANSFER,credit,650000,Placeholder Schools,Fictional Trust Bank,Salary,successful,,yes,,,,,ENT633533270228,1230000
TXN-003001,CUS-0242,9902208747,2026-08-27 09:41,TRANSFER,credit,650000,Placeholder Schools,Sample Savings Bank,Salary,successful,,yes,,,,,ENT113787408189,3690600
TXN-003254,CUS-0263,9950345134,2026-08-27 09:41,TRANSFER,credit,180000,Fictional State Ministry,Quick Fictional Bank,Salary,successful,,yes,,,,,ENT727600772179,258500
TXN-003561,CUS-0288,9972097656,2026-08-27 09:41,TRANSFER,credit,400000,Placeholder Schools,Demo Microfinance Bank,Salary,successful,,yes,,,,,ENT597734480772,3131500
TXN-003749,CUS-0304,9919484159,2026-08-27 09:41,TRANSFER,credit,250000,Fictional State Ministry,Demo Microfinance Bank,Salary,successful,,yes,,,,,ENT948905288249,1092000
TXN-004378,CUS-0356,9916389373,2026-08-27 09:41,TRANSFER,credit,120000,Sample Tech Hub,Sample Savings Bank,Salary,successful,,yes,,,,,ENT665184073932,208700
TXN-005016,CUS-0407,9927834375,2026-08-27 09:41,TRANSFER,credit,85000,Mock Logistics Ltd,Quick Fictional Bank,Salary,successful,,yes,,,,,ENT816447839298,502500
TXN-005140,CUS-0417,9965144969,2026-08-27 09:41,TRANSFER,credit,120000,Placeholder Schools,Quick Fictional Bank,Salary,successful,,yes,,,,,ENT881650598230,933500
TXN-005600,CUS-0454,9915943156,2026-08-27 09:41,TRANSFER,credit,85000,Demo Oil Services Ltd,Demo Microfinance Bank,Salary,successful,,yes,,,,,ENT468723201442,2550500
TXN-000028,CUS-0003,9944729405,2026-08-27 09:42,TRANSFER,credit,250000,Mock Logistics Ltd,Sample Savings Bank,Salary,successful,,yes,,,,,ENT386828144783,487000
TXN-000605,CUS-0050,9988645732,2026-08-27 09:42,TRANSFER,credit,250000,Fictional State Ministry,Placeholder Bank,Salary,successful,,yes,,,,,ENT590870915484,398200
TXN-000994,CUS-0083,9950496570,2026-08-27 09:42,TRANSFER,credit,85000,Mock Logistics Ltd,Quick Fictional Bank,Salary,successful,,yes,,,,,ENT902781157564,190500
TXN-001694,CUS-0139,9928539598,2026-08-27 09:42,TRANSFER,credit,400000,Mock Logistics Ltd,Fictional Trust Bank,Salary,successful,,yes,,,,,ENT412865858737,3232200
TXN-002480,CUS-0202,9914950549,2026-08-27 09:42,TRANSFER,credit,85000,Fictional State Ministry,Placeholder Bank,Salary,successful,,yes,,,,,ENT517235502840,2528000
TXN-002697,CUS-0219,9930963627,2026-08-27 09:42,TRANSFER,credit,85000,Sample Tech Hub,Demo Microfinance Bank,Salary,successful,,yes,,,,,ENT727083894613,89200
TXN-003015,CUS-0243,9951135288,2026-08-27 09:42,TRANSFER,credit,250000,Sample Tech Hub,Demo Microfinance Bank,Salary,successful,,yes,,,,,ENT424741572570,371500
TXN-003244,CUS-0262,9969055121,2026-08-27 09:42,TRANSFER,credit,120000,Placeholder Schools,Sample Savings Bank,Salary,successful,,yes,,,,,ENT156069207284,514500
TXN-003441,CUS-0278,9932946850,2026-08-27 09:42,TRANSFER,credit,650000,Sample Tech Hub,Placeholder Bank,Salary,successful,,yes,,,,,ENT148071084642,1392200
TXN-004408,CUS-0358,9954026859,2026-08-27 09:42,TRANSFER,credit,250000,Sample Tech Hub,Demo Microfinance Bank,Salary,successful,,yes,,,,,ENT982443501682,366700
TXN-005751,CUS-0466,9921435033,2026-08-27 09:42,TRANSFER,credit,650000,Sample Tech Hub,Fictional Trust Bank,Salary,successful,,yes,,,,,ENT955790445912,1140500
TXN-005977,CUS-0484,9979764044,2026-08-27 09:42,TRANSFER,credit,400000,Demo Oil Services Ltd,Fictional Trust Bank,Salary,successful,,yes,,,,,ENT317866346489,710500
TXN-000180,CUS-0016,9982141621,2026-08-27 09:43,TRANSFER,credit,120000,Sample Tech Hub,Fictional Trust Bank,Salary,successful,,yes,,,,,ENT767480674773,559500
TXN-000437,CUS-0037,9980700159,2026-08-27 09:43,TRANSFER,credit,180000,Placeholder Schools,Fictional Trust Bank,Salary,successful,,yes,,,,,ENT699756915163,1206500
TXN-001267,CUS-0105,9972234888,2026-08-27 09:43,TRANSFER,credit,180000,Demo Oil Services Ltd,Fictional Trust Bank,Salary,successful,,yes,,,,,ENT381013590316,662600
TXN-001460,CUS-0120,9939956816,2026-08-27 09:43,TRANSFER,credit,250000,Sample Tech Hub,Quick Fictional Bank,Salary,successful,,yes,,,,,ENT699837922096,1351700
TXN-002278,CUS-0186,9978728285,2026-08-27 09:43,TRANSFER,credit,85000,Fictional State Ministry,Quick Fictional Bank,Salary,successful,,yes,,,,,ENT616449561825,2531500
TXN-002529,CUS-0206,9960946297,2026-08-27 09:43,TRANSFER,credit,400000,Mock Logistics Ltd,Sample Savings Bank,Salary,successful,,yes,,,,,ENT704986041250,1223500
TXN-002973,CUS-0240,9926272745,2026-08-27 09:43,TRANSFER,credit,180000,Fictional State Ministry,Fictional Trust Bank,Salary,successful,,yes,,,,,ENT195717984576,708100
TXN-003583,CUS-0290,9927406438,2026-08-27 09:43,TRANSFER,credit,400000,Demo Oil Services Ltd,Demo Microfinance Bank,Salary,successful,,yes,,,,,ENT182522115682,1069400
TXN-003976,CUS-0323,9954538030,2026-08-27 09:43,TRANSFER,credit,650000,Sample Tech Hub,Quick Fictional Bank,Salary,successful,,yes,,,,,ENT540668148831,1189100
TXN-004468,CUS-0363,9914265763,2026-08-27 09:43,TRANSFER,credit,180000,Mock Logistics Ltd,Fictional Trust Bank,Salary,successful,,yes,,,,,ENT606981577347,2681600
TXN-005903,CUS-0478,9926098818,2026-08-27 09:43,TRANSFER,credit,650000,Fictional State Ministry,Quick Fictional Bank,Salary,successful,,yes,,,,,ENT619859833297,3682700
TXN-000948,CUS-0079,9971711243,2026-08-27 09:44,TRANSFER,credit,85000,Mock Logistics Ltd,Fictional Trust Bank,Salary,successful,,yes,,,,,ENT608802881239,996000
TXN-000958,CUS-0080,9903022502,2026-08-27 09:44,TRANSFER,credit,180000,Fictional State Ministry,Fictional Trust Bank,Salary,successful,,yes,,,,,ENT577757789880,262500
TXN-001255,CUS-0104,9910528659,2026-08-27 09:44,TRANSFER,credit,400000,Sample Tech Hub,Demo Microfinance Bank,Salary,successful,,yes,,,,,ENT526148475837,805500
TXN-002518,CUS-0205,9904236164,2026-08-27 09:44,TRANSFER,credit,180000,Demo Oil Services Ltd,Quick Fictional Bank,Salary,successful,,yes,,,,,ENT464701839551,336700
TXN-002797,CUS-0227,9986617876,2026-08-27 09:44,TRANSFER,credit,120000,Sample Tech Hub,Fictional Trust Bank,Salary,successful,,yes,,,,,ENT653583319729,2684000
TXN-003538,CUS-0286,9930900140,2026-08-27 09:44,TRANSFER,credit,120000,Placeholder Schools,Demo Microfinance Bank,Salary,successful,,yes,,,,,ENT517922825250,2702000
TXN-003906,CUS-0317,9938331314,2026-08-27 09:44,TRANSFER,credit,400000,Placeholder Schools,Sample Savings Bank,Salary,successful,,yes,,,,,ENT648645875175,696500
TXN-005178,CUS-0420,9939184404,2026-08-27 09:44,TRANSFER,credit,120000,Placeholder Schools,Fictional Trust Bank,Salary,successful,,yes,,,,,ENT703611120530,1083000
TXN-005740,CUS-0465,9919915036,2026-08-27 09:44,TRANSFER,credit,250000,Placeholder Schools,Quick Fictional Bank,Salary,successful,,yes,,,,,ENT748198987113,1321200
TXN-000296,CUS-0025,9948452630,2026-08-27 09:45,TRANSFER,credit,250000,Placeholder Schools,Sample Savings Bank,Salary,successful,,yes,,,,,ENT193409771574,672200
TXN-002821,CUS-0229,9993322503,2026-08-27 09:45,TRANSFER,credit,180000,Fictional State Ministry,Sample Savings Bank,Salary,successful,,yes,,,,,ENT768841565918,647000
TXN-003084,CUS-0249,9911871482,2026-08-27 09:45,TRANSFER,credit,120000,Fictional State Ministry,Placeholder Bank,Salary,successful,,yes,,,,,ENT869115718050,331500
TXN-003343,CUS-0270,9932642118,2026-08-27 09:45,TRANSFER,credit,650000,Demo Oil Services Ltd,Quick Fictional Bank,Salary,successful,,yes,,,,,ENT265214593684,1293000
TXN-004117,CUS-0335,9937290469,2026-08-27 09:45,TRANSFER,credit,400000,Sample Tech Hub,Fictional Trust Bank,Salary,successful,,yes,,,,,ENT158430759030,1563500
TXN-005006,CUS-0406,9986833881,2026-08-27 09:45,TRANSFER,credit,85000,Demo Oil Services Ltd,Demo Microfinance Bank,Salary,successful,,yes,,,,,ENT195392812783,563500
TXN-005249,CUS-0426,9934548587,2026-08-27 09:45,TRANSFER,credit,85000,Fictional State Ministry,Placeholder Bank,Salary,successful,,yes,,,,,ENT454630834673,391500
TXN-005537,CUS-0449,9921814877,2026-08-27 09:45,TRANSFER,credit,180000,Fictional State Ministry,Fictional Trust Bank,Salary,successful,,yes,,,,,ENT901133604542,593700
TXN-000590,CUS-0049,9996745219,2026-08-27 09:46,TRANSFER,credit,650000,Sample Tech Hub,Quick Fictional Bank,Salary,successful,,yes,,,,,ENT418724464543,2084500
TXN-000755,CUS-0063,9948085347,2026-08-27 09:46,TRANSFER,credit,250000,Fictional State Ministry,Placeholder Bank,Salary,successful,,yes,,,,,ENT712740073856,348000
TXN-001597,CUS-0131,9915379101,2026-08-27 09:46,TRANSFER,credit,400000,Mock Logistics Ltd,Placeholder Bank,Salary,successful,,yes,,,,,ENT782626045110,720300
TXN-002040,CUS-0167,9922102298,2026-08-27 09:46,TRANSFER,credit,120000,Fictional State Ministry,Quick Fictional Bank,Salary,successful,,yes,,,,,ENT767578014280,1139500
TXN-002543,CUS-0207,9954079211,2026-08-27 09:46,TRANSFER,credit,85000,Sample Tech Hub,Fictional Trust Bank,Salary,successful,,yes,,,,,ENT402216442748,477200
TXN-002774,CUS-0225,9910257598,2026-08-27 09:46,TRANSFER,credit,120000,Placeholder Schools,Quick Fictional Bank,Salary,successful,,yes,,,,,ENT163415365034,1092500
TXN-003988,CUS-0324,9957360445,2026-08-27 09:46,TRANSFER,credit,650000,Sample Tech Hub,Quick Fictional Bank,Salary,successful,,yes,,,,,ENT479705828757,1579000
TXN-004493,CUS-0365,9966800555,2026-08-27 09:46,TRANSFER,credit,250000,Mock Logistics Ltd,Quick Fictional Bank,Salary,successful,,yes,,,,,ENT416913496781,1290500
TXN-004505,CUS-0366,9961438798,2026-08-27 09:46,TRANSFER,credit,250000,Demo Oil Services Ltd,Placeholder Bank,Salary,successful,,yes,,,,,ENT294924049715,393800
TXN-004919,CUS-0398,9963495400,2026-08-27 09:46,ATM,debit,40000,ENTIN ATM,,ATM withdrawal,successful,yes,,yes,,,,ENT148728356901,200500
TXN-005842,CUS-0473,9956177643,2026-08-27 09:46,TRANSFER,credit,120000,Fictional State Ministry,Sample Savings Bank,Salary,successful,,yes,,,,,ENT764295650978,216200
TXN-006064,CUS-0491,9971365877,2026-08-27 09:46,TRANSFER,credit,400000,Demo Oil Services Ltd,Demo Microfinance Bank,Salary,successful,,yes,,,,,ENT790605411365,1166200
TXN-000088,CUS-0008,9971475136,2026-08-27 09:47,TRANSFER,credit,400000,Fictional State Ministry,Demo Microfinance Bank,Salary,successful,,yes,,,,,ENT489425781449,1238200
TXN-001924,CUS-0158,9916441320,2026-08-27 09:47,TRANSFER,credit,400000,Placeholder Schools,Quick Fictional Bank,Salary,successful,,yes,,,,,ENT784362646108,1585000
TXN-003304,CUS-0267,9975140396,2026-08-27 09:47,TRANSFER,credit,120000,Placeholder Schools,Demo Microfinance Bank,Salary,successful,,yes,,,,,ENT583247789093,278000
TXN-005350,CUS-0434,9998934709,2026-08-27 09:47,TRANSFER,credit,85000,Placeholder Schools,Quick Fictional Bank,Salary,successful,,yes,,,,,ENT711359863797,452700
TXN-005365,CUS-0435,9996618422,2026-08-27 09:47,TRANSFER,credit,120000,Fictional State Ministry,Demo Microfinance Bank,Salary,successful,,yes,,,,,ENT874867007712,382000
TXN-005916,CUS-0479,9976613626,2026-08-27 09:47,TRANSFER,credit,650000,Placeholder Schools,Placeholder Bank,Salary,successful,,yes,,,,,ENT637061713403,1145000
TXN-000412,CUS-0035,9955689832,2026-08-27 09:48,TRANSFER,credit,85000,Sample Tech Hub,Placeholder Bank,Salary,successful,,yes,,,,,ENT238035073261,2543000
TXN-000648,CUS-0054,9918621076,2026-08-27 09:48,TRANSFER,credit,85000,Sample Tech Hub,Placeholder Bank,Salary,successful,,yes,,,,,ENT691351059625,454700
TXN-002017,CUS-0165,9957207101,2026-08-27 09:48,TRANSFER,credit,650000,Placeholder Schools,Fictional Trust Bank,Salary,successful,,yes,,,,,ENT900300519866,1224000
TXN-004317,CUS-0351,9935890704,2026-08-27 09:48,TRANSFER,credit,250000,Fictional State Ministry,Placeholder Bank,Salary,successful,,yes,,,,,ENT177656377914,424700
TXN-004924,CUS-0399,9942983565,2026-08-27 09:48,TRANSFER,credit,85000,Fictional State Ministry,Placeholder Bank,Salary,successful,,yes,,,,,ENT619903487081,551500
TXN-005574,CUS-0452,9921145268,2026-08-27 09:48,TRANSFER,credit,85000,Fictional State Ministry,Demo Microfinance Bank,Salary,successful,,yes,,,,,ENT587218237464,567200
TXN-000971,CUS-0081,9908238613,2026-08-27 09:49,TRANSFER,credit,250000,Fictional State Ministry,Placeholder Bank,Salary,successful,,yes,,,,,ENT388833798527,2925000
TXN-001017,CUS-0085,9920987695,2026-08-27 09:49,TRANSFER,credit,120000,Placeholder Schools,Fictional Trust Bank,Salary,successful,,yes,,,,,ENT512722324220,862200
TXN-004881,CUS-0396,9979503876,2026-08-27 09:49,TRANSFER,credit,400000,Mock Logistics Ltd,Demo Microfinance Bank,Salary,successful,,yes,,,,,ENT574362980121,708000
TXN-000900,CUS-0075,9926436628,2026-08-27 09:50,TRANSFER,credit,85000,Mock Logistics Ltd,Quick Fictional Bank,Salary,successful,,yes,,,,,ENT269410233158,196000
TXN-001939,CUS-0159,9941946065,2026-08-27 09:50,TRANSFER,credit,650000,Sample Tech Hub,Quick Fictional Bank,Salary,successful,,yes,,,,,ENT817252308403,1287500
TXN-002617,CUS-0213,9943848714,2026-08-27 09:50,TRANSFER,credit,400000,Fictional State Ministry,Quick Fictional Bank,Salary,successful,,yes,,,,,ENT134176001899,819500
TXN-003693,CUS-0299,9903987204,2026-08-27 09:50,TRANSFER,credit,120000,Mock Logistics Ltd,Placeholder Bank,Salary,successful,,yes,,,,,ENT634042904542,255500
TXN-003713,CUS-0301,9969065643,2026-08-27 09:50,TRANSFER,credit,180000,Placeholder Schools,Fictional Trust Bank,Salary,successful,,yes,,,,,ENT549082917001,405000
TXN-003870,CUS-0314,9990571386,2026-08-27 09:50,TRANSFER,credit,120000,Fictional State Ministry,Fictional Trust Bank,Salary,successful,,yes,,,,,ENT593156265505,298500
TXN-004784,CUS-0388,9966683513,2026-08-27 09:50,TRANSFER,credit,180000,Demo Oil Services Ltd,Placeholder Bank,Salary,successful,,yes,,,,,ENT110070772322,655600
TXN-005091,CUS-0413,9988958664,2026-08-27 09:50,TRANSFER,credit,120000,Sample Tech Hub,Demo Microfinance Bank,Salary,successful,,yes,,,,,ENT231124329735,2596500
TXN-005462,CUS-0443,9932469947,2026-08-27 09:50,TRANSFER,credit,85000,Sample Tech Hub,Demo Microfinance Bank,Salary,successful,,yes,,,,,ENT873031618724,165500
TXN-005675,CUS-0460,9955245029,2026-08-27 09:50,TRANSFER,credit,85000,Mock Logistics Ltd,Sample Savings Bank,Salary,successful,,yes,,,,,ENT161296012465,566200
TXN-005937,CUS-0481,9939475693,2026-08-27 09:50,TRANSFER,credit,250000,Sample Tech Hub,Fictional Trust Bank,Salary,successful,,yes,,,,,ENT543635813814,460200
TXN-005948,CUS-0482,9931572769,2026-08-27 09:50,TRANSFER,credit,250000,Fictional State Ministry,Placeholder Bank,Salary,successful,,yes,,,,,ENT280066490106,902000
TXN-001910,CUS-0157,9984980730,2026-08-27 09:51,TRANSFER,credit,650000,Sample Tech Hub,Placeholder Bank,Salary,successful,,yes,,,,,ENT996007373529,2035000
TXN-002291,CUS-0187,9956885470,2026-08-27 09:51,TRANSFER,credit,120000,Placeholder Schools,Fictional Trust Bank,Salary,successful,,yes,,,,,ENT386883301693,2667500
TXN-003329,CUS-0269,9936756441,2026-08-27 09:51,TRANSFER,credit,400000,Mock Logistics Ltd,Fictional Trust Bank,Salary,successful,,yes,,,,,ENT407033454539,3222000
TXN-004393,CUS-0357,9982452077,2026-08-27 09:51,TRANSFER,credit,400000,Sample Tech Hub,Sample Savings Bank,Salary,successful,,yes,,,,,ENT217300523508,846200
TXN-005053,CUS-0410,9922696173,2026-08-27 09:51,TRANSFER,credit,85000,Demo Oil Services Ltd,Sample Savings Bank,Salary,successful,,yes,,,,,ENT411737253312,97900
TXN-005117,CUS-0415,9933680819,2026-08-27 09:51,TRANSFER,credit,250000,Fictional State Ministry,Demo Microfinance Bank,Salary,successful,,yes,,,,,ENT109901687828,490000
TXN-005877,CUS-0476,9990474627,2026-08-27 09:51,TRANSFER,credit,400000,Fictional State Ministry,Sample Savings Bank,Salary,successful,,yes,,,,,ENT691821649152,3160300
TXN-006184,CUS-0500,9934447608,2026-08-27 09:51,TRANSFER,credit,400000,Mock Logistics Ltd,Fictional Trust Bank,Salary,successful,,yes,,,,,ENT392142950745,960200
TXN-000498,CUS-0042,9938560739,2026-08-27 09:52,TRANSFER,credit,120000,Fictional State Ministry,Placeholder Bank,Salary,successful,,yes,,,,,ENT236261665577,2630500
TXN-000626,CUS-0052,9965013327,2026-08-27 09:52,TRANSFER,credit,85000,Fictional State Ministry,Fictional Trust Bank,Salary,successful,,yes,,,,,ENT876484495789,2498400
TXN-001990,CUS-0163,9985476677,2026-08-27 09:52,TRANSFER,credit,85000,Sample Tech Hub,Demo Microfinance Bank,Salary,successful,,yes,,,,,ENT877049997440,260500
TXN-002065,CUS-0169,9984249158,2026-08-27 09:52,TRANSFER,credit,400000,Demo Oil Services Ltd,Placeholder Bank,Salary,successful,,yes,,,,,ENT655702920792,638700
TXN-002851,CUS-0231,9987407604,2026-08-27 09:52,TRANSFER,credit,180000,Sample Tech Hub,Fictional Trust Bank,Salary,successful,,yes,,,,,ENT533869006111,284000
TXN-003110,CUS-0251,9972251933,2026-08-27 09:52,TRANSFER,credit,120000,Fictional State Ministry,Quick Fictional Bank,Salary,successful,,yes,,,,,ENT481545474697,239500
TXN-003418,CUS-0276,9997590170,2026-08-27 09:52,TRANSFER,credit,120000,Placeholder Schools,Fictional Trust Bank,Salary,successful,,yes,,,,,ENT295685341142,234500
TXN-003475,CUS-0281,9984118790,2026-08-27 09:52,TRANSFER,credit,180000,Sample Tech Hub,Sample Savings Bank,Salary,successful,,yes,,,,,ENT632062502950,332000
TXN-003617,CUS-0293,9928185458,2026-08-27 09:52,TRANSFER,credit,120000,Placeholder Schools,Quick Fictional Bank,Salary,successful,,yes,,,,,ENT334960570576,679100
TXN-004533,CUS-0368,9940190302,2026-08-27 09:52,TRANSFER,credit,650000,Demo Oil Services Ltd,Placeholder Bank,Salary,successful,,yes,,,,,ENT694454182768,1301300
TXN-004910,CUS-0398,9963495400,2026-08-27 09:52,TRANSFER,credit,85000,Fictional State Ministry,Fictional Trust Bank,Salary,successful,,yes,,,,,ENT398474428970,285500
TXN-000114,CUS-0010,9928379298,2026-08-27 09:53,POS,debit,3500,StreamFlix (fictional),,POS purchase,successful,yes,,,,,,ENT767703433426,505000
TXN-000231,CUS-0020,9969256663,2026-08-27 09:53,TRANSFER,credit,650000,Mock Logistics Ltd,Quick Fictional Bank,Salary,successful,,yes,,,,,ENT731153681237,3718000
TXN-002254,CUS-0184,9912799315,2026-08-27 09:53,TRANSFER,credit,400000,Placeholder Schools,Quick Fictional Bank,Salary,successful,,yes,,,,,ENT521289563894,1558600
TXN-002454,CUS-0200,9967769593,2026-08-27 09:53,TRANSFER,credit,180000,Mock Logistics Ltd,Sample Savings Bank,Salary,successful,,yes,,,,,ENT723419641738,2750500
TXN-003628,CUS-0294,9981044386,2026-08-27 09:53,TRANSFER,credit,85000,Fictional State Ministry,Fictional Trust Bank,Salary,successful,,yes,,,,,ENT666838834707,2638000
TXN-005068,CUS-0411,9993781137,2026-08-27 09:53,TRANSFER,credit,400000,Demo Oil Services Ltd,Demo Microfinance Bank,Salary,successful,,yes,,,,,ENT899529550311,861500
TXN-005711,CUS-0463,9930718439,2026-08-27 09:53,TRANSFER,credit,400000,Fictional State Ministry,Fictional Trust Bank,Salary,successful,,yes,,,,,ENT524534566690,799500
TXN-005725,CUS-0464,9998523750,2026-08-27 09:53,TRANSFER,credit,85000,Placeholder Schools,Demo Microfinance Bank,Salary,successful,,yes,,,,,ENT355743893026,380500
TXN-006159,CUS-0498,9973945097,2026-08-27 09:53,TRANSFER,credit,650000,Mock Logistics Ltd,Placeholder Bank,Salary,successful,,yes,,,,,ENT444364210146,1419500
TXN-000837,CUS-0070,9980801000,2026-08-27 09:54,TRANSFER,credit,400000,Placeholder Schools,Placeholder Bank,Salary,successful,,yes,,,,,ENT972247352402,1017500
TXN-000911,CUS-0076,9970950601,2026-08-27 09:54,TRANSFER,credit,85000,Placeholder Schools,Sample Savings Bank,Salary,successful,,yes,,,,,ENT637168528206,140500
TXN-001107,CUS-0092,9995444615,2026-08-27 09:54,TRANSFER,credit,400000,Demo Oil Services Ltd,Placeholder Bank,Salary,successful,,yes,,,,,ENT729055798185,1657200
TXN-003070,CUS-0248,9955864605,2026-08-27 09:54,TRANSFER,credit,180000,Fictional State Ministry,Fictional Trust Bank,Salary,successful,,yes,,,,,ENT268695747791,609500
TXN-003642,CUS-0295,9991259758,2026-08-27 09:54,TRANSFER,credit,400000,Demo Oil Services Ltd,Demo Microfinance Bank,Salary,successful,,yes,,,,,ENT672101691410,824500
TXN-004035,CUS-0328,9932477086,2026-08-27 09:54,TRANSFER,credit,180000,Sample Tech Hub,Sample Savings Bank,Salary,successful,,yes,,,,,ENT780722883295,2838700
TXN-004292,CUS-0349,9918348045,2026-08-27 09:54,TRANSFER,credit,85000,Demo Oil Services Ltd,Quick Fictional Bank,Salary,successful,,yes,,,,,ENT190490219981,517000
TXN-005790,CUS-0469,9968933238,2026-08-27 09:54,TRANSFER,credit,180000,Sample Tech Hub,Demo Microfinance Bank,Salary,successful,,yes,,,,,ENT824915456164,425400
TXN-000269,CUS-0023,9902145842,2026-08-27 09:55,TRANSFER,credit,120000,Sample Tech Hub,Placeholder Bank,Salary,successful,,yes,,,,,ENT828072535254,158400
TXN-001977,CUS-0162,9936876480,2026-08-27 09:55,TRANSFER,credit,400000,Sample Tech Hub,Demo Microfinance Bank,Salary,successful,,yes,,,,,ENT183000772596,929400
TXN-002670,CUS-0217,9923754061,2026-08-27 09:55,TRANSFER,credit,250000,Mock Logistics Ltd,Demo Microfinance Bank,Salary,successful,,yes,,,,,ENT947696329717,937200
TXN-002917,CUS-0236,9941663809,2026-08-27 09:55,TRANSFER,credit,250000,Sample Tech Hub,Demo Microfinance Bank,Salary,successful,,yes,,,,,ENT802734053495,1219200
TXN-003572,CUS-0289,9944712177,2026-08-27 09:55,TRANSFER,credit,650000,Demo Oil Services Ltd,Fictional Trust Bank,Salary,successful,,yes,,,,,ENT385953334992,2101000
TXN-004279,CUS-0348,9968101700,2026-08-27 09:55,TRANSFER,credit,650000,Mock Logistics Ltd,Placeholder Bank,Salary,successful,,yes,,,,,ENT946124526031,2147000
TXN-004440,CUS-0361,9980291368,2026-08-27 09:55,TRANSFER,credit,180000,Fictional State Ministry,Quick Fictional Bank,Salary,successful,,yes,,,,,ENT613660133661,396200
TXN-004731,CUS-0384,9978462464,2026-08-27 09:55,TRANSFER,credit,85000,Mock Logistics Ltd,Quick Fictional Bank,Salary,successful,,yes,,,,,ENT439415044801,544000
TXN-005274,CUS-0428,9988816041,2026-08-27 09:55,TRANSFER,credit,250000,Demo Oil Services Ltd,Placeholder Bank,Salary,successful,,yes,,,,,ENT160990900559,471000
TXN-005854,CUS-0474,9967078673,2026-08-27 09:55,TRANSFER,credit,180000,Fictional State Ministry,Quick Fictional Bank,Salary,successful,,yes,,,,,ENT688224888172,357000
TXN-000684,CUS-0057,9939955156,2026-08-27 09:56,TRANSFER,credit,400000,Placeholder Schools,Placeholder Bank,Salary,successful,,yes,,,,,ENT154781337551,1074500
TXN-002558,CUS-0208,9908562995,2026-08-27 09:56,TRANSFER,credit,250000,Demo Oil Services Ltd,Demo Microfinance Bank,Salary,successful,,yes,,,,,ENT502236290112,2818700
TXN-003593,CUS-0291,9978065578,2026-08-27 09:56,TRANSFER,credit,180000,Demo Oil Services Ltd,Quick Fictional Bank,Salary,successful,,yes,,,,,ENT165048866997,434600
TXN-003964,CUS-0322,9949912955,2026-08-27 09:56,TRANSFER,credit,180000,Fictional State Ministry,Quick Fictional Bank,Salary,successful,,yes,,,,,ENT559534847789,2673700
TXN-004859,CUS-0394,9948693005,2026-08-27 09:56,TRANSFER,credit,250000,Demo Oil Services Ltd,Placeholder Bank,Salary,successful,,yes,,,,,ENT536135196678,480200
TXN-005167,CUS-0419,9947242692,2026-08-27 09:56,TRANSFER,credit,400000,Placeholder Schools,Placeholder Bank,Salary,successful,,yes,,,,,ENT834892446646,1177900
TXN-005237,CUS-0425,9940818369,2026-08-27 09:56,TRANSFER,credit,250000,Demo Oil Services Ltd,Quick Fictional Bank,Salary,successful,,yes,,,,,ENT622309132158,516000
TXN-005650,CUS-0458,9904367085,2026-08-27 09:56,TRANSFER,credit,120000,Mock Logistics Ltd,Quick Fictional Bank,Salary,successful,,yes,,,,,ENT720719686735,314400
TXN-000002,CUS-0001,9913998698,2026-08-27 09:57,TRANSFER,credit,180000,Sample Tech Hub,Demo Microfinance Bank,Salary,successful,,yes,,,,,ENT167663164516,312000
TXN-001584,CUS-0130,9970533656,2026-08-27 09:57,TRANSFER,credit,85000,Sample Tech Hub,Demo Microfinance Bank,Salary,successful,,yes,,,,,ENT401633769509,576000
TXN-001826,CUS-0150,9986703642,2026-08-27 09:57,TRANSFER,credit,650000,Demo Oil Services Ltd,Fictional Trust Bank,Salary,successful,,yes,,,,,ENT548795620491,1640000
TXN-002078,CUS-0170,9942564933,2026-08-27 09:57,TRANSFER,credit,120000,Fictional State Ministry,Quick Fictional Bank,Salary,successful,,yes,,,,,ENT277262955732,536500
TXN-002836,CUS-0230,9946252003,2026-08-27 09:57,TRANSFER,credit,85000,Placeholder Schools,Quick Fictional Bank,Salary,successful,,yes,,,,,ENT535572105428,322500
TXN-003486,CUS-0282,9946306844,2026-08-27 09:57,TRANSFER,credit,650000,Sample Tech Hub,Sample Savings Bank,Salary,successful,,yes,,,,,ENT821085686176,2062300
TXN-005105,CUS-0414,9977024396,2026-08-27 09:57,TRANSFER,credit,180000,Placeholder Schools,Quick Fictional Bank,Salary,successful,,yes,,,,,ENT396205428944,2785500
TXN-000195,CUS-0017,9946001304,2026-08-27 09:58,TRANSFER,credit,85000,Demo Oil Services Ltd,Demo Microfinance Bank,Salary,successful,,yes,,,,,ENT324313127614,312000
TXN-000283,CUS-0024,9988281126,2026-08-27 09:58,TRANSFER,credit,85000,Fictional State Ministry,Sample Savings Bank,Salary,successful,,yes,,,,,ENT166657769499,2597100
TXN-001206,CUS-0100,9919172290,2026-08-27 09:58,TRANSFER,credit,85000,Sample Tech Hub,Placeholder Bank,Salary,successful,,yes,,,,,ENT830035728808,2454700
TXN-001445,CUS-0119,9954928452,2026-08-27 09:58,TRANSFER,credit,85000,Mock Logistics Ltd,Fictional Trust Bank,Salary,successful,,yes,,,,,ENT201456531717,536000
TXN-002427,CUS-0198,9908529541,2026-08-27 09:58,TRANSFER,credit,180000,Sample Tech Hub,Quick Fictional Bank,Salary,successful,,yes,,,,,ENT332889851442,280500
TXN-003882,CUS-0315,9960596727,2026-08-27 09:58,TRANSFER,credit,250000,Mock Logistics Ltd,Placeholder Bank,Salary,successful,,yes,,,,,ENT284493934549,1211000
TXN-004705,CUS-0382,9965825920,2026-08-27 09:58,TRANSFER,credit,250000,Mock Logistics Ltd,Demo Microfinance Bank,Salary,successful,,yes,,,,,ENT119491574364,1316700
TXN-000451,CUS-0038,9928667534,2026-08-27 09:59,TRANSFER,credit,120000,Fictional State Ministry,Demo Microfinance Bank,Salary,successful,,yes,,,,,ENT560738024658,319000
TXN-000697,CUS-0058,9980156464,2026-08-27 09:59,TRANSFER,credit,250000,Mock Logistics Ltd,Demo Microfinance Bank,Salary,successful,,yes,,,,,ENT542858279885,870600
TXN-004869,CUS-0395,9969124143,2026-08-27 09:59,TRANSFER,credit,85000,Mock Logistics Ltd,Demo Microfinance Bank,Salary,successful,,yes,,,,,ENT353424943930,125500
TXN-005550,CUS-0450,9931478410,2026-08-27 09:59,TRANSFER,credit,85000,Fictional State Ministry,Sample Savings Bank,Salary,successful,,yes,,,,,ENT870792466560,465000
TXN-002035,CUS-0166,9936354926,2026-08-27 10:23,TRANSFER,debit,20000,Kunle O*****e,Fictional Trust Bank,Transfer,successful,yes,yes,,,,,ENT282483700795,1210000
TXN-002933,CUS-0237,9969336506,2026-08-27 10:51,TRANSFER,debit,5000,Gerald B****e,Quick Fictional Bank,Transfer,successful,yes,yes,,,,,ENT503424548848,547400
TXN-004294,CUS-0349,9918348045,2026-08-27 11:55,TRANSFER,debit,20000,Nkechi A***n,Fictional Trust Bank,Transfer,successful,yes,yes,,,,,ENT406168865836,497000
TXN-000679,CUS-0056,9998286408,2026-08-27 12:04,TRANSFER,debit,100000,Hauwa G***a,Demo Microfinance Bank,Transfer,successful,yes,yes,,,,,ENT961037773513,1262500
TXN-003941,CUS-0320,9939671395,2026-08-27 12:23,TRANSFER,debit,50000,Chioma A***n,Fictional Trust Bank,Transfer,successful,yes,yes,,,,,ENT119841144455,448900
TXN-001518,CUS-0124,9949138114,2026-08-27 12:25,TRANSFER,debit,10000,Abubakar C****u,Demo Microfinance Bank,Transfer,successful,yes,yes,,,,,ENT113978985066,376500
TXN-001196,CUS-0099,9936708878,2026-08-27 12:54,USSD,debit,1000,Airtime (fictional network),,Airtime purchase,successful,yes,,,,,,ENT270315752036,2776200
TXN-003876,CUS-0314,9990571386,2026-08-27 13:09,ATM,debit,20000,Other bank ATM,,ATM withdrawal,successful,yes,,no,,,,ENT323579005334,278500
TXN-005839,CUS-0472,9933859016,2026-08-27 13:27,TRANSFER,debit,5000,Adebayo S***u,Fictional Trust Bank,Transfer,successful,yes,yes,,,,,ENT222044435068,1190700
TXN-002284,CUS-0186,9978728285,2026-08-27 13:32,POS,debit,3500,StreamFlix (fictional),,POS purchase,successful,yes,,,,,,ENT935953932495,2528000
TXN-005771,CUS-0467,9930828759,2026-08-27 13:38,TRANSFER,debit,10000,Nkechi E****g,Fictional Trust Bank,Transfer,successful,yes,yes,,,,,ENT745613074611,2952200
TXN-003654,CUS-0295,9991259758,2026-08-27 14:01,WEB,debit,15000,QuickBuy Online (fictional),,Online card payment,successful,yes,,,,,,ENT932498864246,809500
TXN-005175,CUS-0419,9947242692,2026-08-27 14:38,POS,debit,45000,Lekki Luxury Stores,,POS purchase,successful,yes,,,,,,ENT484060338747,1132900
TXN-002413,CUS-0196,9967074401,2026-08-27 14:49,USSD,debit,500,Airtime (fictional network),,Airtime purchase,successful,yes,,,,,,ENT604694788246,317000
TXN-000261,CUS-0022,9965384535,2026-08-27 15:00,USSD,debit,2000,Airtime (fictional network),,Airtime purchase,successful,yes,,,,,,ENT600732198468,1141000
TXN-003790,CUS-0307,9938909584,2026-08-27 15:04,POS,debit,45000,Pharmacy Plus (fictional),,POS purchase,successful,yes,,,,,,ENT233362605150,3142000
TXN-002605,CUS-0211,9909502592,2026-08-27 15:09,POS,debit,1500,Market Stall POS,,POS purchase,successful,yes,,,,,,ENT549893007181,297000
TXN-002102,CUS-0171,9983851534,2026-08-27 15:43,TRANSFER,debit,35000,Bisola A*******i,Demo Microfinance Bank,Transfer,successful,yes,yes,,,,,ENT310470529029,918700
TXN-005767,CUS-0467,9930828759,2026-08-27 15:45,POS,debit,1500,Market Stall POS,,POS purchase,successful,yes,,,,,,ENT670240352487,2950700
TXN-004391,CUS-0356,9916389373,2026-08-27 16:08,TRANSFER,debit,20000,Lola O****e,Placeholder Bank,Transfer,successful,yes,yes,,,,,ENT409972252707,188700
TXN-001088,CUS-0090,9945011459,2026-08-27 16:25,POS,debit,1500,QuickBuy Online (fictional),,POS purchase,successful,yes,,,,,,ENT545352480688,473200
TXN-001026,CUS-0085,9920987695,2026-08-27 16:36,TRANSFER,debit,50000,Yemisi Y***f,Quick Fictional Bank,Transfer,successful,yes,yes,,,,,ENT999827421787,812200
TXN-005846,CUS-0473,9956177643,2026-08-27 16:40,POS,debit,7800,Bolt-like Rides (fictional),,POS purchase,successful,yes,,,,,,ENT921651691930,208400
TXN-003376,CUS-0272,9940071152,2026-08-27 16:46,TRANSFER,debit,10000,Chioma A*****e,Fictional Trust Bank,Transfer,successful,yes,yes,,,,,ENT197715899388,570200
TXN-003825,CUS-0310,9928648156,2026-08-27 16:46,ATM,debit,40000,ENTIN ATM,,ATM withdrawal,successful,yes,,yes,,,,ENT766643333526,169500
TXN-001382,CUS-0113,9918118331,2026-08-27 17:02,ATM,debit,20000,ENTIN ATM,,ATM withdrawal,successful,yes,,yes,,,,ENT493309678652,2149000
TXN-005268,CUS-0427,9914290139,2026-08-27 17:02,ATM,debit,40000,Other bank ATM,,ATM withdrawal,successful,yes,,no,,,,ENT784122265832,798000
TXN-002654,CUS-0215,9948992789,2026-08-27 17:11,ATM,debit,10000,ENTIN ATM,,ATM withdrawal,successful,yes,,yes,,,,ENT624110274447,193700
TXN-003345,CUS-0270,9932642118,2026-08-27 17:16,USSD,debit,5000,Airtime (fictional network),,Airtime purchase,successful,yes,,,,,,ENT616876909853,1288000
TXN-004507,CUS-0366,9961438798,2026-08-27 17:21,POS,debit,1500,Market Stall POS,,POS purchase,successful,yes,,,,,,ENT101564263165,392300
TXN-003488,CUS-0282,9946306844,2026-08-27 17:26,USSD,debit,2000,Airtime (fictional network),,Airtime purchase,successful,yes,,,,,,ENT969734840142,2060300
TXN-003086,CUS-0249,9911871482,2026-08-27 18:12,POS,debit,1500,StreamFlix (fictional),,POS purchase,successful,yes,,,,,,ENT779295550731,330000
TXN-002091,CUS-0171,9983851534,2026-08-27 18:42,POS,debit,1500,Mama Put Kitchen,,POS purchase,successful,yes,,,,,,ENT634452584050,917200
TXN-004259,CUS-0346,9910643132,2026-08-27 19:08,TRANSFER,debit,20000,Bello O*u,Placeholder Bank,Transfer,successful,yes,yes,,,,,ENT950458857424,726100
TXN-002497,CUS-0203,9911235217,2026-08-27 19:34,POS,debit,3500,Market Stall POS,,POS purchase,successful,yes,,,,,,ENT224926939431,189500
TXN-004172,CUS-0339,9994674369,2026-08-27 19:36,TRANSFER,debit,10000,Kunle O****r,Fictional Trust Bank,Transfer,successful,yes,yes,,,,,ENT386707366861,897500
TXN-005497,CUS-0445,9937220724,2026-08-27 19:41,USSD,debit,5000,Airtime (fictional network),,Airtime purchase,successful,yes,,,,,,ENT708953123898,398100
TXN-001744,CUS-0143,9964197110,2026-08-27 19:46,WEB,debit,2500,StreamFlix (fictional),,Online card payment,successful,yes,,,,,,ENT918403786379,1605000
TXN-001411,CUS-0116,9962245900,2026-08-27 20:44,WEB,debit,9900,StreamFlix (fictional),,Online card payment,successful,yes,,,,,,ENT517331177446,1640600
TXN-004690,CUS-0380,9935909163,2026-08-27 20:54,WEB,debit,15000,Lekki Luxury Stores,,Online card payment,successful,yes,,,,,,ENT602096533915,160000
TXN-001893,CUS-0155,9924565054,2026-08-27 21:17,TRANSFER,debit,10000,Tunde O****e,Placeholder Bank,Transfer,successful,yes,yes,,,,,ENT972534630910,540100
TXN-005269,CUS-0427,9914290139,2026-08-27 21:42,ATM,debit,10000,Other bank ATM,,ATM withdrawal,successful,yes,,no,,,,ENT621779057269,788000
TXN-004715,CUS-0382,9965825920,2026-08-27 21:48,TRANSFER,debit,20000,Seun N***i,Sample Savings Bank,Transfer,successful,yes,yes,,,,,ENT112667484404,1296700
TXN-005489,CUS-0445,9937220724,2026-08-27 21:52,ATM,debit,10000,Other bank ATM,,ATM withdrawal,successful,yes,,no,,,,ENT600385131114,388100
TXN-000413,CUS-0035,9955689832,2026-08-27 21:53,POS,debit,45000,Mama Put Kitchen,,POS purchase,successful,yes,,,,,,ENT858830411881,2498000
TXN-001453,CUS-0119,9954928452,2026-08-27 22:13,POS,debit,3500,StreamFlix (fictional),,POS purchase,successful,yes,,,,,,ENT479115969506,532500
TXN-003126,CUS-0252,9937906660,2026-08-27 22:35,USSD,debit,5000,Airtime (fictional network),,Airtime purchase,successful,yes,,,,,,ENT250437714089,1541300
TXN-003770,CUS-0305,9912573853,2026-08-27 22:38,USSD,debit,2000,Airtime (fictional network),,Airtime purchase,successful,yes,,,,,,ENT266504691549,255000
TXN-003965,CUS-0322,9949912955,2026-08-27 23:07,TRANSFER,debit,20000,Wale S**e,Demo Microfinance Bank,Transfer,successful,yes,yes,,,,,ENT629500471639,2653700
TXN-006004,CUS-0485,9974291653,2026-08-27 23:12,POS,debit,12500,Pharmacy Plus (fictional),,POS purchase,successful,yes,,,,,,ENT799110631339,2796700
TXN-001979,CUS-0162,9936876480,2026-08-27 23:19,TRANSFER,debit,5000,Lola A*****e,Demo Microfinance Bank,Transfer,successful,yes,yes,,,,,ENT502527512603,924400
TXN-003689,CUS-0298,9994675331,2026-08-27 23:24,USSD,debit,5000,Airtime (fictional network),,Airtime purchase,successful,yes,,,,,,ENT193134638483,1725000
TXN-003535,CUS-0285,9943032214,2026-08-27 23:50,POS,debit,12500,Lekki Luxury Stores,,POS purchase,successful,yes,,,,,,ENT935858388088,2103500
TXN-003934,CUS-0319,9964510647,2026-08-27 23:52,ATM,debit,20000,ENTIN ATM,,ATM withdrawal,successful,yes,,yes,,,,ENT321592276294,1155700
TXN-001339,CUS-0110,9951521657,2026-08-28 00:17,ATM,debit,10000,Other bank ATM,,ATM withdrawal,successful,yes,,no,,,,ENT466900327509,2632500
TXN-001264,CUS-0104,9910528659,2026-08-28 00:38,TRANSFER,debit,10000,Victor E**m,Fictional Trust Bank,Transfer,successful,yes,yes,,,,,ENT936489601862,795500
TXN-004438,CUS-0360,9950802361,2026-08-28 00:41,USSD,debit,500,Airtime (fictional network),,Airtime purchase,successful,yes,,,,,,ENT569343005364,3261500
TXN-003961,CUS-0321,9964528363,2026-08-28 00:49,WEB,debit,9900,Lekki Luxury Stores,,Online card payment,successful,yes,,,,,,ENT119282720865,601600
TXN-004075,CUS-0331,9925736997,2026-08-28 01:15,POS,debit,12500,Pharmacy Plus (fictional),,POS purchase,successful,yes,,,,,,ENT194381230212,222500
TXN-005752,CUS-0466,9921435033,2026-08-28 01:31,TRANSFER,debit,100000,Idara O******e,Quick Fictional Bank,Transfer,successful,yes,yes,,,,,ENT661715324707,1040500
TXN-000487,CUS-0041,9902520161,2026-08-28 02:22,ATM,debit,20000,Other bank ATM,,ATM withdrawal,successful,yes,,no,,,,ENT205231182689,1573200
TXN-002409,CUS-0196,9967074401,2026-08-28 03:13,TRANSFER,debit,20000,Amaka B***o,Demo Microfinance Bank,Transfer,successful,yes,yes,,,,,ENT567389154467,297000
TXN-000287,CUS-0024,9988281126,2026-08-28 03:15,USSD,debit,5000,Airtime (fictional network),,Airtime purchase,successful,yes,,,,,,ENT646071649510,2592100
TXN-005682,CUS-0460,9955245029,2026-08-28 03:17,ATM,debit,40000,Other bank ATM,,ATM withdrawal,successful,yes,,no,,,,ENT426733380299,526200
TXN-000835,CUS-0069,9935953494,2026-08-28 03:21,POS,debit,22000,Bolt-like Rides (fictional),,POS purchase,successful,yes,,,,,,ENT939712164862,2135200
TXN-003898,CUS-0316,9928767202,2026-08-28 03:47,POS,debit,3500,Mama Put Kitchen,,POS purchase,successful,yes,,,,,,ENT429098122336,1681000
TXN-002380,CUS-0194,9953387952,2026-08-28 04:10,TRANSFER,debit,35000,Precious L***l,Demo Microfinance Bank,Transfer,successful,yes,yes,,,,,ENT644000474566,364500
TXN-005493,CUS-0445,9937220724,2026-08-28 04:34,WEB,debit,9900,QuickBuy Online (fictional),,Online card payment,successful,yes,,,,,,ENT394252178183,378200
TXN-003330,CUS-0269,9936756441,2026-08-28 04:45,TRANSFER,debit,10000,Ronke O*i,Sample Savings Bank,Transfer,successful,yes,yes,,,,,ENT407120332968,3212000
TXN-004852,CUS-0393,9978315160,2026-08-28 04:50,TRANSFER,debit,50000,Obinna G***a,Quick Fictional Bank,Transfer,successful,yes,yes,,,,,ENT417601393596,52500
TXN-003447,CUS-0278,9932946850,2026-08-28 04:58,POS,debit,45000,Lekki Luxury Stores,,POS purchase,successful,yes,,,,,,ENT565641350971,1347200
TXN-004699,CUS-0381,9967998836,2026-08-28 05:03,USSD,debit,5000,Airtime (fictional network),,Airtime purchase,successful,yes,,,,,,ENT583591699833,296300
TXN-000308,CUS-0026,9905154382,2026-08-28 05:28,ATM,debit,10000,Other bank ATM,,ATM withdrawal,successful,yes,,no,,,,ENT820575686760,466700
TXN-005409,CUS-0438,9912614443,2026-08-28 05:35,USSD,debit,5000,Airtime (fictional network),,Airtime purchase,successful,yes,,,,,,ENT147395948298,3208200
TXN-001097,CUS-0091,9981013315,2026-08-28 05:36,WEB,debit,2500,Lekki Luxury Stores,,Online card payment,successful,yes,,,,,,ENT534786615919,1237500
TXN-003081,CUS-0248,9955864605,2026-08-28 05:40,TRANSFER,debit,5000,Chiamaka O*****e,Placeholder Bank,Transfer,successful,yes,yes,,,,,ENT759213286320,604500
TXN-004176,CUS-0340,9968650702,2026-08-28 05:45,WEB,debit,15000,StreamFlix (fictional),,Online card payment,successful,yes,,,,,,ENT147665499162,658200
TXN-000030,CUS-0003,9944729405,2026-08-28 05:48,TRANSFER,debit,20000,Godwin E**m,Fictional Trust Bank,Transfer,successful,yes,yes,,,,,ENT300013341001,467000
TXN-002021,CUS-0165,9957207101,2026-08-28 06:03,USSD,debit,2000,Airtime (fictional network),,Airtime purchase,successful,yes,,,,,,ENT185454420429,1222000
TXN-000474,CUS-0040,9954177588,2026-08-28 06:07,ATM,debit,40000,Other bank ATM,,ATM withdrawal,successful,yes,,no,,,,ENT395717134448,618000
TXN-000166,CUS-0014,9922264686,2026-08-28 06:17,TRANSFER,debit,35000,Ikenna A*****a,Quick Fictional Bank,Transfer,successful,yes,yes,,,,,ENT446162019968,228700
TXN-000846,CUS-0070,9980801000,2026-08-28 06:26,TRANSFER,debit,20000,Yemisi A***u,Sample Savings Bank,Transfer,successful,yes,yes,,,,,ENT639926027103,997500
TXN-002269,CUS-0185,9962334551,2026-08-28 06:48,POS,debit,12500,Market Stall POS,,POS purchase,successful,yes,,,,,,ENT717457236232,76000
TXN-000139,CUS-0012,9975177992,2026-08-28 07:08,USSD,debit,5000,Airtime (fictional network),,Airtime purchase,successful,yes,,,,,,ENT865554340053,2554700
TXN-004247,CUS-0345,9954456726,2026-08-28 07:15,ATM,debit,40000,ENTIN ATM,,ATM withdrawal,successful,yes,,yes,,,,ENT530102296648,326600
TXN-000890,CUS-0074,9981299914,2026-08-28 07:22,POS,debit,3500,ShopRite-like Store (fictional),,POS purchase,successful,yes,,,,,,ENT653219972658,228500
TXN-000748,CUS-0062,9913785222,2026-08-28 07:23,ATM,debit,40000,Other bank ATM,,ATM withdrawal,successful,yes,,no,,,,ENT508570652880,1573200
TXN-002047,CUS-0167,9922102298,2026-08-28 07:32,POS,debit,45000,Mama Put Kitchen,,POS purchase,successful,yes,,,,,,ENT697804627454,1094500
TXN-000902,CUS-0075,9926436628,2026-08-28 07:36,POS,debit,1500,Mama Put Kitchen,,POS purchase,successful,yes,,,,,,ENT447515498647,194500
TXN-005940,CUS-0481,9939475693,2026-08-28 07:54,POS,debit,1500,Mama Put Kitchen,,POS purchase,successful,yes,,,,,,ENT857402517968,458700
TXN-000715,CUS-0059,9990421631,2026-08-28 08:08,ATM,debit,10000,Other bank ATM,,ATM withdrawal,successful,yes,,no,,,,ENT859407332397,1402500
TXN-002800,CUS-0227,9986617876,2026-08-28 08:17,POS,debit,1500,QuickBuy Online (fictional),,POS purchase,successful,yes,,,,,,ENT519564878892,2682500
TXN-005305,CUS-0430,9922159393,2026-08-28 08:58,ATM,debit,40000,ENTIN ATM,,ATM withdrawal,successful,yes,,yes,,,,ENT307381915277,165700
TXN-002314,CUS-0189,9908672820,2026-08-28 09:53,WEB,debit,2500,QuickBuy Online (fictional),,Online card payment,successful,yes,,,,,,ENT412985458247,304700
TXN-003863,CUS-0313,9946277869,2026-08-28 09:56,ATM,debit,10000,ENTIN ATM,,ATM withdrawal,successful,yes,,yes,,,,ENT913709841330,2421000
TXN-006192,CUS-0500,9934447608,2026-08-28 10:49,TRANSFER,debit,5000,Aisha O***o,Fictional Trust Bank,Transfer,successful,yes,yes,,,,,ENT305048926869,955200
TXN-004033,CUS-0327,9985785371,2026-08-28 11:13,USSD,debit,1000,Airtime (fictional network),,Airtime purchase,successful,yes,,,,,,ENT531054850113,1326000
TXN-005328,CUS-0432,9901762982,2026-08-28 11:38,POS,debit,45000,Pharmacy Plus (fictional),,POS purchase,successful,yes,,,,,,ENT528667032820,1044500
TXN-000592,CUS-0049,9996745219,2026-08-28 12:06,TRANSFER,debit,20000,Ogechi O*******i,Demo Microfinance Bank,Transfer,successful,yes,yes,,,,,ENT755751417935,2064500
TXN-005805,CUS-0470,9929794391,2026-08-28 12:14,ATM,debit,40000,Other bank ATM,,ATM withdrawal,successful,yes,,no,,,,ENT900275873759,704100
TXN-005520,CUS-0447,9988158943,2026-08-28 12:18,USSD,debit,2000,Airtime (fictional network),,Airtime purchase,successful,yes,,,,,,ENT367573998778,210200
TXN-000445,CUS-0037,9980700159,2026-08-28 12:50,WEB,debit,9900,StreamFlix (fictional),,Online card payment,successful,yes,,,,,,ENT132214247780,1196600
TXN-003701,CUS-0299,9903987204,2026-08-28 13:21,POS,debit,7800,Lekki Luxury Stores,,POS purchase,successful,yes,,,,,,ENT816188904842,247700
TXN-004662,CUS-0378,9920862512,2026-08-28 13:21,POS,debit,7800,StreamFlix (fictional),,POS purchase,successful,yes,,,,,,ENT371364455129,3174200
TXN-003347,CUS-0270,9932642118,2026-08-28 13:36,TRANSFER,debit,5000,Aisha O****r,Placeholder Bank,Transfer,successful,yes,yes,,,,,ENT708870530859,1283000
TXN-004041,CUS-0328,9932477086,2026-08-28 14:01,POS,debit,22000,QuickBuy Online (fictional),,POS purchase,successful,yes,,,,,,ENT470776685575,2816700
TXN-005578,CUS-0452,9921145268,2026-08-28 14:40,USSD,debit,2000,Airtime (fictional network),,Airtime purchase,successful,yes,,,,,,ENT104227395241,565200
TXN-002067,CUS-0169,9984249158,2026-08-28 14:53,POS,debit,3500,Market Stall POS,,POS purchase,successful,yes,,,,,,ENT620982856676,635200
TXN-002201,CUS-0179,9929958470,2026-08-28 15:22,POS,debit,1500,ShopRite-like Store (fictional),,POS purchase,successful,yes,,,,,,ENT167183567592,242000
TXN-003167,CUS-0255,9927357934,2026-08-28 15:38,WEB,debit,9900,QuickBuy Online (fictional),,Online card payment,successful,yes,,,,,,ENT612629193271,1157800
TXN-003945,CUS-0320,9939671395,2026-08-28 15:46,USSD,debit,2000,Airtime (fictional network),,Airtime purchase,successful,yes,,,,,,ENT100769287985,446900
TXN-000057,CUS-0005,9919672731,2026-08-28 16:28,POS,debit,45000,StreamFlix (fictional),,POS purchase,successful,yes,,,,,,ENT770506641019,1153500
TXN-002869,CUS-0232,9902084385,2026-08-28 16:32,TRANSFER,debit,20000,Ngozi O******i,Placeholder Bank,Transfer,successful,yes,yes,,,,,ENT142093309613,1085500
TXN-004074,CUS-0331,9925736997,2026-08-28 17:52,USSD,debit,5000,Airtime (fictional network),,Airtime purchase,successful,yes,,,,,,ENT183436430985,217500
TXN-002882,CUS-0233,9907462096,2026-08-28 18:46,POS,debit,12500,StreamFlix (fictional),,POS purchase,successful,yes,,,,,,ENT580405853548,1257000
TXN-004126,CUS-0335,9937290469,2026-08-28 18:53,POS,debit,1500,Mama Put Kitchen,,POS purchase,successful,yes,,,,,,ENT954315320497,1562000
TXN-003255,CUS-0263,9950345134,2026-08-28 18:56,POS,debit,1500,Mama Put Kitchen,,POS purchase,successful,yes,,,,,,ENT815093635665,257000
TXN-001804,CUS-0148,9929634769,2026-08-28 19:21,TRANSFER,debit,10000,Victor A*******i,Placeholder Bank,Transfer,successful,yes,yes,,,,,ENT155461701310,584200
TXN-000867,CUS-0072,9904030042,2026-08-28 19:25,TRANSFER,debit,5000,Adebayo E****g,Demo Microfinance Bank,Transfer,successful,yes,yes,,,,,ENT734572150544,2878500
TXN-004932,CUS-0399,9942983565,2026-08-28 20:00,WEB,debit,9900,Lekki Luxury Stores,,Online card payment,successful,yes,,,,,,ENT667788975458,541600
TXN-001879,CUS-0154,9973621841,2026-08-28 20:09,POS,debit,3500,Filling Station (fictional),,POS purchase,successful,yes,,,,,,ENT678597249404,565000
TXN-002043,CUS-0167,9922102298,2026-08-28 20:16,POS,debit,45000,Market Stall POS,,POS purchase,successful,yes,,,,,,ENT118281110413,1049500
TXN-002041,CUS-0167,9922102298,2026-08-28 20:27,TRANSFER,debit,50000,Nnamdi L***l,Placeholder Bank,Transfer,successful,yes,yes,,,,,ENT708848332391,999500
TXN-004326,CUS-0351,9935890704,2026-08-28 20:30,POS,debit,45000,Mama Put Kitchen,,POS purchase,successful,yes,,,,,,ENT402519458752,379700
TXN-001984,CUS-0162,9936876480,2026-08-28 21:16,ATM,debit,40000,Other bank ATM,,ATM withdrawal,successful,yes,,no,,,,ENT680420059659,884400
TXN-005460,CUS-0442,9996044337,2026-08-28 21:26,TRANSFER,debit,20000,Nkechi O***o,Fictional Trust Bank,Transfer,successful,yes,yes,,,,,ENT721691858934,3716600
TXN-001944,CUS-0159,9941946065,2026-08-28 21:32,TRANSFER,debit,50000,Obinna O*i,Sample Savings Bank,Transfer,successful,yes,yes,,,,,ENT814586000850,1237500
TXN-002464,CUS-0200,9967769593,2026-08-28 21:43,POS,debit,45000,Pharmacy Plus (fictional),,POS purchase,successful,yes,,,,,,ENT544937785999,2705500
TXN-004005,CUS-0325,9991958539,2026-08-28 21:49,USSD,debit,5000,Airtime (fictional network),,Airtime purchase,successful,yes,,,,,,ENT550051264755,1344000
TXN-005490,CUS-0445,9937220724,2026-08-28 22:39,POS,debit,3500,QuickBuy Online (fictional),,POS purchase,successful,yes,,,,,,ENT522437914362,374700
TXN-005507,CUS-0446,9965552641,2026-08-28 22:51,POS,debit,3500,Lekki Luxury Stores,,POS purchase,successful,yes,,,,,,ENT603047625483,580500
TXN-005333,CUS-0432,9901762982,2026-08-28 22:54,POS,debit,1500,ShopRite-like Store (fictional),,POS purchase,successful,yes,,,,,,ENT553422138276,1043000
TXN-001163,CUS-0096,9991804418,2026-08-28 23:18,TRANSFER,debit,50000,Chioma N*******u,Fictional Trust Bank,Transfer,successful,yes,yes,,,,,ENT750431089860,547000
TXN-002789,CUS-0226,9909301930,2026-08-28 23:23,POS,debit,7800,QuickBuy Online (fictional),,POS purchase,successful,yes,,,,,,ENT574114896769,390600
TXN-004761,CUS-0386,9930746491,2026-08-28 23:23,TRANSFER,debit,20000,Ikenna N*******u,Fictional Trust Bank,Transfer,successful,yes,yes,,,,,ENT839307022186,281000
TXN-002580,CUS-0209,9986925245,2026-08-28 23:24,ATM,debit,20000,Other bank ATM,,ATM withdrawal,successful,yes,,no,,,,ENT809742364952,703500
TXN-006075,CUS-0491,9971365877,2026-08-28 23:24,ATM,debit,20000,Other bank ATM,,ATM withdrawal,successful,yes,,no,,,,ENT210741136529,1146200
TXN-005632,CUS-0456,9972514839,2026-08-28 23:56,WEB,debit,4500,Lekki Luxury Stores,,Online card payment,successful,yes,,,,,,ENT800891315995,737700
TXN-002745,CUS-0222,9943397743,2026-08-28 23:57,POS,debit,3500,Mama Put Kitchen,,POS purchase,successful,yes,,,,,,ENT816744609940,1207000
TXN-004485,CUS-0364,9924622145,2026-08-29 00:14,POS,debit,1500,StreamFlix (fictional),,POS purchase,successful,yes,,,,,,ENT295541453813,1132500
TXN-004494,CUS-0365,9966800555,2026-08-29 00:23,TRANSFER,debit,10000,Chinedu A*****o,Quick Fictional Bank,Transfer,successful,yes,yes,,,,,ENT776114461143,1280500
TXN-003245,CUS-0262,9969055121,2026-08-29 01:26,ATM,debit,40000,Other bank ATM,,ATM withdrawal,successful,yes,,no,,,,ENT938391490226,474500
TXN-001517,CUS-0124,9949138114,2026-08-29 01:37,TRANSFER,debit,100000,Blessing O*****e,Quick Fictional Bank,Transfer,successful,yes,yes,,,,,ENT115056812061,276500
TXN-004489,CUS-0364,9924622145,2026-08-29 02:04,POS,debit,1500,StreamFlix (fictional),,POS purchase,successful,yes,,,,,,ENT551755658910,1131000
TXN-000825,CUS-0068,9934217233,2026-08-29 02:25,POS,debit,22000,Filling Station (fictional),,POS purchase,successful,yes,,,,,,ENT323489016517,682000
TXN-001871,CUS-0153,9979262701,2026-08-29 02:32,USSD,debit,500,Airtime (fictional network),,Airtime purchase,successful,yes,,,,,,ENT525246066287,422000
TXN-003950,CUS-0320,9939671395,2026-08-29 02:53,ATM,debit,20000,ENTIN ATM,,ATM withdrawal,successful,yes,,yes,,,,ENT563581024073,426900
TXN-005602,CUS-0454,9915943156,2026-08-29 03:35,ATM,debit,40000,Other bank ATM,,ATM withdrawal,successful,yes,,no,,,,ENT481766904435,2510500
TXN-002979,CUS-0240,9926272745,2026-08-29 03:39,ATM,debit,20000,Other bank ATM,,ATM withdrawal,successful,yes,,no,,,,ENT144147606392,688100
TXN-005281,CUS-0428,9988816041,2026-08-29 03:40,POS,debit,45000,Lekki Luxury Stores,,POS purchase,successful,yes,,,,,,ENT896717425582,426000
TXN-004236,CUS-0344,9972087668,2026-08-29 04:00,POS,debit,12500,StreamFlix (fictional),,POS purchase,successful,yes,,,,,,ENT550305390495,238500
TXN-005009,CUS-0406,9986833881,2026-08-29 04:49,POS,debit,45000,Lekki Luxury Stores,,POS purchase,successful,yes,,,,,,ENT558630335123,518500
TXN-000128,CUS-0011,9983601610,2026-08-29 05:04,ATM,debit,40000,ENTIN ATM,,ATM withdrawal,successful,yes,,yes,,,,ENT501421875104,221500
TXN-004221,CUS-0343,9922438945,2026-08-29 05:12,USSD,debit,2000,Airtime (fictional network),,Airtime purchase,successful,yes,,,,,,ENT612561804121,476000
TXN-001237,CUS-0102,9912452877,2026-08-29 05:25,TRANSFER,debit,5000,Tunde O***o,Fictional Trust Bank,Transfer,successful,yes,yes,,,,,ENT242747725255,248500
TXN-000540,CUS-0045,9921430490,2026-08-29 05:35,POS,debit,12500,Filling Station (fictional),,POS purchase,successful,yes,,,,,,ENT893649801501,3745500
TXN-002083,CUS-0170,9942564933,2026-08-29 06:20,WEB,debit,2500,Bolt-like Rides (fictional),,Online card payment,successful,yes,,,,,,ENT432680533553,534000
TXN-000627,CUS-0052,9965013327,2026-08-29 06:49,POS,debit,1500,Pharmacy Plus (fictional),,POS purchase,successful,yes,,,,,,ENT385719102053,2496900
TXN-000039,CUS-0003,9944729405,2026-08-29 07:10,POS,debit,12500,StreamFlix (fictional),,POS purchase,successful,yes,,,,,,ENT704058208652,454500
TXN-000402,CUS-0034,9918847918,2026-08-29 07:12,USSD,debit,5000,Airtime (fictional network),,Airtime purchase,successful,yes,,,,,,ENT712923809939,204700
TXN-001948,CUS-0159,9941946065,2026-08-29 07:37,ATM,debit,10000,Other bank ATM,,ATM withdrawal,successful,yes,,no,,,,ENT936073579916,1227500
TXN-000759,CUS-0063,9948085347,2026-08-29 07:47,TRANSFER,debit,20000,Ese O*i,Sample Savings Bank,Transfer,successful,yes,yes,,,,,ENT556636711770,328000
TXN-003141,CUS-0253,9919879915,2026-08-29 08:24,USSD,debit,500,Airtime (fictional network),,Airtime purchase,successful,yes,,,,,,ENT587299720153,301700
TXN-003346,CUS-0270,9932642118,2026-08-29 08:27,POS,debit,1500,Lekki Luxury Stores,,POS purchase,successful,yes,,,,,,ENT804683397705,1281500
TXN-003574,CUS-0289,9944712177,2026-08-29 08:36,TRANSFER,debit,50000,Adaeze G***a,Placeholder Bank,Transfer,successful,yes,yes,,,,,ENT922857623845,2051000
TXN-005572,CUS-0451,9961219558,2026-08-29 08:43,POS,debit,22000,StreamFlix (fictional),,POS purchase,successful,yes,,,,,,ENT600638963043,1251500
TXN-000123,CUS-0011,9983601610,2026-08-29 09:17,POS,debit,1500,ShopRite-like Store (fictional),,POS purchase,successful,yes,,,,,,ENT273947281099,220000
TXN-005612,CUS-0455,9902792166,2026-08-29 09:33,POS,debit,7800,ShopRite-like Store (fictional),,POS purchase,successful,yes,,,,,,ENT424849430245,1077700
TXN-001059,CUS-0088,9912668692,2026-08-29 09:42,TRANSFER,debit,5000,Emeka L***l,Sample Savings Bank,Transfer,successful,yes,yes,,,,,ENT554998709177,138000
TXN-002274,CUS-0185,9962334551,2026-08-29 09:56,USSD,debit,2000,Airtime (fictional network),,Airtime purchase,successful,yes,,,,,,ENT708635667830,74000
TXN-003439,CUS-0277,9900602652,2026-08-29 10:09,TRANSFER,debit,5000,Victor U**h,Fictional Trust Bank,Transfer,successful,yes,yes,,,,,ENT859602141118,1060000
TXN-004077,CUS-0331,9925736997,2026-08-29 10:10,ATM,debit,20000,Other bank ATM,,ATM withdrawal,successful,yes,,no,,,,ENT123193561994,197500
TXN-005694,CUS-0461,9906704957,2026-08-29 10:17,USSD,debit,500,Airtime (fictional network),,Airtime purchase,successful,yes,,,,,,ENT518202834360,295500
TXN-000021,CUS-0002,9917075364,2026-08-29 10:28,TRANSFER,debit,35000,Usman A*****o,Fictional Trust Bank,Transfer,successful,yes,yes,,,,,ENT461537726581,1580500
TXN-000414,CUS-0035,9955689832,2026-08-29 10:42,TRANSFER,debit,100000,Hadiza A*****a,Demo Microfinance Bank,Transfer,successful,yes,yes,,,,,ENT990074308721,2398000
TXN-003796,CUS-0308,9937456111,2026-08-29 11:01,POS,debit,1500,Market Stall POS,,POS purchase,successful,yes,,,,,,ENT391602577021,1040500
TXN-000914,CUS-0076,9970950601,2026-08-29 11:21,USSD,debit,1000,Airtime (fictional network),,Airtime purchase,successful,yes,,,,,,ENT996152681244,139500
TXN-004797,CUS-0389,9985163816,2026-08-29 11:29,POS,debit,45000,Pharmacy Plus (fictional),,POS purchase,successful,yes,,,,,,ENT205477712781,697200
TXN-005849,CUS-0473,9956177643,2026-08-29 11:31,POS,debit,3500,ShopRite-like Store (fictional),,POS purchase,successful,yes,,,,,,ENT453665746869,204900
TXN-002371,CUS-0193,9961766752,2026-08-29 11:35,ATM,debit,10000,ENTIN ATM,,ATM withdrawal,successful,yes,,yes,,,,ENT139315585694,528000
TXN-001404,CUS-0115,9926627973,2026-08-29 11:41,TRANSFER,debit,10000,Folake B****e,Demo Microfinance Bank,Transfer,successful,yes,yes,,,,,ENT180454454074,1635200
TXN-002677,CUS-0217,9923754061,2026-08-29 12:01,USSD,debit,500,Airtime (fictional network),,Airtime purchase,successful,yes,,,,,,ENT703724468087,936700
TXN-002885,CUS-0233,9907462096,2026-08-29 12:54,POS,debit,1500,Market Stall POS,,POS purchase,successful,yes,,,,,,ENT804877183647,1255500
TXN-005807,CUS-0470,9929794391,2026-08-29 13:31,TRANSFER,debit,50000,Kemi O******e,Placeholder Bank,Transfer,successful,yes,yes,,,,,ENT506390087292,654100
TXN-000372,CUS-0031,9984951838,2026-08-29 13:34,ATM,debit,10000,Other bank ATM,,ATM withdrawal,successful,yes,,no,,,,ENT298277258629,515100
TXN-002810,CUS-0228,9954375149,2026-08-29 13:56,POS,debit,1500,QuickBuy Online (fictional),,POS purchase,successful,yes,,,,,,ENT328100416860,623000
TXN-004109,CUS-0334,9962266421,2026-08-29 14:08,POS,debit,3500,Bolt-like Rides (fictional),,POS purchase,successful,yes,,,,,,ENT673402990330,1978000
TXN-003744,CUS-0303,9914192446,2026-08-29 14:15,ATM,debit,20000,Other bank ATM,,ATM withdrawal,successful,yes,,no,,,,ENT912222914082,2932000
TXN-000784,CUS-0065,9977605538,2026-08-29 14:55,ATM,debit,20000,Other bank ATM,,ATM withdrawal,successful,yes,,no,,,,ENT470577082256,1299700
TXN-004184,CUS-0340,9968650702,2026-08-29 14:59,POS,debit,12500,Lekki Luxury Stores,,POS purchase,successful,yes,,,,,,ENT985875112119,645700
TXN-004897,CUS-0397,9939504343,2026-08-29 15:03,POS,debit,7800,Lekki Luxury Stores,,POS purchase,successful,yes,,,,,,ENT430653112249,2532900
TXN-004249,CUS-0345,9954456726,2026-08-29 15:04,USSD,debit,2000,Airtime (fictional network),,Airtime purchase,successful,yes,,,,,,ENT501391538635,324600
TXN-002817,CUS-0228,9954375149,2026-08-29 15:09,TRANSFER,debit,20000,Obinna O******n,Quick Fictional Bank,Transfer,successful,yes,yes,,,,,ENT101983059934,603000
TXN-005255,CUS-0426,9934548587,2026-08-29 15:21,POS,debit,1500,Lekki Luxury Stores,,POS purchase,successful,yes,,,,,,ENT423889482610,390000
TXN-001574,CUS-0129,9901919652,2026-08-29 15:30,TRANSFER,debit,5000,Bisola E****m,Demo Microfinance Bank,Transfer,successful,yes,yes,,,,,ENT347891851336,296500
TXN-005785,CUS-0468,9916264223,2026-08-29 15:53,POS,debit,12500,QuickBuy Online (fictional),,POS purchase,successful,yes,,,,,,ENT405866909314,1511000
TXN-004737,CUS-0384,9978462464,2026-08-29 16:23,TRANSFER,debit,20000,Ese E****m,Quick Fictional Bank,Transfer,successful,yes,yes,,,,,ENT417197099994,524000
TXN-001203,CUS-0099,9936708878,2026-08-29 17:38,WEB,debit,4500,Bolt-like Rides (fictional),,Online card payment,successful,yes,,,,,,ENT271742402611,2771700
TXN-001148,CUS-0095,9966981433,2026-08-29 18:04,POS,debit,12500,Mama Put Kitchen,,POS purchase,successful,yes,,,,,,ENT830155122083,563200
TXN-004150,CUS-0337,9928921183,2026-08-29 18:20,TRANSFER,debit,100000,Maryam F*****a,Sample Savings Bank,Transfer,successful,yes,yes,,,,,ENT181924712015,3059500
TXN-003114,CUS-0251,9972251933,2026-08-29 18:27,POS,debit,3500,Market Stall POS,,POS purchase,successful,yes,,,,,,ENT499652203163,236000
TXN-001779,CUS-0146,9915789794,2026-08-29 18:30,ATM,debit,20000,ENTIN ATM,,ATM withdrawal,successful,yes,,yes,,,,ENT576369933065,476000
TXN-001553,CUS-0127,9911211684,2026-08-29 18:53,TRANSFER,debit,35000,Samuel C****u,Quick Fictional Bank,Transfer,successful,yes,yes,,,,,ENT117563252730,530000
TXN-003449,CUS-0278,9932946850,2026-08-29 19:11,USSD,debit,500,Airtime (fictional network),,Airtime purchase,successful,yes,,,,,,ENT903932257755,1346700
TXN-004397,CUS-0357,9982452077,2026-08-29 19:19,WEB,debit,4500,StreamFlix (fictional),,Online card payment,successful,yes,,,,,,ENT204799969867,841700
TXN-005934,CUS-0480,9952051483,2026-08-29 19:22,POS,debit,3500,QuickBuy Online (fictional),,POS purchase,successful,yes,,,,,,ENT670823034408,3758900
TXN-004975,CUS-0403,9978555237,2026-08-29 19:31,POS,debit,1500,Mama Put Kitchen,,POS purchase,successful,yes,,,,,,ENT843583599424,2932500
TXN-002890,CUS-0234,9902167309,2026-08-29 20:24,POS,debit,3500,Filling Station (fictional),,POS purchase,successful,yes,,,,,,ENT762153383895,3712000
TXN-003484,CUS-0281,9984118790,2026-08-29 20:37,WEB,debit,2500,StreamFlix (fictional),,Online card payment,successful,yes,,,,,,ENT272340544622,329500
TXN-004967,CUS-0402,9957851156,2026-08-29 20:57,ATM,debit,20000,Other bank ATM,,ATM withdrawal,successful,yes,,no,,,,ENT574435201226,567500
TXN-002891,CUS-0234,9902167309,2026-08-29 21:01,POS,debit,45000,ShopRite-like Store (fictional),,POS purchase,successful,yes,,,,,,ENT944212451601,3667000
TXN-005586,CUS-0452,9921145268,2026-08-29 21:08,POS,debit,45000,ShopRite-like Store (fictional),,POS purchase,successful,yes,,,,,,ENT332916487271,520200
TXN-005542,CUS-0449,9921814877,2026-08-29 21:26,WEB,debit,2500,QuickBuy Online (fictional),,Online card payment,successful,yes,,,,,,ENT880159944718,591200
TXN-002482,CUS-0202,9914950549,2026-08-29 21:35,POS,debit,1500,Pharmacy Plus (fictional),,POS purchase,successful,yes,,,,,,ENT952353812451,2526500
TXN-004347,CUS-0353,9939159099,2026-08-29 21:58,TRANSFER,debit,5000,Nnamdi B***o,Quick Fictional Bank,Transfer,successful,yes,yes,,,,,ENT176714508401,554000
TXN-006013,CUS-0486,9956936295,2026-08-29 22:15,ATM,debit,20000,ENTIN ATM,,ATM withdrawal,successful,yes,,yes,,,,ENT460794907280,806500
TXN-004334,CUS-0352,9911574849,2026-08-29 22:26,ATM,debit,10000,ENTIN ATM,,ATM withdrawal,successful,yes,,yes,,,,ENT255488051661,1325000
TXN-000069,CUS-0006,9988766344,2026-08-29 22:52,POS,debit,7800,Mama Put Kitchen,,POS purchase,successful,yes,,,,,,ENT920417566638,1022100
TXN-002430,CUS-0198,9908529541,2026-08-29 23:24,POS,debit,3500,Lekki Luxury Stores,,POS purchase,successful,yes,,,,,,ENT698844912666,277000
TXN-000606,CUS-0050,9988645732,2026-08-29 23:36,POS,debit,45000,QuickBuy Online (fictional),,POS purchase,successful,yes,,,,,,ENT228456640030,353200
TXN-004750,CUS-0385,9986616742,2026-08-29 23:39,POS,debit,12500,Mama Put Kitchen,,POS purchase,successful,yes,,,,,,ENT521367215468,2675700
TXN-004693,CUS-0381,9967998836,2026-08-29 23:47,POS,debit,1500,StreamFlix (fictional),,POS purchase,successful,yes,,,,,,ENT964527131090,294800
TXN-003357,CUS-0271,9915845459,2026-08-29 23:51,USSD,debit,500,Airtime (fictional network),,Airtime purchase,successful,yes,,,,,,ENT559630458923,634000
TXN-003432,CUS-0277,9900602652,2026-08-30 00:19,USSD,debit,1000,Airtime (fictional network),,Airtime purchase,successful,yes,,,,,,ENT437486820324,1059000
TXN-002374,CUS-0193,9961766752,2026-08-30 00:20,TRANSFER,debit,50000,Hauwa A*****e,Fictional Trust Bank,Transfer,successful,yes,yes,,,,,ENT818044506116,478000
TXN-001245,CUS-0103,9949574415,2026-08-30 00:50,WEB,debit,15000,Bolt-like Rides (fictional),,Online card payment,successful,yes,,,,,,ENT927369392072,628000
TXN-004743,CUS-0384,9978462464,2026-08-30 01:02,WEB,debit,15000,Bolt-like Rides (fictional),,Online card payment,successful,yes,,,,,,ENT310382805586,509000
TXN-002084,CUS-0170,9942564933,2026-08-30 01:03,WEB,debit,9900,Lekki Luxury Stores,,Online card payment,successful,yes,,,,,,ENT969368438057,524100
TXN-001606,CUS-0131,9915379101,2026-08-30 01:06,POS,debit,45000,Filling Station (fictional),,POS purchase,successful,yes,,,,,,ENT996681090633,675300
TXN-004241,CUS-0345,9954456726,2026-08-30 01:41,TRANSFER,debit,20000,Bello A*******i,Sample Savings Bank,Transfer,successful,yes,yes,,,,,ENT286484118596,304600
TXN-002756,CUS-0223,9973866346,2026-08-30 01:59,ATM,debit,40000,ENTIN ATM,,ATM withdrawal,successful,yes,,yes,,,,ENT468519988301,162500
TXN-002690,CUS-0218,9910818187,2026-08-30 02:19,POS,debit,3500,Pharmacy Plus (fictional),,POS purchase,successful,yes,,,,,,ENT861789661535,1276000
TXN-002072,CUS-0169,9984249158,2026-08-30 03:03,POS,debit,45000,StreamFlix (fictional),,POS purchase,successful,yes,,,,,,ENT405523455195,590200
TXN-002470,CUS-0201,9915856052,2026-08-30 03:11,POS,debit,12500,ShopRite-like Store (fictional),,POS purchase,successful,yes,,,,,,ENT258747594230,1353000
TXN-001033,CUS-0086,9907016929,2026-08-30 03:12,USSD,debit,1000,Airtime (fictional network),,Airtime purchase,successful,yes,,,,,,ENT146575853298,314000
TXN-002924,CUS-0236,9941663809,2026-08-30 03:41,USSD,debit,2000,Airtime (fictional network),,Airtime purchase,successful,yes,,,,,,ENT709707659392,1217200
TXN-001315,CUS-0108,9976125398,2026-08-30 03:44,POS,debit,3500,Lekki Luxury Stores,,POS purchase,successful,yes,,,,,,ENT874892586252,198500
TXN-003433,CUS-0277,9900602652,2026-08-30 03:53,POS,debit,45000,Pharmacy Plus (fictional),,POS purchase,successful,yes,,,,,,ENT264075685105,1014000
TXN-005431,CUS-0440,9953918603,2026-08-30 04:07,POS,debit,3500,Lekki Luxury Stores,,POS purchase,successful,yes,,,,,,ENT939988353966,523100
TXN-005373,CUS-0435,9996618422,2026-08-30 04:08,TRANSFER,debit,5000,Halima O*****o,Quick Fictional Bank,Transfer,successful,yes,yes,,,,,ENT482613492256,377000
TXN-000568,CUS-0047,9969585190,2026-08-30 04:53,ATM,debit,10000,ENTIN ATM,,ATM withdrawal,successful,yes,,yes,,,,ENT104108601436,175000
TXN-001973,CUS-0161,9950062013,2026-08-30 05:00,POS,debit,1500,Pharmacy Plus (fictional),,POS purchase,successful,yes,,,,,,ENT315962059341,2467000
TXN-003889,CUS-0315,9960596727,2026-08-30 05:07,WEB,debit,4500,QuickBuy Online (fictional),,Online card payment,successful,yes,,,,,,ENT833860480420,1206500
TXN-002045,CUS-0167,9922102298,2026-08-30 05:31,TRANSFER,debit,35000,Zainab F*****a,Placeholder Bank,Transfer,successful,yes,yes,,,,,ENT752765705123,964500
TXN-000926,CUS-0077,9956378276,2026-08-30 05:41,WEB,debit,2500,Bolt-like Rides (fictional),,Online card payment,successful,yes,,,,,,ENT963590873469,543500
TXN-005360,CUS-0434,9998934709,2026-08-30 06:31,TRANSFER,debit,20000,Sani L***l,Demo Microfinance Bank,Transfer,successful,yes,yes,,,,,ENT421491526392,432700
TXN-003873,CUS-0314,9990571386,2026-08-30 06:32,TRANSFER,debit,100000,Joy I***s,Placeholder Bank,Transfer,successful,yes,yes,,,,,ENT618280155982,178500
TXN-003550,CUS-0287,9969449775,2026-08-30 06:55,WEB,debit,4500,StreamFlix (fictional),,Online card payment,successful,yes,,,,,,ENT917037671670,324500
TXN-003645,CUS-0295,9991259758,2026-08-30 07:12,WEB,debit,15000,QuickBuy Online (fictional),,Online card payment,successful,yes,,,,,,ENT331945692202,794500
TXN-005596,CUS-0453,9912705740,2026-08-30 07:18,ATM,debit,10000,ENTIN ATM,,ATM withdrawal,successful,yes,,yes,,,,ENT704479129517,1105200
TXN-002777,CUS-0225,9910257598,2026-08-30 07:50,TRANSFER,debit,50000,Hadiza E*e,Fictional Trust Bank,Transfer,successful,yes,yes,,,,,ENT557267164611,1042500
TXN-003008,CUS-0242,9902208747,2026-08-30 08:20,POS,debit,3500,Bolt-like Rides (fictional),,POS purchase,successful,yes,,,,,,ENT249740124124,3687100
TXN-004578,CUS-0372,9937583244,2026-08-30 08:30,TRANSFER,debit,5000,Ibrahim O******e,Sample Savings Bank,Transfer,successful,yes,yes,,,,,ENT116304974590,1160200
TXN-002012,CUS-0164,9963544644,2026-08-30 08:33,TRANSFER,debit,20000,Grace E**t,Quick Fictional Bank,Transfer,successful,yes,yes,,,,,ENT851588932958,1030400
TXN-002769,CUS-0224,9958085404,2026-08-30 09:42,POS,debit,22000,ShopRite-like Store (fictional),,POS purchase,successful,yes,,,,,,ENT314606706153,2572500
TXN-001225,CUS-0101,9971745143,2026-08-30 09:45,USSD,debit,2000,Airtime (fictional network),,Airtime purchase,successful,yes,,,,,,ENT911747012422,2610000
TXN-001784,CUS-0146,9915789794,2026-08-30 10:04,WEB,debit,2500,StreamFlix (fictional),,Online card payment,successful,yes,,,,,,ENT205176396402,473500
TXN-005463,CUS-0443,9932469947,2026-08-30 10:14,ATM,debit,10000,Other bank ATM,,ATM withdrawal,successful,yes,,no,,,,ENT554524898883,155500
TXN-001511,CUS-0124,9949138114,2026-08-30 10:47,WEB,debit,4500,Bolt-like Rides (fictional),,Online card payment,successful,yes,,,,,,ENT636791453684,272000
TXN-002623,CUS-0213,9943848714,2026-08-30 11:02,ATM,debit,40000,ENTIN ATM,,ATM withdrawal,successful,yes,,yes,,,,ENT168218640898,779500
TXN-000929,CUS-0077,9956378276,2026-08-30 11:26,POS,debit,45000,Pharmacy Plus (fictional),,POS purchase,successful,yes,,,,,,ENT259157735221,498500
TXN-003762,CUS-0304,9919484159,2026-08-30 11:27,ATM,debit,10000,Other bank ATM,,ATM withdrawal,successful,yes,,no,,,,ENT196789534662,1082000
TXN-000964,CUS-0080,9903022502,2026-08-30 11:35,TRANSFER,debit,50000,Fatima N*******u,Sample Savings Bank,Transfer,successful,yes,yes,,,,,ENT642657969815,212500
TXN-004898,CUS-0397,9939504343,2026-08-30 11:37,ATM,debit,10000,Other bank ATM,,ATM withdrawal,successful,yes,,no,,,,ENT162089159473,2522900
TXN-001188,CUS-0098,9958025797,2026-08-30 11:47,TRANSFER,debit,10000,Ese B****y,Fictional Trust Bank,Transfer,successful,yes,yes,,,,,ENT164719887782,1113000
TXN-002638,CUS-0214,9980024371,2026-08-30 11:47,TRANSFER,debit,5000,Bisola O*i,Fictional Trust Bank,Transfer,successful,yes,yes,,,,,ENT256191183634,1003900
TXN-004271,CUS-0347,9910644250,2026-08-30 11:53,ATM,debit,20000,Other bank ATM,,ATM withdrawal,successful,yes,,no,,,,ENT681407847145,744500
TXN-002180,CUS-0178,9914176590,2026-08-30 11:55,POS,debit,3500,Market Stall POS,,POS purchase,successful,yes,,,,,,ENT487687076874,450900
TXN-005472,CUS-0443,9932469947,2026-08-30 12:00,POS,debit,45000,Bolt-like Rides (fictional),,POS purchase,successful,yes,,,,,,ENT911330429684,110500
TXN-006068,CUS-0491,9971365877,2026-08-30 12:02,ATM,debit,20000,Other bank ATM,,ATM withdrawal,successful,yes,,no,,,,ENT973686040417,1126200
TXN-004688,CUS-0380,9935909163,2026-08-30 12:34,TRANSFER,debit,5000,Godwin O******e,Demo Microfinance Bank,Transfer,successful,yes,yes,,,,,ENT370882208642,155000
TXN-003953,CUS-0321,9964528363,2026-08-30 12:54,POS,debit,1500,StreamFlix (fictional),,POS purchase,successful,yes,,,,,,ENT829652220583,600100
TXN-000852,CUS-0071,9903048877,2026-08-30 13:04,POS,debit,45000,Bolt-like Rides (fictional),,POS purchase,successful,yes,,,,,,ENT592137067802,457500
TXN-000545,CUS-0045,9921430490,2026-08-30 13:22,POS,debit,45000,Market Stall POS,,POS purchase,successful,yes,,,,,,ENT152646142878,3700500
TXN-004112,CUS-0334,9962266421,2026-08-30 13:23,TRANSFER,debit,5000,Aminu B****e,Placeholder Bank,Transfer,successful,yes,yes,,,,,ENT953476413083,1973000
TXN-001722,CUS-0141,9922386162,2026-08-30 13:24,USSD,debit,500,Airtime (fictional network),,Airtime purchase,successful,yes,,,,,,ENT287380403269,261100
TXN-002298,CUS-0187,9956885470,2026-08-30 13:38,USSD,debit,5000,Airtime (fictional network),,Airtime purchase,successful,yes,,,,,,ENT937148197193,2662500
TXN-003644,CUS-0295,9991259758,2026-08-30 13:56,ATM,debit,20000,ENTIN ATM,,ATM withdrawal,successful,yes,,yes,,,,ENT406499662446,774500
TXN-001952,CUS-0159,9941946065,2026-08-30 14:31,WEB,debit,9900,QuickBuy Online (fictional),,Online card payment,successful,yes,,,,,,ENT146512429597,1217600
TXN-002739,CUS-0222,9943397743,2026-08-30 14:44,POS,debit,1500,Filling Station (fictional),,POS purchase,successful,yes,,,,,,ENT730560048951,1205500
TXN-005528,CUS-0448,9949863391,2026-08-30 14:56,POS,debit,7800,ShopRite-like Store (fictional),,POS purchase,successful,yes,,,,,,ENT290461314151,259700
TXN-004683,CUS-0380,9935909163,2026-08-30 15:27,WEB,debit,15000,Bolt-like Rides (fictional),,Online card payment,successful,yes,,,,,,ENT787279602732,140000
TXN-004210,CUS-0342,9945277907,2026-08-30 15:49,USSD,debit,1000,Airtime (fictional network),,Airtime purchase,successful,yes,,,,,,ENT561894285156,1063500
TXN-001351,CUS-0111,9960169676,2026-08-30 16:16,POS,debit,22000,Mama Put Kitchen,,POS purchase,successful,yes,,,,,,ENT552790007572,483600
TXN-004633,CUS-0376,9965266631,2026-08-30 16:36,WEB,debit,9900,Bolt-like Rides (fictional),,Online card payment,successful,yes,,,,,,ENT276185891266,526300
TXN-001238,CUS-0102,9912452877,2026-08-30 16:46,ATM,debit,10000,Other bank ATM,,ATM withdrawal,successful,yes,,no,,,,ENT888888925872,238500
TXN-001657,CUS-0136,9972130516,2026-08-30 17:19,POS,debit,45000,Market Stall POS,,POS purchase,successful,yes,,,,,,ENT641300394983,433500
TXN-003584,CUS-0290,9927406438,2026-08-30 17:28,ATM,debit,10000,Other bank ATM,,ATM withdrawal,successful,yes,,no,,,,ENT900078742492,1059400
TXN-005258,CUS-0426,9934548587,2026-08-30 18:00,USSD,debit,500,Airtime (fictional network),,Airtime purchase,successful,yes,,,,,,ENT799279704217,389500
TXN-000260,CUS-0022,9965384535,2026-08-30 18:24,USSD,debit,2000,Airtime (fictional network),,Airtime purchase,successful,yes,,,,,,ENT703783126889,1139000
TXN-005087,CUS-0412,9954372850,2026-08-30 18:34,POS,debit,3500,Bolt-like Rides (fictional),,POS purchase,successful,yes,,,,,,ENT132043614508,470700
TXN-004055,CUS-0329,9953759147,2026-08-30 18:35,TRANSFER,debit,35000,Usman G***a,Quick Fictional Bank,Transfer,successful,yes,yes,,,,,ENT564341633425,186000
TXN-002661,CUS-0216,9903471072,2026-08-30 18:58,USSD,debit,1000,Airtime (fictional network),,Airtime purchase,successful,yes,,,,,,ENT630731447998,2864000
TXN-005096,CUS-0413,9988958664,2026-08-30 19:55,USSD,debit,5000,Airtime (fictional network),,Airtime purchase,successful,yes,,,,,,ENT786338673132,2591500
TXN-001950,CUS-0159,9941946065,2026-08-30 19:56,ATM,debit,40000,ENTIN ATM,,ATM withdrawal,successful,yes,,yes,,,,ENT958064249583,1177600
TXN-004652,CUS-0377,9956948792,2026-08-30 19:56,POS,debit,1500,QuickBuy Online (fictional),,POS purchase,successful,yes,,,,,,ENT854758427532,520500
TXN-001109,CUS-0092,9995444615,2026-08-30 20:12,TRANSFER,debit,20000,Gerald O*****e,Fictional Trust Bank,Transfer,successful,yes,yes,,,,,ENT950176106160,1637200
TXN-000447,CUS-0037,9980700159,2026-08-30 20:27,USSD,debit,5000,Airtime (fictional network),,Airtime purchase,successful,yes,,,,,,ENT891362816479,1191600
TXN-001756,CUS-0144,9986071964,2026-08-30 20:56,POS,debit,1500,Bolt-like Rides (fictional),,POS purchase,successful,yes,,,,,,ENT901151329750,423600
TXN-003721,CUS-0301,9969065643,2026-08-30 21:08,TRANSFER,debit,20000,Efe A*****e,Placeholder Bank,Transfer,successful,yes,yes,,,,,ENT750082552587,385000
TXN-002949,CUS-0238,9937467651,2026-08-30 21:27,TRANSFER,debit,20000,Lola A*****o,Placeholder Bank,Transfer,successful,yes,yes,,,,,ENT435040581991,275200
TXN-003840,CUS-0311,9977866026,2026-08-30 21:41,TRANSFER,debit,100000,Seun D*****a,Fictional Trust Bank,Transfer,successful,yes,yes,,,,,ENT308793463690,444600
TXN-004939,CUS-0400,9927020003,2026-08-30 22:02,POS,debit,3500,Market Stall POS,,POS purchase,successful,yes,,,,,,ENT685925703249,460000
TXN-000221,CUS-0019,9953801291,2026-08-30 22:37,USSD,debit,1000,Airtime (fictional network),,Airtime purchase,successful,yes,,,,,,ENT971288090823,461700
TXN-000620,CUS-0051,9985846388,2026-08-30 22:37,USSD,debit,2000,Airtime (fictional network),,Airtime purchase,successful,yes,,,,,,ENT871541545998,2648100
TXN-000020,CUS-0002,9917075364,2026-08-30 22:39,TRANSFER,debit,100000,Funke E****g,Demo Microfinance Bank,Transfer,successful,yes,yes,,,,,ENT180863581431,1480500
TXN-001219,CUS-0101,9971745143,2026-08-30 22:45,ATM,debit,10000,ENTIN ATM,,ATM withdrawal,successful,yes,,yes,,,,ENT776618846992,2600000
TXN-003892,CUS-0315,9960596727,2026-08-30 22:50,TRANSFER,debit,50000,Abubakar U**r,Placeholder Bank,Transfer,successful,yes,yes,,,,,ENT362117563203,1156500
TXN-005240,CUS-0425,9940818369,2026-08-30 22:52,USSD,debit,5000,Airtime (fictional network),,Airtime purchase,successful,yes,,,,,,ENT613432041870,511000
TXN-003074,CUS-0248,9955864605,2026-08-30 22:57,POS,debit,12500,Pharmacy Plus (fictional),,POS purchase,successful,yes,,,,,,ENT497761150553,592000
TXN-001562,CUS-0128,9943949119,2026-08-30 23:30,ATM,debit,10000,ENTIN ATM,,ATM withdrawal,successful,yes,,yes,,,,ENT171538035963,342000
TXN-004108,CUS-0334,9962266421,2026-08-30 23:45,WEB,debit,2500,Bolt-like Rides (fictional),,Online card payment,successful,yes,,,,,,ENT361977325884,1970500
TXN-000570,CUS-0047,9969585190,2026-08-30 23:51,TRANSFER,debit,10000,Tunde F*****a,Sample Savings Bank,Transfer,successful,yes,yes,,,,,ENT673411375634,165000
TXN-001397,CUS-0115,9926627973,2026-08-31 00:13,POS,debit,1500,Filling Station (fictional),,POS purchase,successful,yes,,,,,,ENT206010327500,1633700
TXN-003319,CUS-0268,9995728062,2026-08-31 00:20,POS,debit,12500,Pharmacy Plus (fictional),,POS purchase,successful,yes,,,,,,ENT220938144828,1094700
TXN-003038,CUS-0245,9974242558,2026-08-31 00:44,POS,debit,22000,QuickBuy Online (fictional),,POS purchase,successful,yes,,,,,,ENT592956354631,3705200
TXN-005980,CUS-0484,9979764044,2026-08-31 01:15,TRANSFER,debit,5000,Emeka O*i,Quick Fictional Bank,Transfer,successful,yes,yes,,,,,ENT746025864596,705500
TXN-004837,CUS-0392,9991287050,2026-08-31 01:27,TRANSFER,debit,5000,Wale E**m,Quick Fictional Bank,Transfer,successful,yes,yes,,,,,ENT436332016951,580200
TXN-000998,CUS-0083,9950496570,2026-08-31 01:32,USSD,debit,5000,Airtime (fictional network),,Airtime purchase,successful,yes,,,,,,ENT646765244910,185500
TXN-000362,CUS-0030,9925996775,2026-08-31 01:36,TRANSFER,debit,20000,Obinna S**e,Demo Microfinance Bank,Transfer,successful,yes,yes,,,,,ENT188148193601,117000
TXN-001308,CUS-0108,9976125398,2026-08-31 01:56,POS,debit,45000,Pharmacy Plus (fictional),,POS purchase,successful,yes,,,,,,ENT858620740250,153500
TXN-002368,CUS-0193,9961766752,2026-08-31 02:02,TRANSFER,debit,100000,Bisola N***i,Demo Microfinance Bank,Transfer,successful,yes,yes,,,,,ENT864026280672,378000
TXN-005036,CUS-0408,9988225489,2026-08-31 02:06,USSD,debit,2000,Airtime (fictional network),,Airtime purchase,successful,yes,,,,,,ENT306958458099,490200
TXN-003223,CUS-0260,9952562853,2026-08-31 02:23,ATM,debit,20000,Other bank ATM,,ATM withdrawal,successful,yes,,no,,,,ENT921794771514,265700
TXN-005666,CUS-0459,9996173946,2026-08-31 02:38,ATM,debit,10000,Other bank ATM,,ATM withdrawal,successful,yes,,no,,,,ENT391894721745,333000
TXN-004121,CUS-0335,9937290469,2026-08-31 02:41,TRANSFER,debit,50000,Tunde O******n,Quick Fictional Bank,Transfer,successful,yes,yes,,,,,ENT817826171778,1512000
TXN-001236,CUS-0102,9912452877,2026-08-31 02:48,POS,debit,12500,Market Stall POS,,POS purchase,successful,yes,,,,,,ENT448815825583,226000
TXN-004089,CUS-0332,9988059718,2026-08-31 03:56,TRANSFER,debit,100000,Kunle B****y,Placeholder Bank,Transfer,successful,yes,yes,,,,,ENT204072036425,3596200
TXN-001766,CUS-0145,9912117405,2026-08-31 04:16,WEB,debit,15000,Lekki Luxury Stores,,Online card payment,successful,yes,,,,,,ENT256255134457,1240000
TXN-000115,CUS-0010,9928379298,2026-08-31 04:39,TRANSFER,debit,5000,Segun E*e,Placeholder Bank,Transfer,successful,yes,yes,,,,,ENT713114853408,500000
TXN-002948,CUS-0238,9937467651,2026-08-31 04:42,USSD,debit,2000,Airtime (fictional network),,Airtime purchase,successful,yes,,,,,,ENT307582141672,273200
TXN-000906,CUS-0075,9926436628,2026-08-31 05:05,USSD,debit,500,Airtime (fictional network),,Airtime purchase,successful,yes,,,,,,ENT636219542725,194000
TXN-002886,CUS-0233,9907462096,2026-08-31 05:50,USSD,debit,2000,Airtime (fictional network),,Airtime purchase,successful,yes,,,,,,ENT709430311512,1253500
TXN-005867,CUS-0475,9942169114,2026-08-31 06:08,POS,debit,3500,StreamFlix (fictional),,POS purchase,successful,yes,,,,,,ENT289612909095,405000
TXN-005131,CUS-0416,9968703649,2026-08-31 06:23,POS,debit,12500,Pharmacy Plus (fictional),,POS purchase,successful,yes,,,,,,ENT950993998348,270500
TXN-004508,CUS-0366,9961438798,2026-08-31 06:44,TRANSFER,debit,35000,Abubakar A*****i,Quick Fictional Bank,Transfer,successful,yes,yes,,,,,ENT719905303935,357300
TXN-000834,CUS-0069,9935953494,2026-08-31 07:26,POS,debit,12500,Market Stall POS,,POS purchase,successful,yes,,,,,,ENT702149774479,2122700
TXN-002752,CUS-0223,9973866346,2026-08-31 07:29,ATM,debit,20000,ENTIN ATM,,ATM withdrawal,successful,yes,,yes,,,,ENT104122450199,142500
TXN-001104,CUS-0091,9981013315,2026-08-31 07:46,ATM,debit,10000,Other bank ATM,,ATM withdrawal,successful,yes,,no,,,,ENT769266567342,1227500
TXN-000542,CUS-0045,9921430490,2026-08-31 08:09,TRANSFER,debit,20000,Chioma O*******i,Demo Microfinance Bank,Transfer,successful,yes,yes,,,,,ENT104826767623,3680500
TXN-004209,CUS-0342,9945277907,2026-08-31 08:11,USSD,debit,1000,Airtime (fictional network),,Airtime purchase,successful,yes,,,,,,ENT494022584699,1062500
TXN-006190,CUS-0500,9934447608,2026-08-31 08:12,POS,debit,45000,Bolt-like Rides (fictional),,POS purchase,successful,yes,,,,,,ENT448922802030,910200
TXN-004272,CUS-0347,9910644250,2026-08-31 08:39,ATM,debit,20000,Other bank ATM,,ATM withdrawal,successful,yes,,no,,,,ENT245848990419,724500
TXN-004232,CUS-0344,9972087668,2026-08-31 08:57,POS,debit,45000,ShopRite-like Store (fictional),,POS purchase,successful,yes,,,,,,ENT669431734188,193500
TXN-002823,CUS-0229,9993322503,2026-08-31 09:20,WEB,debit,4500,Lekki Luxury Stores,,Online card payment,successful,yes,,,,,,ENT416531010431,642500
TXN-001198,CUS-0099,9936708878,2026-08-31 09:22,WEB,debit,4500,QuickBuy Online (fictional),,Online card payment,successful,yes,,,,,,ENT273765152788,2767200
TXN-006127,CUS-0495,9921089129,2026-08-31 09:23,WEB,debit,2500,StreamFlix (fictional),,Online card payment,successful,yes,,,,,,ENT224721020321,1645500
TXN-001194,CUS-0099,9936708878,2026-08-31 09:30,WEB,debit,9900,QuickBuy Online (fictional),,Online card payment,successful,yes,,,,,,ENT770049669343,2757300
TXN-001661,CUS-0136,9972130516,2026-08-31 10:02,USSD,debit,500,Airtime (fictional network),,Airtime purchase,successful,yes,,,,,,ENT108764498171,433000
TXN-000595,CUS-0049,9996745219,2026-08-31 10:21,USSD,debit,500,Airtime (fictional network),,Airtime purchase,successful,yes,,,,,,ENT101288839150,2064000
TXN-003566,CUS-0288,9972097656,2026-08-31 10:26,WEB,debit,2500,Bolt-like Rides (fictional),,Online card payment,successful,yes,,,,,,ENT368176656533,3129000
TXN-000197,CUS-0017,9946001304,2026-08-31 10:27,POS,debit,45000,QuickBuy Online (fictional),,POS purchase,successful,yes,,,,,,ENT343506506458,267000
TXN-002939,CUS-0237,9969336506,2026-08-31 10:32,TRANSFER,debit,10000,Abubakar B***o,Quick Fictional Bank,Transfer,successful,yes,yes,,,,,ENT870142795078,537400
TXN-005315,CUS-0431,9985406888,2026-08-31 11:00,POS,debit,12500,ShopRite-like Store (fictional),,POS purchase,successful,yes,,,,,,ENT510671621237,2641000
TXN-002114,CUS-0172,9933836620,2026-08-31 11:31,POS,debit,45000,Pharmacy Plus (fictional),,POS purchase,successful,yes,,,,,,ENT667511525403,897900
TXN-005195,CUS-0421,9917263678,2026-08-31 11:33,USSD,debit,1000,Airtime (fictional network),,Airtime purchase,successful,yes,,,,,,ENT763383489919,292000
TXN-003349,CUS-0270,9932642118,2026-08-31 11:43,USSD,debit,500,Airtime (fictional network),,Airtime purchase,successful,yes,,,,,,ENT833581663600,1281000
TXN-001478,CUS-0121,9910108102,2026-08-31 11:56,USSD,debit,5000,Airtime (fictional network),,Airtime purchase,successful,yes,,,,,,ENT669206469709,991000
TXN-006177,CUS-0499,9952647161,2026-08-31 12:08,TRANSFER,debit,35000,Rukayya O*****e,Quick Fictional Bank,Transfer,successful,yes,yes,,,,,ENT213155817689,241100
TXN-001723,CUS-0141,9922386162,2026-08-31 12:15,TRANSFER,debit,35000,Mercy A*****a,Fictional Trust Bank,Transfer,successful,yes,yes,,,,,ENT965420717234,226100
TXN-003162,CUS-0255,9927357934,2026-08-31 12:22,WEB,debit,4500,QuickBuy Online (fictional),,Online card payment,successful,yes,,,,,,ENT225678040575,1153300
TXN-000134,CUS-0012,9975177992,2026-08-31 13:01,TRANSFER,debit,20000,Ifeanyi E****m,Demo Microfinance Bank,Transfer,successful,yes,yes,,,,,ENT117735091705,2534700
TXN-004178,CUS-0340,9968650702,2026-08-31 13:36,TRANSFER,debit,5000,Sani D*****a,Fictional Trust Bank,Transfer,successful,yes,yes,,,,,ENT385675543524,640700
TXN-001068,CUS-0089,9995292074,2026-08-31 13:39,TRANSFER,debit,50000,Efe U**r,Demo Microfinance Bank,Transfer,successful,yes,yes,,,,,ENT837669196314,1304200
TXN-005803,CUS-0470,9929794391,2026-08-31 13:45,TRANSFER,debit,100000,Grace O******e,Fictional Trust Bank,Transfer,successful,yes,yes,,,,,ENT770766647473,554100
TXN-002703,CUS-0219,9930963627,2026-08-31 13:47,WEB,debit,2500,Bolt-like Rides (fictional),,Online card payment,successful,yes,,,,,,ENT980252299329,86700
TXN-002008,CUS-0164,9963544644,2026-08-31 14:27,POS,debit,45000,Lekki Luxury Stores,,POS purchase,successful,yes,,,,,,ENT325184351255,985400
TXN-004725,CUS-0383,9903971634,2026-08-31 14:35,POS,debit,22000,StreamFlix (fictional),,POS purchase,successful,yes,,,,,,ENT249950313671,1153500
TXN-005974,CUS-0483,9956134913,2026-08-31 14:35,TRANSFER,debit,5000,Dayo O*****e,Quick Fictional Bank,Transfer,successful,yes,yes,,,,,ENT982568955699,217000
TXN-000698,CUS-0058,9980156464,2026-08-31 15:08,USSD,debit,5000,Airtime (fictional network),,Airtime purchase,successful,yes,,,,,,ENT429606284859,865600
TXN-005585,CUS-0452,9921145268,2026-08-31 15:23,POS,debit,1500,Lekki Luxury Stores,,POS purchase,successful,yes,,,,,,ENT233447589474,518700
TXN-001745,CUS-0143,9964197110,2026-08-31 15:39,POS,debit,22000,Mama Put Kitchen,,POS purchase,successful,yes,,,,,,ENT570784243589,1583000
TXN-001086,CUS-0090,9945011459,2026-08-31 16:03,POS,debit,45000,Pharmacy Plus (fictional),,POS purchase,successful,yes,,,,,,ENT391011104147,428200
TXN-000334,CUS-0028,9955696327,2026-08-31 16:11,POS,debit,7800,Pharmacy Plus (fictional),,POS purchase,successful,yes,,,,,,ENT390485926669,319700
TXN-001603,CUS-0131,9915379101,2026-08-31 16:54,USSD,debit,2000,Airtime (fictional network),,Airtime purchase,successful,yes,,,,,,ENT950048683574,673300
TXN-005662,CUS-0458,9904367085,2026-08-31 17:05,POS,debit,45000,Mama Put Kitchen,,POS purchase,successful,yes,,,,,,ENT267430880920,269400
TXN-000569,CUS-0047,9969585190,2026-08-31 17:24,WEB,debit,4500,StreamFlix (fictional),,Online card payment,successful,yes,,,,,,ENT915845307891,160500
TXN-003817,CUS-0309,9907735405,2026-08-31 17:27,ATM,debit,10000,Other bank ATM,,ATM withdrawal,successful,yes,,no,,,,ENT638742145461,1637600
TXN-004629,CUS-0375,9951549033,2026-08-31 17:45,POS,debit,7800,QuickBuy Online (fictional),,POS purchase,successful,yes,,,,,,ENT501441954487,696200
TXN-002559,CUS-0208,9908562995,2026-08-31 18:17,POS,debit,22000,Bolt-like Rides (fictional),,POS purchase,successful,yes,,,,,,ENT222297028397,2796700
TXN-004437,CUS-0360,9950802361,2026-08-31 19:07,WEB,debit,2500,QuickBuy Online (fictional),,Online card payment,successful,yes,,,,,,ENT553215950628,3259000
TXN-000204,CUS-0017,9946001304,2026-08-31 19:08,ATM,debit,10000,ENTIN ATM,,ATM withdrawal,successful,yes,,yes,,,,ENT989653352467,257000
TXN-005492,CUS-0445,9937220724,2026-08-31 19:08,POS,debit,1500,Pharmacy Plus (fictional),,POS purchase,successful,yes,,,,,,ENT534529263683,373200
TXN-005749,CUS-0465,9919915036,2026-08-31 19:09,POS,debit,7800,StreamFlix (fictional),,POS purchase,successful,yes,,,,,,ENT205720080376,1313400
TXN-000031,CUS-0003,9944729405,2026-08-31 19:18,POS,debit,3500,StreamFlix (fictional),,POS purchase,successful,yes,,,,,,ENT827231390372,451000
TXN-001824,CUS-0149,9932706983,2026-08-31 19:33,ATM,debit,20000,ENTIN ATM,,ATM withdrawal,successful,yes,,yes,,,,ENT882688427945,333500
TXN-004388,CUS-0356,9916389373,2026-08-31 19:38,ATM,debit,10000,Other bank ATM,,ATM withdrawal,successful,yes,,no,,,,ENT550472350825,178700
TXN-001539,CUS-0126,9983579996,2026-08-31 20:30,POS,debit,22000,Lekki Luxury Stores,,POS purchase,successful,yes,,,,,,ENT754836182984,1136000
TXN-001047,CUS-0087,9967779214,2026-08-31 20:52,WEB,debit,4500,Bolt-like Rides (fictional),,Online card payment,successful,yes,,,,,,ENT134143390798,1431500
TXN-002908,CUS-0235,9953911045,2026-08-31 21:33,ATM,debit,10000,ENTIN ATM,,ATM withdrawal,successful,yes,,yes,,,,ENT335742288643,626500
TXN-003752,CUS-0304,9919484159,2026-08-31 21:36,POS,debit,1500,Lekki Luxury Stores,,POS purchase,successful,yes,,,,,,ENT598822792854,1080500
TXN-003431,CUS-0277,9900602652,2026-08-31 21:40,WEB,debit,2500,Lekki Luxury Stores,,Online card payment,successful,yes,,,,,,ENT622393677008,1011500
TXN-000677,CUS-0056,9998286408,2026-08-31 21:45,TRANSFER,debit,50000,Emeka O******e,Fictional Trust Bank,Transfer,successful,yes,yes,,,,,ENT233852112449,1212500
TXN-003634,CUS-0294,9981044386,2026-08-31 21:51,POS,debit,3500,ShopRite-like Store (fictional),,POS purchase,successful,yes,,,,,,ENT367361127331,2634500
TXN-005539,CUS-0449,9921814877,2026-08-31 22:20,TRANSFER,debit,35000,Seun L***l,Placeholder Bank,Transfer,successful,yes,yes,,,,,ENT420076695473,556200
TXN-005319,CUS-0431,9985406888,2026-08-31 22:40,WEB,debit,2500,Lekki Luxury Stores,,Online card payment,successful,yes,,,,,,ENT229814533074,2638500
TXN-001451,CUS-0119,9954928452,2026-08-31 23:48,WEB,debit,9900,StreamFlix (fictional),,Online card payment,successful,yes,,,,,,ENT571134492211,522600
TXN-004981,CUS-0403,9978555237,2026-08-31 23:50,ATM,debit,40000,ENTIN ATM,,ATM withdrawal,successful,yes,,yes,,,,ENT431760982515,2892500
TXN-004594,CUS-0373,9932052387,2026-08-31 23:56,POS,debit,45000,Pharmacy Plus (fictional),,POS purchase,successful,yes,,,,,,ENT229099771423,400700
TXN-005701,CUS-0462,9959698980,2026-09-01 00:06,POS,debit,45000,ShopRite-like Store (fictional),,POS purchase,successful,yes,,,,,,ENT122488729496,529500
TXN-004275,CUS-0347,9910644250,2026-09-01 00:34,POS,debit,22000,StreamFlix (fictional),,POS purchase,successful,yes,,,,,,ENT734028194722,702500
TXN-005158,CUS-0418,9975201362,2026-09-01 00:37,WEB,debit,4500,Bolt-like Rides (fictional),,Online card payment,successful,yes,,,,,,ENT655174616448,3561800
TXN-001421,CUS-0117,9925219607,2026-09-01 00:42,POS,debit,7800,Market Stall POS,,POS purchase,successful,yes,,,,,,ENT370346503151,722200
TXN-004922,CUS-0398,9963495400,2026-09-01 01:09,WEB,debit,15000,QuickBuy Online (fictional),,Online card payment,successful,yes,,,,,,ENT440879497227,270500
TXN-003546,CUS-0286,9930900140,2026-09-01 01:37,TRANSFER,debit,100000,Ibrahim I**e,Demo Microfinance Bank,Transfer,successful,yes,yes,,,,,ENT970832385756,2602000
TXN-002386,CUS-0194,9953387952,2026-09-01 02:12,TRANSFER,debit,50000,Usman O****r,Quick Fictional Bank,Transfer,successful,yes,yes,,,,,ENT435054061124,314500
TXN-002457,CUS-0200,9967769593,2026-09-01 02:49,USSD,debit,2000,Airtime (fictional network),,Airtime purchase,successful,yes,,,,,,ENT392068132654,2703500
TXN-002809,CUS-0228,9954375149,2026-09-01 03:04,TRANSFER,debit,20000,Adaeze A***n,Fictional Trust Bank,Transfer,successful,yes,yes,,,,,ENT910366487340,583000
TXN-004323,CUS-0351,9935890704,2026-09-01 03:08,WEB,debit,15000,Bolt-like Rides (fictional),,Online card payment,successful,yes,,,,,,ENT977021606566,364700
TXN-001630,CUS-0133,9965679951,2026-09-01 03:12,POS,debit,1500,Market Stall POS,,POS purchase,successful,yes,,,,,,ENT359801019637,252000
TXN-000937,CUS-0078,9938696953,2026-09-01 03:21,ATM,debit,10000,ENTIN ATM,,ATM withdrawal,successful,yes,,yes,,,,ENT120717447668,2701500
TXN-003182,CUS-0256,9912443952,2026-09-01 03:43,TRANSFER,debit,35000,Precious O****r,Placeholder Bank,Transfer,successful,yes,yes,,,,,ENT883997087596,1945500
TXN-003742,CUS-0303,9914192446,2026-09-01 04:24,TRANSFER,debit,20000,Sani O******e,Placeholder Bank,Transfer,successful,yes,yes,,,,,ENT346282211744,2912000
TXN-003060,CUS-0247,9956338649,2026-09-01 04:42,POS,debit,7800,Bolt-like Rides (fictional),,POS purchase,successful,yes,,,,,,ENT746958806777,261700
TXN-001475,CUS-0121,9910108102,2026-09-01 04:43,USSD,debit,5000,Airtime (fictional network),,Airtime purchase,successful,yes,,,,,,ENT193045388850,986000
TXN-004446,CUS-0361,9980291368,2026-09-01 04:43,POS,debit,7800,Bolt-like Rides (fictional),,POS purchase,successful,yes,,,,,,ENT677407300079,388400
TXN-004685,CUS-0380,9935909163,2026-09-01 04:50,POS,debit,7800,QuickBuy Online (fictional),,POS purchase,successful,yes,,,,,,ENT228431491040,132200
TXN-004487,CUS-0364,9924622145,2026-09-01 04:53,USSD,debit,500,Airtime (fictional network),,Airtime purchase,successful,yes,,,,,,ENT181764871092,1130500
TXN-001985,CUS-0162,9936876480,2026-09-01 05:10,POS,debit,22000,Mama Put Kitchen,,POS purchase,successful,yes,,,,,,ENT611130187068,862400
TXN-003100,CUS-0250,9922213933,2026-09-01 05:12,USSD,debit,2000,Airtime (fictional network),,Airtime purchase,successful,yes,,,,,,ENT358116383845,562500
TXN-005668,CUS-0459,9996173946,2026-09-01 05:12,TRANSFER,debit,20000,Kelechi N*******u,Demo Microfinance Bank,Transfer,successful,yes,yes,,,,,ENT527765524746,313000
TXN-004957,CUS-0401,9916928668,2026-09-01 05:30,POS,debit,7800,Bolt-like Rides (fictional),,POS purchase,successful,yes,,,,,,ENT383207580202,171200
TXN-001981,CUS-0162,9936876480,2026-09-01 06:21,POS,debit,1500,Filling Station (fictional),,POS purchase,successful,yes,,,,,,ENT456649289714,860900
TXN-004320,CUS-0351,9935890704,2026-09-01 06:21,ATM,debit,10000,ENTIN ATM,,ATM withdrawal,successful,yes,,yes,,,,ENT495388503222,354700
TXN-005768,CUS-0467,9930828759,2026-09-01 06:24,TRANSFER,debit,100000,Ronke E****g,Fictional Trust Bank,Transfer,successful,yes,yes,,,,,ENT687330318346,2850700
TXN-002169,CUS-0177,9940024094,2026-09-01 06:45,POS,debit,7800,ShopRite-like Store (fictional),,POS purchase,successful,yes,,,,,,ENT617110924688,551700
TXN-003312,CUS-0267,9975140396,2026-09-01 06:48,TRANSFER,debit,35000,Yemisi O******i,Demo Microfinance Bank,Transfer,successful,yes,yes,,,,,ENT187538864656,243000
TXN-000917,CUS-0076,9970950601,2026-09-01 07:02,POS,debit,1500,Filling Station (fictional),,POS purchase,successful,yes,,,,,,ENT949941515875,138000
TXN-003295,CUS-0266,9911157896,2026-09-01 07:05,POS,debit,22000,Lekki Luxury Stores,,POS purchase,successful,yes,,,,,,ENT674525886930,1214500
TXN-001507,CUS-0123,9961205593,2026-09-01 07:13,POS,debit,7800,Lekki Luxury Stores,,POS purchase,successful,yes,,,,,,ENT509521346632,412200
TXN-005969,CUS-0483,9956134913,2026-09-01 08:03,WEB,debit,15000,Bolt-like Rides (fictional),,Online card payment,successful,yes,,,,,,ENT129979053565,202000
TXN-004680,CUS-0379,9983308485,2026-09-01 08:04,ATM,debit,10000,Other bank ATM,,ATM withdrawal,successful,yes,,no,,,,ENT733108384008,1529500
TXN-001012,CUS-0084,9996444694,2026-09-01 08:05,ATM,debit,10000,Other bank ATM,,ATM withdrawal,successful,yes,,no,,,,ENT313376121197,318200
TXN-004771,CUS-0387,9916279824,2026-09-01 08:12,TRANSFER,debit,50000,Idara A*******i,Quick Fictional Bank,Transfer,successful,yes,yes,,,,,ENT171090415951,2469500
TXN-003830,CUS-0310,9928648156,2026-09-01 08:38,POS,debit,22000,QuickBuy Online (fictional),,POS purchase,successful,yes,,,,,,ENT156519400020,147500
TXN-000094,CUS-0008,9971475136,2026-09-01 08:46,POS,debit,12500,ShopRite-like Store (fictional),,POS purchase,successful,yes,,,,,,ENT537176925999,1225700
TXN-004509,CUS-0366,9961438798,2026-09-01 09:11,TRANSFER,debit,10000,Ikenna I**e,Placeholder Bank,Transfer,successful,yes,yes,,,,,ENT658718187997,347300
TXN-002423,CUS-0197,9999876763,2026-09-01 09:24,POS,debit,45000,QuickBuy Online (fictional),,POS purchase,successful,yes,,,,,,ENT484858502869,1079000
TXN-000164,CUS-0014,9922264686,2026-09-01 09:37,POS,debit,22000,StreamFlix (fictional),,POS purchase,successful,yes,,,,,,ENT633253304767,206700
TXN-001855,CUS-0152,9950934230,2026-09-01 09:45,ATM,debit,10000,Other bank ATM,,ATM withdrawal,successful,yes,,no,,,,ENT114460310355,726500
TXN-005702,CUS-0462,9959698980,2026-09-01 09:45,POS,debit,45000,Pharmacy Plus (fictional),,POS purchase,successful,yes,,,,,,ENT732633051488,484500
TXN-001817,CUS-0149,9932706983,2026-09-01 10:03,POS,debit,3500,Market Stall POS,,POS purchase,successful,yes,,,,,,ENT903879251237,330000
TXN-005212,CUS-0422,9981759426,2026-09-01 10:22,WEB,debit,2500,QuickBuy Online (fictional),,Online card payment,successful,yes,,,,,,ENT738899328495,1132000
TXN-005267,CUS-0427,9914290139,2026-09-01 10:53,WEB,debit,2500,StreamFlix (fictional),,Online card payment,successful,yes,,,,,,ENT405604295633,785500
TXN-004964,CUS-0402,9957851156,2026-09-01 11:03,TRANSFER,debit,100000,Ronke O***e,Quick Fictional Bank,Transfer,successful,yes,yes,,,,,ENT930581910518,467500
TXN-004014,CUS-0326,9996550219,2026-09-01 11:09,USSD,debit,5000,Airtime (fictional network),,Airtime purchase,successful,yes,,,,,,ENT240410886385,441000
TXN-000573,CUS-0047,9969585190,2026-09-01 11:33,USSD,debit,2000,Airtime (fictional network),,Airtime purchase,successful,yes,,,,,,ENT674041054407,158500
TXN-005919,CUS-0479,9976613626,2026-09-01 11:38,POS,debit,45000,Bolt-like Rides (fictional),,POS purchase,successful,yes,,,,,,ENT467520868570,1100000
TXN-002538,CUS-0206,9960946297,2026-09-01 11:58,TRANSFER,debit,35000,Tunde L***l,Quick Fictional Bank,Transfer,successful,yes,yes,,,,,ENT559756788372,1188500
TXN-004697,CUS-0381,9967998836,2026-09-01 12:00,USSD,debit,5000,Airtime (fictional network),,Airtime purchase,successful,yes,,,,,,ENT960785115647,289800
TXN-001038,CUS-0086,9907016929,2026-09-01 12:15,TRANSFER,debit,5000,Tunde E*e,Demo Microfinance Bank,Transfer,successful,yes,yes,,,,,ENT966101156411,309000
TXN-002251,CUS-0183,9902993351,2026-09-01 12:21,USSD,debit,500,Airtime (fictional network),,Airtime purchase,successful,yes,,,,,,ENT849224685752,2431500
TXN-000037,CUS-0003,9944729405,2026-09-01 12:27,WEB,debit,9900,StreamFlix (fictional),,Online card payment,successful,yes,,,,,,ENT980602967038,441100
TXN-001998,CUS-0163,9985476677,2026-09-01 12:31,TRANSFER,debit,5000,Mercy O*****o,Demo Microfinance Bank,Transfer,successful,yes,yes,,,,,ENT811742135169,255500
TXN-006140,CUS-0496,9992039930,2026-09-01 12:34,ATM,debit,10000,Other bank ATM,,ATM withdrawal,successful,yes,,no,,,,ENT167637044360,3100500
TXN-002889,CUS-0234,9902167309,2026-09-01 13:31,WEB,debit,15000,Lekki Luxury Stores,,Online card payment,successful,yes,,,,,,ENT244493186450,3652000
TXN-005275,CUS-0428,9988816041,2026-09-01 13:37,WEB,debit,9900,Bolt-like Rides (fictional),,Online card payment,successful,yes,,,,,,ENT233925450304,416100
TXN-005041,CUS-0409,9926600363,2026-09-01 14:37,TRANSFER,debit,35000,Joy A*****o,Placeholder Bank,Transfer,successful,yes,yes,,,,,ENT439659857895,597100
TXN-002613,CUS-0212,9951055574,2026-09-01 14:48,POS,debit,45000,Pharmacy Plus (fictional),,POS purchase,successful,yes,,,,,,ENT752710761295,197000
TXN-004462,CUS-0362,9925256262,2026-09-01 15:09,ATM,debit,20000,ENTIN ATM,,ATM withdrawal,successful,yes,,yes,,,,ENT380947693052,568000
TXN-006052,CUS-0490,9997818827,2026-09-01 15:13,POS,debit,22000,ShopRite-like Store (fictional),,POS purchase,successful,yes,,,,,,ENT874410607581,983000
TXN-004660,CUS-0378,9920862512,2026-09-01 16:04,POS,debit,3500,Market Stall POS,,POS purchase,successful,yes,,,,,,ENT694618699193,3170700
TXN-003781,CUS-0306,9912755790,2026-09-01 16:07,USSD,debit,5000,Airtime (fictional network),,Airtime purchase,successful,yes,,,,,,ENT274963435130,374000
TXN-001135,CUS-0094,9962528456,2026-09-01 16:52,WEB,debit,15000,Bolt-like Rides (fictional),,Online card payment,successful,yes,,,,,,ENT402583829385,90200
TXN-005722,CUS-0463,9930718439,2026-09-01 16:54,POS,debit,7800,Market Stall POS,,POS purchase,successful,yes,,,,,,ENT445236509625,791700
TXN-000685,CUS-0057,9939955156,2026-09-01 17:10,POS,debit,1500,Mama Put Kitchen,,POS purchase,successful,yes,,,,,,ENT540241325607,1073000
TXN-000761,CUS-0063,9948085347,2026-09-01 17:30,WEB,debit,4500,QuickBuy Online (fictional),,Online card payment,successful,yes,,,,,,ENT830369661052,323500
TXN-003240,CUS-0261,9911168312,2026-09-01 17:44,ATM,debit,20000,ENTIN ATM,,ATM withdrawal,successful,yes,,yes,,,,ENT809260390030,967700
TXN-001221,CUS-0101,9971745143,2026-09-01 17:48,POS,debit,45000,Bolt-like Rides (fictional),,POS purchase,successful,yes,,,,,,ENT664112283843,2555000
TXN-004050,CUS-0329,9953759147,2026-09-01 18:04,POS,debit,22000,Market Stall POS,,POS purchase,successful,yes,,,,,,ENT458083934202,164000
TXN-004039,CUS-0328,9932477086,2026-09-01 18:34,POS,debit,12500,QuickBuy Online (fictional),,POS purchase,successful,yes,,,,,,ENT847198243555,2804200
TXN-005440,CUS-0441,9989912305,2026-09-01 18:52,ATM,debit,20000,Other bank ATM,,ATM withdrawal,successful,yes,,no,,,,ENT188808785940,231000
TXN-005247,CUS-0425,9940818369,2026-09-01 20:32,POS,debit,3500,Pharmacy Plus (fictional),,POS purchase,successful,yes,,,,,,ENT304317448905,507500
TXN-005081,CUS-0412,9954372850,2026-09-01 20:40,USSD,debit,1000,Airtime (fictional network),,Airtime purchase,successful,yes,,,,,,ENT849027909575,469700
TXN-001750,CUS-0144,9986071964,2026-09-01 20:47,USSD,debit,2000,Airtime (fictional network),,Airtime purchase,successful,yes,,,,,,ENT902185706540,421600
TXN-002332,CUS-0190,9967378530,2026-09-01 21:00,TRANSFER,debit,35000,Aminu E*e,Placeholder Bank,Transfer,successful,yes,yes,,,,,ENT992163584826,2024700
TXN-003879,CUS-0314,9990571386,2026-09-01 21:33,TRANSFER,debit,10000,Esther O******e,Demo Microfinance Bank,Transfer,successful,yes,yes,,,,,ENT795817366850,168500
TXN-002646,CUS-0215,9948992789,2026-09-01 21:54,POS,debit,1500,QuickBuy Online (fictional),,POS purchase,successful,yes,,,,,,ENT231889935746,192200
TXN-002522,CUS-0205,9904236164,2026-09-01 22:06,TRANSFER,debit,10000,Zainab A*****i,Quick Fictional Bank,Transfer,successful,yes,yes,,,,,ENT950963527758,326700
TXN-004433,CUS-0360,9950802361,2026-09-01 22:35,TRANSFER,debit,10000,Hauwa O*****e,Fictional Trust Bank,Transfer,successful,yes,yes,,,,,ENT233726848500,3249000
TXN-005074,CUS-0411,9993781137,2026-09-01 22:48,USSD,debit,5000,Airtime (fictional network),,Airtime purchase,successful,yes,,,,,,ENT907562271200,856500
TXN-004799,CUS-0389,9985163816,2026-09-01 22:49,POS,debit,45000,Lekki Luxury Stores,,POS purchase,successful,yes,,,,,,ENT273758779340,652200
TXN-003263,CUS-0263,9950345134,2026-09-01 22:50,POS,debit,22000,ShopRite-like Store (fictional),,POS purchase,successful,yes,,,,,,ENT506581059693,235000
TXN-000070,CUS-0006,9988766344,2026-09-01 22:52,TRANSFER,debit,50000,Gerald U**h,Demo Microfinance Bank,Transfer,successful,yes,yes,,,,,ENT928086106417,972100
TXN-004524,CUS-0367,9951406955,2026-09-01 22:59,POS,debit,12500,Bolt-like Rides (fictional),,POS purchase,successful,yes,,,,,,ENT931310227460,2923700
TXN-000403,CUS-0034,9918847918,2026-09-01 23:04,USSD,debit,1000,Airtime (fictional network),,Airtime purchase,successful,yes,,,,,,ENT959961130216,203700
TXN-005109,CUS-0414,9977024396,2026-09-01 23:31,USSD,debit,5000,Airtime (fictional network),,Airtime purchase,successful,yes,,,,,,ENT173008953569,2780500
TXN-001123,CUS-0093,9969795168,2026-09-01 23:36,POS,debit,22000,Bolt-like Rides (fictional),,POS purchase,successful,yes,,,,,,ENT862838161185,2802000
TXN-003619,CUS-0293,9928185458,2026-09-01 23:36,POS,debit,3500,QuickBuy Online (fictional),,POS purchase,successful,yes,,,,,,ENT955756078104,675600
TXN-001229,CUS-0101,9971745143,2026-09-01 23:49,POS,debit,3500,Lekki Luxury Stores,,POS purchase,successful,yes,,,,,,ENT597382947068,2551500
TXN-005697,CUS-0461,9906704957,2026-09-01 23:58,USSD,debit,2000,Airtime (fictional network),,Airtime purchase,successful,yes,,,,,,ENT361946734349,293500
TXN-002107,CUS-0172,9933836620,2026-09-02 00:55,ATM,debit,40000,ENTIN ATM,,ATM withdrawal,successful,yes,,yes,,,,ENT768862498974,857900
TXN-003577,CUS-0289,9944712177,2026-09-02 01:00,POS,debit,1500,QuickBuy Online (fictional),,POS purchase,successful,yes,,,,,,ENT995769098356,2049500
TXN-003436,CUS-0277,9900602652,2026-09-02 01:09,POS,debit,22000,Market Stall POS,,POS purchase,successful,yes,,,,,,ENT684563263831,989500
TXN-005379,CUS-0436,9957764503,2026-09-02 01:24,POS,debit,22000,Filling Station (fictional),,POS purchase,successful,yes,,,,,,ENT862693315320,1601400
TXN-004167,CUS-0339,9994674369,2026-09-02 01:26,TRANSFER,debit,100000,Ebere B****y,Demo Microfinance Bank,Transfer,successful,yes,yes,,,,,ENT237982209847,797500
TXN-004675,CUS-0379,9983308485,2026-09-02 01:42,WEB,debit,15000,QuickBuy Online (fictional),,Online card payment,successful,yes,,,,,,ENT823952476097,1514500
TXN-003955,CUS-0321,9964528363,2026-09-02 02:38,ATM,debit,40000,ENTIN ATM,,ATM withdrawal,successful,yes,,yes,,,,ENT680954464430,560100
TXN-001543,CUS-0126,9983579996,2026-09-02 03:14,USSD,debit,2000,Airtime (fictional network),,Airtime purchase,successful,yes,,,,,,ENT306348131233,1134000
TXN-001465,CUS-0120,9939956816,2026-09-02 03:17,POS,debit,7800,ShopRite-like Store (fictional),,POS purchase,successful,yes,,,,,,ENT974043602999,1343900
TXN-002832,CUS-0229,9993322503,2026-09-02 03:20,TRANSFER,debit,50000,Ibrahim O***o,Quick Fictional Bank,Transfer,successful,yes,yes,,,,,ENT185156448246,592500
TXN-003004,CUS-0242,9902208747,2026-09-02 03:39,ATM,debit,40000,ENTIN ATM,,ATM withdrawal,successful,yes,,yes,,,,ENT436854933958,3647100
TXN-003177,CUS-0256,9912443952,2026-09-02 03:42,ATM,debit,20000,ENTIN ATM,,ATM withdrawal,successful,yes,,yes,,,,ENT422182160305,1925500
TXN-001987,CUS-0162,9936876480,2026-09-02 03:44,WEB,debit,15000,StreamFlix (fictional),,Online card payment,successful,yes,,,,,,ENT305826966533,845900
TXN-001279,CUS-0105,9972234888,2026-09-02 03:45,TRANSFER,debit,100000,Esther O****e,Sample Savings Bank,Transfer,successful,yes,yes,,,,,ENT711395719751,562600
TXN-001707,CUS-0140,9975216214,2026-09-02 04:02,USSD,debit,2000,Airtime (fictional network),,Airtime purchase,successful,yes,,,,,,ENT577275976043,1132500
TXN-000785,CUS-0065,9977605538,2026-09-02 04:38,POS,debit,45000,Market Stall POS,,POS purchase,successful,yes,,,,,,ENT705908577269,1254700
TXN-004361,CUS-0354,9973080669,2026-09-02 05:23,ATM,debit,10000,ENTIN ATM,,ATM withdrawal,successful,yes,,yes,,,,ENT681703823598,222200
TXN-005418,CUS-0439,9979594787,2026-09-02 05:37,WEB,debit,4500,Lekki Luxury Stores,,Online card payment,successful,yes,,,,,,ENT275099409826,835200
TXN-002692,CUS-0218,9910818187,2026-09-02 06:14,TRANSFER,debit,10000,Yemisi O******n,Demo Microfinance Bank,Transfer,successful,yes,yes,,,,,ENT835587545459,1266000
TXN-003411,CUS-0275,9916289439,2026-09-02 06:32,ATM,debit,40000,ENTIN ATM,,ATM withdrawal,successful,yes,,yes,,,,ENT822931874044,363500
TXN-005676,CUS-0460,9955245029,2026-09-02 06:46,TRANSFER,debit,10000,Aisha B****y,Fictional Trust Bank,Transfer,successful,yes,yes,,,,,ENT314519386265,516200
TXN-001638,CUS-0134,9983034549,2026-09-02 06:54,ATM,debit,20000,ENTIN ATM,,ATM withdrawal,successful,yes,,yes,,,,ENT125330699737,993700
TXN-000987,CUS-0082,9942764129,2026-09-02 07:03,POS,debit,3500,Mama Put Kitchen,,POS purchase,successful,yes,,,,,,ENT915328207767,729000
TXN-004835,CUS-0392,9991287050,2026-09-02 07:08,POS,debit,45000,Mama Put Kitchen,,POS purchase,successful,yes,,,,,,ENT842173862546,535200
TXN-001301,CUS-0107,9961387303,2026-09-02 07:11,WEB,debit,9900,Lekki Luxury Stores,,Online card payment,successful,yes,,,,,,ENT551399310304,443100
TXN-005265,CUS-0427,9914290139,2026-09-02 07:37,USSD,debit,500,Airtime (fictional network),,Airtime purchase,successful,yes,,,,,,ENT153069842357,785000
TXN-004190,CUS-0341,9911918995,2026-09-02 07:40,TRANSFER,debit,50000,Hauwa O*i,Quick Fictional Bank,Transfer,successful,yes,yes,,,,,ENT169007437463,274200
TXN-005026,CUS-0407,9927834375,2026-09-02 07:41,ATM,debit,40000,ENTIN ATM,,ATM withdrawal,successful,yes,,yes,,,,ENT926746149910,462500
TXN-003232,CUS-0261,9911168312,2026-09-02 07:48,POS,debit,1500,StreamFlix (fictional),,POS purchase,successful,yes,,,,,,ENT927088387645,966200
TXN-001729,CUS-0142,9986367800,2026-09-02 07:51,TRANSFER,debit,50000,Mercy S**e,Fictional Trust Bank,Transfer,successful,yes,yes,,,,,ENT651300450207,1036500
TXN-005642,CUS-0457,9951470242,2026-09-02 07:52,POS,debit,45000,Pharmacy Plus (fictional),,POS purchase,successful,yes,,,,,,ENT289031107953,95000
TXN-004840,CUS-0392,9991287050,2026-09-02 07:54,ATM,debit,40000,Other bank ATM,,ATM withdrawal,successful,yes,,no,,,,ENT781450837415,495200
TXN-002027,CUS-0165,9957207101,2026-09-02 08:04,POS,debit,1500,Lekki Luxury Stores,,POS purchase,successful,yes,,,,,,ENT234943315548,1220500
TXN-002110,CUS-0172,9933836620,2026-09-02 08:35,POS,debit,45000,QuickBuy Online (fictional),,POS purchase,successful,yes,,,,,,ENT562436035697,812900
TXN-002022,CUS-0165,9957207101,2026-09-02 09:00,USSD,debit,500,Airtime (fictional network),,Airtime purchase,successful,yes,,,,,,ENT529439218591,1220000
TXN-002827,CUS-0229,9993322503,2026-09-02 09:14,POS,debit,3500,ShopRite-like Store (fictional),,POS purchase,successful,yes,,,,,,ENT892709563106,589000
TXN-001978,CUS-0162,9936876480,2026-09-02 09:19,POS,debit,12500,Pharmacy Plus (fictional),,POS purchase,successful,yes,,,,,,ENT606425279604,833400
TXN-006195,CUS-0500,9934447608,2026-09-02 09:41,POS,debit,22000,QuickBuy Online (fictional),,POS purchase,successful,yes,,,,,,ENT441878769311,888200
TXN-000133,CUS-0012,9975177992,2026-09-02 09:50,TRANSFER,debit,5000,Mercy A*****o,Fictional Trust Bank,Transfer,successful,yes,yes,,,,,ENT684286151778,2529700
TXN-000708,CUS-0058,9980156464,2026-09-02 09:57,ATM,debit,40000,Other bank ATM,,ATM withdrawal,successful,yes,,no,,,,ENT281812109737,825600
TXN-005308,CUS-0430,9922159393,2026-09-02 10:32,TRANSFER,debit,20000,Abubakar O*****o,Fictional Trust Bank,Transfer,successful,yes,yes,,,,,ENT186250350910,145700
TXN-002664,CUS-0216,9903471072,2026-09-02 10:40,USSD,debit,500,Airtime (fictional network),,Airtime purchase,successful,yes,,,,,,ENT554794988312,2863500
TXN-000290,CUS-0024,9988281126,2026-09-02 10:46,POS,debit,45000,QuickBuy Online (fictional),,POS purchase,successful,yes,,,,,,ENT604546259295,2547100
TXN-001164,CUS-0096,9991804418,2026-09-02 11:01,USSD,debit,2000,Airtime (fictional network),,Airtime purchase,successful,yes,,,,,,ENT220478944898,545000
TXN-000953,CUS-0079,9971711243,2026-09-02 11:11,WEB,debit,2500,Lekki Luxury Stores,,Online card payment,successful,yes,,,,,,ENT104204551230,993500
TXN-000190,CUS-0016,9982141621,2026-09-02 11:59,WEB,debit,2500,Lekki Luxury Stores,,Online card payment,successful,yes,,,,,,ENT319403168295,557000
TXN-003632,CUS-0294,9981044386,2026-09-02 12:29,USSD,debit,2000,Airtime (fictional network),,Airtime purchase,successful,yes,,,,,,ENT332264928327,2632500
TXN-002245,CUS-0183,9902993351,2026-09-02 12:39,POS,debit,45000,Mama Put Kitchen,,POS purchase,successful,yes,,,,,,ENT352340868808,2386500
TXN-001410,CUS-0116,9962245900,2026-09-02 12:47,POS,debit,3500,Market Stall POS,,POS purchase,successful,yes,,,,,,ENT656754417923,1637100
TXN-002641,CUS-0214,9980024371,2026-09-02 12:55,ATM,debit,20000,Other bank ATM,,ATM withdrawal,successful,yes,,no,,,,ENT996797155737,983900
TXN-005101,CUS-0413,9988958664,2026-09-02 12:57,POS,debit,22000,Filling Station (fictional),,POS purchase,successful,yes,,,,,,ENT435314751916,2569500
TXN-002273,CUS-0185,9962334551,2026-09-02 13:17,POS,debit,22000,QuickBuy Online (fictional),,POS purchase,successful,yes,,,,,,ENT345111478599,52000
TXN-000171,CUS-0015,9984133017,2026-09-02 13:28,TRANSFER,debit,35000,Emeka A*****e,Sample Savings Bank,Transfer,successful,yes,yes,,,,,ENT637735782082,2750500
TXN-004240,CUS-0345,9954456726,2026-09-02 14:17,TRANSFER,debit,20000,Sani C****u,Sample Savings Bank,Transfer,successful,yes,yes,,,,,ENT362892940990,284600
TXN-003690,CUS-0298,9994675331,2026-09-02 14:21,ATM,debit,20000,ENTIN ATM,,ATM withdrawal,successful,yes,,yes,,,,ENT966218329122,1705000
TXN-002319,CUS-0189,9908672820,2026-09-02 14:22,TRANSFER,debit,10000,Femi B****e,Sample Savings Bank,Transfer,successful,yes,yes,,,,,ENT511576634379,294700
TXN-000500,CUS-0042,9938560739,2026-09-02 14:26,ATM,debit,20000,ENTIN ATM,,ATM withdrawal,successful,yes,,yes,,,,ENT888726560150,2610500
TXN-004305,CUS-0350,9941377678,2026-09-02 14:47,USSD,debit,1000,Airtime (fictional network),,Airtime purchase,successful,yes,,,,,,ENT559315499659,1958900
TXN-005327,CUS-0432,9901762982,2026-09-02 14:55,POS,debit,12500,Lekki Luxury Stores,,POS purchase,successful,yes,,,,,,ENT559220317958,1030500
TXN-003931,CUS-0319,9964510647,2026-09-02 15:22,USSD,debit,2000,Airtime (fictional network),,Airtime purchase,successful,yes,,,,,,ENT271668593840,1153700
TXN-003482,CUS-0281,9984118790,2026-09-02 15:30,USSD,debit,500,Airtime (fictional network),,Airtime purchase,successful,yes,,,,,,ENT380189791045,329000
TXN-004994,CUS-0404,9918022090,2026-09-02 15:34,TRANSFER,debit,50000,Bukola O******i,Quick Fictional Bank,Transfer,successful,yes,yes,,,,,ENT411414607135,736200
TXN-004913,CUS-0398,9963495400,2026-09-02 15:54,TRANSFER,debit,50000,Dayo O******e,Placeholder Bank,Transfer,successful,yes,yes,,,,,ENT177254815843,220500
TXN-001396,CUS-0115,9926627973,2026-09-02 16:32,ATM,debit,10000,Other bank ATM,,ATM withdrawal,successful,yes,,no,,,,ENT915789213140,1623700
TXN-000746,CUS-0062,9913785222,2026-09-02 16:36,WEB,debit,15000,QuickBuy Online (fictional),,Online card payment,successful,yes,,,,,,ENT216940103851,1558200
TXN-004365,CUS-0355,9924902182,2026-09-02 16:48,POS,debit,3500,Market Stall POS,,POS purchase,successful,yes,,,,,,ENT976893214264,195000
TXN-003991,CUS-0324,9957360445,2026-09-02 17:21,ATM,debit,40000,Other bank ATM,,ATM withdrawal,successful,yes,,no,,,,ENT425091113039,1539000
TXN-000196,CUS-0017,9946001304,2026-09-02 18:31,WEB,debit,15000,Lekki Luxury Stores,,Online card payment,successful,yes,,,,,,ENT405174923172,242000
TXN-000285,CUS-0024,9988281126,2026-09-02 18:53,TRANSFER,debit,5000,Uche O****e,Quick Fictional Bank,Transfer,successful,yes,yes,,,,,ENT122584690956,2542100
TXN-004413,CUS-0358,9954026859,2026-09-02 18:55,TRANSFER,debit,50000,Adebayo O*****o,Placeholder Bank,Transfer,successful,yes,yes,,,,,ENT545817774424,316700
TXN-005136,CUS-0416,9968703649,2026-09-02 19:06,WEB,debit,9900,QuickBuy Online (fictional),,Online card payment,successful,yes,,,,,,ENT330846118906,260600
TXN-000006,CUS-0001,9913998698,2026-09-02 19:08,WEB,debit,2500,StreamFlix (fictional),,Online card payment,successful,yes,,,,,,ENT182335236332,309500
TXN-003293,CUS-0266,9911157896,2026-09-02 19:11,POS,debit,22000,QuickBuy Online (fictional),,POS purchase,successful,yes,,,,,,ENT338942196052,1192500
TXN-005566,CUS-0451,9961219558,2026-09-02 19:41,POS,debit,1500,Market Stall POS,,POS purchase,successful,yes,,,,,,ENT400252321804,1250000
TXN-002589,CUS-0210,9911316159,2026-09-02 19:51,WEB,debit,2500,Bolt-like Rides (fictional),,Online card payment,successful,yes,,,,,,ENT586927698304,2127500
TXN-003392,CUS-0274,9955297955,2026-09-02 19:58,TRANSFER,debit,5000,Maryam O******e,Fictional Trust Bank,Transfer,successful,yes,yes,,,,,ENT422898898471,255200
TXN-003997,CUS-0324,9957360445,2026-09-02 20:37,TRANSFER,debit,20000,Chinedu I***s,Fictional Trust Bank,Transfer,successful,yes,yes,,,,,ENT597954417856,1519000
TXN-001378,CUS-0113,9918118331,2026-09-02 20:40,POS,debit,22000,Filling Station (fictional),,POS purchase,successful,yes,,,,,,ENT680648225675,2127000
TXN-003517,CUS-0284,9966833571,2026-09-02 21:28,WEB,debit,9900,Lekki Luxury Stores,,Online card payment,successful,yes,,,,,,ENT834761647200,1274600
TXN-005310,CUS-0430,9922159393,2026-09-02 21:40,TRANSFER,debit,35000,Maryam O******e,Quick Fictional Bank,Transfer,successful,yes,yes,,,,,ENT804334897629,110700
TXN-003073,CUS-0248,9955864605,2026-09-02 22:18,USSD,debit,2000,Airtime (fictional network),,Airtime purchase,successful,yes,,,,,,ENT325224251718,590000
TXN-003416,CUS-0275,9916289439,2026-09-02 22:36,WEB,debit,2500,Bolt-like Rides (fictional),,Online card payment,successful,yes,,,,,,ENT873492737932,361000
TXN-000420,CUS-0035,9955689832,2026-09-02 22:37,USSD,debit,2000,Airtime (fictional network),,Airtime purchase,successful,yes,,,,,,ENT611003196553,2396000
TXN-004198,CUS-0341,9911918995,2026-09-02 22:40,ATM,debit,20000,ENTIN ATM,,ATM withdrawal,successful,yes,,yes,,,,ENT521656554384,254200
TXN-000768,CUS-0064,9901461338,2026-09-02 22:52,TRANSFER,debit,5000,Ibrahim O*u,Fictional Trust Bank,Transfer,successful,yes,yes,,,,,ENT777767126517,590000
TXN-003523,CUS-0284,9966833571,2026-09-02 23:02,ATM,debit,10000,ENTIN ATM,,ATM withdrawal,successful,yes,,yes,,,,ENT940778529292,1264600
TXN-003904,CUS-0316,9928767202,2026-09-02 23:14,POS,debit,45000,Bolt-like Rides (fictional),,POS purchase,successful,yes,,,,,,ENT776783279687,1636000
TXN-005698,CUS-0461,9906704957,2026-09-02 23:26,POS,debit,12500,Bolt-like Rides (fictional),,POS purchase,successful,yes,,,,,,ENT852057636811,281000
TXN-004159,CUS-0338,9965503781,2026-09-02 23:58,USSD,debit,500,Airtime (fictional network),,Airtime purchase,successful,yes,,,,,,ENT899550394454,772600
TXN-002785,CUS-0226,9909301930,2026-09-03 00:00,POS,debit,7800,Mama Put Kitchen,,POS purchase,successful,yes,,,,,,ENT311362365133,382800
TXN-000288,CUS-0024,9988281126,2026-09-03 00:19,POS,debit,7800,Pharmacy Plus (fictional),,POS purchase,successful,yes,,,,,,ENT938463174644,2534300
TXN-004772,CUS-0387,9916279824,2026-09-03 00:21,POS,debit,1500,StreamFlix (fictional),,POS purchase,successful,yes,,,,,,ENT754443530432,2468000
TXN-003787,CUS-0307,9938909584,2026-09-03 00:33,ATM,debit,40000,ENTIN ATM,,ATM withdrawal,successful,yes,,yes,,,,ENT268253253257,3102000
TXN-001252,CUS-0103,9949574415,2026-09-03 00:34,TRANSFER,debit,10000,Kemi A*****i,Demo Microfinance Bank,Transfer,successful,yes,yes,,,,,ENT430696027090,618000
TXN-002391,CUS-0195,9911125736,2026-09-03 00:51,ATM,debit,20000,ENTIN ATM,,ATM withdrawal,successful,yes,,yes,,,,ENT157750209339,2487200
TXN-005518,CUS-0447,9988158943,2026-09-03 00:51,TRANSFER,debit,100000,Emmanuel G***a,Sample Savings Bank,Transfer,successful,yes,yes,,,,,ENT352858161651,110200
TXN-001614,CUS-0132,9913900264,2026-09-03 00:52,WEB,debit,15000,Bolt-like Rides (fictional),,Online card payment,successful,yes,,,,,,ENT971337378188,2697000
TXN-003636,CUS-0294,9981044386,2026-09-03 01:23,POS,debit,45000,Bolt-like Rides (fictional),,POS purchase,successful,yes,,,,,,ENT196196078594,2587500
TXN-005321,CUS-0431,9985406888,2026-09-03 01:25,USSD,debit,1000,Airtime (fictional network),,Airtime purchase,successful,yes,,,,,,ENT614438265713,2637500
TXN-004469,CUS-0363,9914265763,2026-09-03 01:42,POS,debit,12500,StreamFlix (fictional),,POS purchase,successful,yes,,,,,,ENT477214410325,2669100
TXN-005737,CUS-0464,9998523750,2026-09-03 01:46,TRANSFER,debit,50000,Maryam O*****e,Fictional Trust Bank,Transfer,successful,yes,yes,,,,,ENT227285094931,330500
TXN-005347,CUS-0433,9973633995,2026-09-03 02:07,TRANSFER,debit,20000,Funke N*******u,Placeholder Bank,Transfer,successful,yes,yes,,,,,ENT643718402492,1138000
TXN-006149,CUS-0497,9975222469,2026-09-03 02:08,TRANSFER,debit,20000,Aminu C****u,Quick Fictional Bank,Transfer,successful,yes,yes,,,,,ENT196233039211,118500
TXN-000965,CUS-0080,9903022502,2026-09-03 02:11,ATM,debit,40000,Other bank ATM,,ATM withdrawal,successful,yes,,no,,,,ENT540653074015,172500
TXN-001525,CUS-0125,9939285100,2026-09-03 02:36,ATM,debit,10000,ENTIN ATM,,ATM withdrawal,successful,yes,,yes,,,,ENT353726334672,1035000
TXN-001885,CUS-0154,9973621841,2026-09-03 02:40,WEB,debit,15000,StreamFlix (fictional),,Online card payment,successful,yes,,,,,,ENT108920290143,550000
TXN-005482,CUS-0444,9984434096,2026-09-03 02:54,POS,debit,45000,StreamFlix (fictional),,POS purchase,successful,yes,,,,,,ENT158455780845,446500
TXN-004274,CUS-0347,9910644250,2026-09-03 03:09,POS,debit,7800,Mama Put Kitchen,,POS purchase,successful,yes,,,,,,ENT721525226607,694700
TXN-005792,CUS-0469,9968933238,2026-09-03 03:28,WEB,debit,4500,StreamFlix (fictional),,Online card payment,successful,yes,,,,,,ENT696536919677,420900
TXN-001186,CUS-0098,9958025797,2026-09-03 03:43,TRANSFER,debit,35000,Bello A***n,Demo Microfinance Bank,Transfer,successful,yes,yes,,,,,ENT844834242997,1078000
TXN-000740,CUS-0061,9923524013,2026-09-03 03:48,TRANSFER,debit,35000,Obinna O*u,Sample Savings Bank,Transfer,successful,yes,yes,,,,,ENT529864347553,2683500
TXN-003012,CUS-0242,9902208747,2026-09-03 04:16,POS,debit,45000,Pharmacy Plus (fictional),,POS purchase,successful,yes,,,,,,ENT741796066610,3602100
TXN-001015,CUS-0084,9996444694,2026-09-03 04:23,POS,debit,3500,ShopRite-like Store (fictional),,POS purchase,successful,yes,,,,,,ENT651317041363,314700
TXN-001717,CUS-0141,9922386162,2026-09-03 04:23,TRANSFER,debit,100000,Hadiza A***u,Quick Fictional Bank,Transfer,successful,yes,yes,,,,,ENT224566174847,126100
TXN-004938,CUS-0400,9927020003,2026-09-03 04:48,TRANSFER,debit,50000,Obinna N*******u,Placeholder Bank,Transfer,successful,yes,yes,,,,,ENT262490457550,410000
TXN-000714,CUS-0059,9990421631,2026-09-03 04:50,USSD,debit,5000,Airtime (fictional network),,Airtime purchase,successful,yes,,,,,,ENT524862386982,1397500
TXN-003017,CUS-0243,9951135288,2026-09-03 04:55,TRANSFER,debit,50000,Usman U**r,Sample Savings Bank,Transfer,successful,yes,yes,,,,,ENT104598032845,321500
TXN-003578,CUS-0289,9944712177,2026-09-03 05:17,USSD,debit,1000,Airtime (fictional network),,Airtime purchase,successful,yes,,,,,,ENT348116987434,2048500
TXN-004801,CUS-0389,9985163816,2026-09-03 05:50,POS,debit,45000,Filling Station (fictional),,POS purchase,successful,yes,,,,,,ENT934527102415,607200
TXN-000769,CUS-0064,9901461338,2026-09-03 06:12,TRANSFER,debit,35000,Ikenna I***s,Fictional Trust Bank,Transfer,successful,yes,yes,,,,,ENT379816233243,555000
TXN-001314,CUS-0108,9976125398,2026-09-03 06:23,TRANSFER,debit,5000,Emeka N***u,Demo Microfinance Bank,Transfer,successful,yes,yes,,,,,ENT331737103365,148500
TXN-000561,CUS-0046,9968179223,2026-09-03 06:26,POS,debit,12500,Lekki Luxury Stores,,POS purchase,successful,yes,,,,,,ENT347907687784,943700
TXN-003613,CUS-0292,9969206472,2026-09-03 06:31,WEB,debit,15000,Lekki Luxury Stores,,Online card payment,successful,yes,,,,,,ENT479859910510,846600
TXN-003821,CUS-0310,9928648156,2026-09-03 06:33,POS,debit,7800,Pharmacy Plus (fictional),,POS purchase,successful,yes,,,,,,ENT160665113672,139700
TXN-001099,CUS-0091,9981013315,2026-09-03 06:52,TRANSFER,debit,20000,Patience O***e,Demo Microfinance Bank,Transfer,successful,yes,yes,,,,,ENT888300631094,1207500
TXN-005138,CUS-0416,9968703649,2026-09-03 07:05,USSD,debit,500,Airtime (fictional network),,Airtime purchase,successful,yes,,,,,,ENT575914230342,260100
TXN-005149,CUS-0417,9965144969,2026-09-03 07:11,TRANSFER,debit,100000,Bisola M**a,Fictional Trust Bank,Transfer,successful,yes,yes,,,,,ENT834917710075,833500
TXN-005120,CUS-0415,9933680819,2026-09-03 07:31,POS,debit,12500,ShopRite-like Store (fictional),,POS purchase,successful,yes,,,,,,ENT349423202745,477500
TXN-005943,CUS-0481,9939475693,2026-09-03 07:51,TRANSFER,debit,50000,Musa I**e,Placeholder Bank,Transfer,successful,yes,yes,,,,,ENT583220348954,408700
TXN-002255,CUS-0184,9912799315,2026-09-03 07:53,TRANSFER,debit,100000,Uche F*****a,Quick Fictional Bank,Transfer,successful,yes,yes,,,,,ENT828294169993,1458600
TXN-005720,CUS-0463,9930718439,2026-09-03 08:23,TRANSFER,debit,20000,Emeka A*****o,Demo Microfinance Bank,Transfer,successful,yes,yes,,,,,ENT710336616100,771700
TXN-004362,CUS-0354,9973080669,2026-09-03 08:31,TRANSFER,debit,50000,Adebayo O****e,Demo Microfinance Bank,Transfer,successful,yes,yes,,,,,ENT123302911207,172200
TXN-005411,CUS-0438,9912614443,2026-09-03 08:33,TRANSFER,debit,20000,Maryam O*****o,Quick Fictional Bank,Transfer,successful,yes,yes,,,,,ENT947793603319,3188200
TXN-005112,CUS-0414,9977024396,2026-09-03 08:51,TRANSFER,debit,5000,Esther I**e,Fictional Trust Bank,Transfer,successful,yes,yes,,,,,ENT968258625035,2775500
TXN-004511,CUS-0366,9961438798,2026-09-03 08:56,POS,debit,3500,Bolt-like Rides (fictional),,POS purchase,successful,yes,,,,,,ENT519809974212,343800
TXN-003631,CUS-0294,9981044386,2026-09-03 09:18,POS,debit,45000,Lekki Luxury Stores,,POS purchase,successful,yes,,,,,,ENT938170850589,2542500
TXN-003789,CUS-0307,9938909584,2026-09-03 09:18,ATM,debit,10000,ENTIN ATM,,ATM withdrawal,successful,yes,,yes,,,,ENT655936058353,3092000
TXN-006176,CUS-0499,9952647161,2026-09-03 09:24,WEB,debit,2500,StreamFlix (fictional),,Online card payment,successful,yes,,,,,,ENT150556477426,238600
TXN-005860,CUS-0474,9967078673,2026-09-03 09:45,TRANSFER,debit,100000,Yemisi E**t,Fictional Trust Bank,Transfer,successful,yes,yes,,,,,ENT390561916232,257000
TXN-002213,CUS-0180,9927751519,2026-09-03 09:54,TRANSFER,debit,35000,Bisola A*****e,Fictional Trust Bank,Transfer,successful,yes,yes,,,,,ENT484986343738,3650500
TXN-005605,CUS-0454,9915943156,2026-09-03 10:03,TRANSFER,debit,20000,Tunde B****y,Placeholder Bank,Transfer,successful,yes,yes,,,,,ENT435668451594,2490500
TXN-001560,CUS-0128,9943949119,2026-09-03 10:31,TRANSFER,debit,20000,Ibrahim E****m,Quick Fictional Bank,Transfer,successful,yes,yes,,,,,ENT536155686630,322000
TXN-000224,CUS-0019,9953801291,2026-09-03 11:05,TRANSFER,debit,20000,Godwin O*i,Sample Savings Bank,Transfer,successful,yes,yes,,,,,ENT440419093082,441700
TXN-005457,CUS-0442,9996044337,2026-09-03 11:08,POS,debit,45000,Pharmacy Plus (fictional),,POS purchase,successful,yes,,,,,,ENT629417563827,3671600
TXN-000320,CUS-0027,9935795111,2026-09-03 11:29,POS,debit,22000,Market Stall POS,,POS purchase,successful,yes,,,,,,ENT394270775851,1162100
TXN-000439,CUS-0037,9980700159,2026-09-03 11:31,ATM,debit,10000,ENTIN ATM,,ATM withdrawal,successful,yes,,yes,,,,ENT603637756159,1181600
TXN-002969,CUS-0239,9963646907,2026-09-03 11:41,WEB,debit,15000,QuickBuy Online (fictional),,Online card payment,successful,yes,,,,,,ENT102022491876,455500
TXN-006135,CUS-0496,9992039930,2026-09-03 12:04,TRANSFER,debit,35000,Joy O*u,Placeholder Bank,Transfer,successful,yes,yes,,,,,ENT928611923280,3065500
TXN-006146,CUS-0497,9975222469,2026-09-03 12:37,ATM,debit,40000,ENTIN ATM,,ATM withdrawal,successful,yes,,yes,,,,ENT161433422806,78500
TXN-004282,CUS-0348,9968101700,2026-09-03 13:46,TRANSFER,debit,50000,Zainab Y***f,Fictional Trust Bank,Transfer,successful,yes,yes,,,,,ENT125717755140,2097000
TXN-001375,CUS-0113,9918118331,2026-09-03 13:47,WEB,debit,2500,QuickBuy Online (fictional),,Online card payment,successful,yes,,,,,,ENT978993372230,2124500
TXN-001700,CUS-0139,9928539598,2026-09-03 13:54,WEB,debit,2500,Bolt-like Rides (fictional),,Online card payment,successful,yes,,,,,,ENT177915817779,3229700
TXN-000895,CUS-0074,9981299914,2026-09-03 14:07,USSD,debit,5000,Airtime (fictional network),,Airtime purchase,successful,yes,,,,,,ENT662939760787,223500
TXN-002974,CUS-0240,9926272745,2026-09-03 14:13,POS,debit,7800,ShopRite-like Store (fictional),,POS purchase,successful,yes,,,,,,ENT539405029136,680300
TXN-000966,CUS-0080,9903022502,2026-09-03 14:17,ATM,debit,20000,Other bank ATM,,ATM withdrawal,successful,yes,,no,,,,ENT699074904025,152500
TXN-000503,CUS-0042,9938560739,2026-09-03 14:43,POS,debit,7800,Filling Station (fictional),,POS purchase,successful,yes,,,,,,ENT898030237386,2602700
TXN-001427,CUS-0117,9925219607,2026-09-03 14:51,TRANSFER,debit,10000,Samuel O*****o,Placeholder Bank,Transfer,successful,yes,yes,,,,,ENT896541445210,712200
TXN-004501,CUS-0365,9966800555,2026-09-03 15:04,TRANSFER,debit,20000,Emmanuel O******e,Sample Savings Bank,Transfer,successful,yes,yes,,,,,ENT194059333740,1260500
TXN-001762,CUS-0145,9912117405,2026-09-03 15:21,TRANSFER,debit,50000,Blessing O*****e,Demo Microfinance Bank,Transfer,successful,yes,yes,,,,,ENT404948366137,1190000
TXN-001081,CUS-0090,9945011459,2026-09-03 16:01,POS,debit,45000,Bolt-like Rides (fictional),,POS purchase,successful,yes,,,,,,ENT553849729295,383200
TXN-002052,CUS-0168,9989354914,2026-09-03 16:12,WEB,debit,15000,Lekki Luxury Stores,,Online card payment,successful,yes,,,,,,ENT858495828701,2793700
TXN-001064,CUS-0088,9912668692,2026-09-03 16:26,ATM,debit,40000,Other bank ATM,,ATM withdrawal,successful,yes,,no,,,,ENT575388795197,98000
TXN-005119,CUS-0415,9933680819,2026-09-03 16:35,POS,debit,1500,Bolt-like Rides (fictional),,POS purchase,successful,yes,,,,,,ENT111290125400,476000
TXN-003944,CUS-0320,9939671395,2026-09-03 16:36,POS,debit,1500,Pharmacy Plus (fictional),,POS purchase,successful,yes,,,,,,ENT183929832490,425400
TXN-000727,CUS-0060,9906424829,2026-09-03 16:51,TRANSFER,debit,100000,Adebayo B***o,Placeholder Bank,Transfer,successful,yes,yes,,,,,ENT395738032338,2580000
TXN-001176,CUS-0097,9961807567,2026-09-03 17:04,POS,debit,12500,Lekki Luxury Stores,,POS purchase,successful,yes,,,,,,ENT382427800079,2581200
TXN-000377,CUS-0032,9941968982,2026-09-03 17:18,USSD,debit,1000,Airtime (fictional network),,Airtime purchase,successful,yes,,,,,,ENT712032056970,2552800
TXN-005620,CUS-0455,9902792166,2026-09-03 17:27,WEB,debit,9900,QuickBuy Online (fictional),,Online card payment,successful,yes,,,,,,ENT926360179382,1067800
TXN-001393,CUS-0114,9944317367,2026-09-03 17:30,ATM,debit,40000,Other bank ATM,,ATM withdrawal,successful,yes,,no,,,,ENT998737301698,317000
TXN-004261,CUS-0346,9910643132,2026-09-03 17:32,USSD,debit,1000,Airtime (fictional network),,Airtime purchase,successful,yes,,,,,,ENT393922754122,725100
TXN-002440,CUS-0199,9916644726,2026-09-03 18:53,POS,debit,1500,Filling Station (fictional),,POS purchase,successful,yes,,,,,,ENT914266065556,768000
TXN-006197,CUS-0500,9934447608,2026-09-03 19:18,POS,debit,1500,Pharmacy Plus (fictional),,POS purchase,successful,yes,,,,,,ENT389748584400,886700
TXN-001405,CUS-0115,9926627973,2026-09-03 19:24,TRANSFER,debit,50000,Precious E**t,Sample Savings Bank,Transfer,successful,yes,yes,,,,,ENT980731688431,1573700
TXN-000272,CUS-0023,9902145842,2026-09-03 19:26,POS,debit,1500,Mama Put Kitchen,,POS purchase,successful,yes,,,,,,ENT488370793586,156900
TXN-005959,CUS-0482,9931572769,2026-09-03 19:50,POS,debit,45000,Lekki Luxury Stores,,POS purchase,successful,yes,,,,,,ENT289415728768,857000
TXN-005051,CUS-0409,9926600363,2026-09-03 21:18,TRANSFER,debit,5000,Bello O****r,Fictional Trust Bank,Transfer,successful,yes,yes,,,,,ENT818725332313,592100
TXN-005146,CUS-0417,9965144969,2026-09-03 21:18,POS,debit,22000,Market Stall POS,,POS purchase,successful,yes,,,,,,ENT812313202854,811500
TXN-004226,CUS-0343,9922438945,2026-09-03 21:25,POS,debit,45000,Mama Put Kitchen,,POS purchase,successful,yes,,,,,,ENT428173239813,431000
TXN-000431,CUS-0036,9926978043,2026-09-03 21:33,ATM,debit,40000,Other bank ATM,,ATM withdrawal,successful,yes,,no,,,,ENT610566699531,1642500
TXN-003065,CUS-0247,9956338649,2026-09-03 21:48,TRANSFER,debit,35000,Dayo U**h,Quick Fictional Bank,Transfer,successful,yes,yes,,,,,ENT155878884790,226700
TXN-005141,CUS-0417,9965144969,2026-09-03 21:54,ATM,debit,20000,Other bank ATM,,ATM withdrawal,successful,yes,,no,,,,ENT317419983918,791500
TXN-002317,CUS-0189,9908672820,2026-09-03 22:07,USSD,debit,1000,Airtime (fictional network),,Airtime purchase,successful,yes,,,,,,ENT816091343109,293700
TXN-000891,CUS-0074,9981299914,2026-09-03 22:22,TRANSFER,debit,20000,Fatima S****i,Sample Savings Bank,Transfer,successful,yes,yes,,,,,ENT537837581434,203500
TXN-001676,CUS-0137,9965386482,2026-09-03 22:58,ATM,debit,10000,ENTIN ATM,,ATM withdrawal,successful,yes,,yes,,,,ENT815622589449,174500
TXN-002304,CUS-0188,9925691517,2026-09-03 23:03,ATM,debit,20000,Other bank ATM,,ATM withdrawal,successful,yes,,no,,,,ENT471786541158,1632200
TXN-004196,CUS-0341,9911918995,2026-09-03 23:15,TRANSFER,debit,5000,Kunle O*****o,Placeholder Bank,Transfer,successful,yes,yes,,,,,ENT402891071649,249200
TXN-005571,CUS-0451,9961219558,2026-09-03 23:22,USSD,debit,2000,Airtime (fictional network),,Airtime purchase,successful,yes,,,,,,ENT527689021388,1248000
TXN-004828,CUS-0391,9920137304,2026-09-03 23:25,USSD,debit,1000,Airtime (fictional network),,Airtime purchase,successful,yes,,,,,,ENT514713262303,962500
TXN-000855,CUS-0071,9903048877,2026-09-03 23:38,POS,debit,3500,QuickBuy Online (fictional),,POS purchase,successful,yes,,,,,,ENT991486397857,454000
TXN-005996,CUS-0485,9974291653,2026-09-03 23:55,POS,debit,3500,StreamFlix (fictional),,POS purchase,successful,yes,,,,,,ENT779798578454,2793200
TXN-000140,CUS-0012,9975177992,2026-09-04 00:00,TRANSFER,debit,20000,Titilayo O******n,Sample Savings Bank,Transfer,successful,yes,yes,,,,,ENT491622352030,2509700
TXN-003374,CUS-0272,9940071152,2026-09-04 00:22,POS,debit,12500,Filling Station (fictional),,POS purchase,successful,yes,,,,,,ENT738081420893,557700
TXN-002966,CUS-0239,9963646907,2026-09-04 00:23,USSD,debit,1000,Airtime (fictional network),,Airtime purchase,successful,yes,,,,,,ENT826768378562,454500
TXN-001912,CUS-0157,9984980730,2026-09-04 00:29,POS,debit,1500,Mama Put Kitchen,,POS purchase,successful,yes,,,,,,ENT166742757915,2033500
TXN-002912,CUS-0235,9953911045,2026-09-04 00:34,POS,debit,1500,Market Stall POS,,POS purchase,successful,yes,,,,,,ENT137956220159,625000
TXN-005423,CUS-0439,9979594787,2026-09-04 00:39,POS,debit,7800,Market Stall POS,,POS purchase,successful,yes,,,,,,ENT753277549198,827400
TXN-001158,CUS-0096,9991804418,2026-09-04 00:46,TRANSFER,debit,20000,Hauwa D*****a,Sample Savings Bank,Transfer,successful,yes,yes,,,,,ENT878959970955,525000
TXN-003472,CUS-0280,9952498676,2026-09-04 00:48,ATM,debit,20000,Other bank ATM,,ATM withdrawal,successful,yes,,no,,,,ENT336677957450,1277300
TXN-003921,CUS-0318,9973536623,2026-09-04 01:00,POS,debit,1500,Bolt-like Rides (fictional),,POS purchase,successful,yes,,,,,,ENT701414016637,1580000
TXN-001535,CUS-0126,9983579996,2026-09-04 01:21,WEB,debit,4500,QuickBuy Online (fictional),,Online card payment,successful,yes,,,,,,ENT180675318752,1129500
TXN-002498,CUS-0203,9911235217,2026-09-04 01:37,USSD,debit,500,Airtime (fictional network),,Airtime purchase,successful,yes,,,,,,ENT320318724916,189000
TXN-002171,CUS-0177,9940024094,2026-09-04 01:50,POS,debit,12500,Bolt-like Rides (fictional),,POS purchase,successful,yes,,,,,,ENT551831874657,539200
TXN-004708,CUS-0382,9965825920,2026-09-04 01:53,POS,debit,1500,Pharmacy Plus (fictional),,POS purchase,successful,yes,,,,,,ENT428308477101,1295200
TXN-004359,CUS-0354,9973080669,2026-09-04 02:19,POS,debit,45000,Lekki Luxury Stores,,POS purchase,successful,yes,,,,,,ENT959200513885,127200
TXN-000233,CUS-0020,9969256663,2026-09-04 02:42,ATM,debit,20000,ENTIN ATM,,ATM withdrawal,successful,yes,,yes,,,,ENT637157572291,3698000
TXN-000007,CUS-0001,9913998698,2026-09-04 03:20,POS,debit,3500,StreamFlix (fictional),,POS purchase,successful,yes,,,,,,ENT769115931032,306000
TXN-006120,CUS-0495,9921089129,2026-09-04 03:27,USSD,debit,2000,Airtime (fictional network),,Airtime purchase,successful,yes,,,,,,ENT495893996351,1643500
TXN-005398,CUS-0437,9935652556,2026-09-04 04:09,ATM,debit,40000,ENTIN ATM,,ATM withdrawal,successful,yes,,yes,,,,ENT314755325462,1331200
TXN-005993,CUS-0485,9974291653,2026-09-04 04:43,TRANSFER,debit,10000,Musa U**h,Placeholder Bank,Transfer,successful,yes,yes,,,,,ENT539669513939,2783200
TXN-004793,CUS-0388,9966683513,2026-09-04 04:58,POS,debit,22000,Pharmacy Plus (fictional),,POS purchase,successful,yes,,,,,,ENT289393000453,633600
TXN-000429,CUS-0036,9926978043,2026-09-04 05:03,USSD,debit,500,Airtime (fictional network),,Airtime purchase,successful,yes,,,,,,ENT914263709531,1642000
TXN-002946,CUS-0238,9937467651,2026-09-04 05:10,POS,debit,45000,Pharmacy Plus (fictional),,POS purchase,successful,yes,,,,,,ENT685009504163,228200
TXN-001791,CUS-0147,9900546598,2026-09-04 05:33,POS,debit,3500,Pharmacy Plus (fictional),,POS purchase,successful,yes,,,,,,ENT861735229421,1623200
TXN-000580,CUS-0048,9972987112,2026-09-04 05:35,POS,debit,22000,Lekki Luxury Stores,,POS purchase,successful,yes,,,,,,ENT969361054244,3131500
TXN-002208,CUS-0180,9927751519,2026-09-04 05:40,USSD,debit,2000,Airtime (fictional network),,Airtime purchase,successful,yes,,,,,,ENT553741007895,3648500
TXN-003902,CUS-0316,9928767202,2026-09-04 05:43,WEB,debit,15000,Lekki Luxury Stores,,Online card payment,successful,yes,,,,,,ENT820218050037,1621000
TXN-002600,CUS-0211,9909502592,2026-09-04 05:51,POS,debit,22000,Lekki Luxury Stores,,POS purchase,successful,yes,,,,,,ENT278120869429,275000
TXN-005931,CUS-0480,9952051483,2026-09-04 05:53,ATM,debit,40000,ENTIN ATM,,ATM withdrawal,successful,yes,,yes,,,,ENT536267259224,3718900
TXN-000821,CUS-0068,9934217233,2026-09-04 06:02,WEB,debit,2500,Bolt-like Rides (fictional),,Online card payment,successful,yes,,,,,,ENT309581486860,679500
TXN-002270,CUS-0185,9962334551,2026-09-04 06:18,USSD,debit,5000,Airtime (fictional network),,Airtime purchase,successful,yes,,,,,,ENT951502925106,47000
TXN-002136,CUS-0174,9904061872,2026-09-04 06:24,WEB,debit,9900,QuickBuy Online (fictional),,Online card payment,successful,yes,,,,,,ENT647852617755,3734800
TXN-000856,CUS-0071,9903048877,2026-09-04 08:11,TRANSFER,debit,35000,Chioma O*****o,Demo Microfinance Bank,Transfer,successful,yes,yes,,,,,ENT501023897012,419000
TXN-005945,CUS-0481,9939475693,2026-09-04 08:11,POS,debit,3500,Lekki Luxury Stores,,POS purchase,successful,yes,,,,,,ENT544216532285,405200
TXN-002707,CUS-0219,9930963627,2026-09-04 08:16,TRANSFER,debit,35000,Ebere O*******i,Quick Fictional Bank,Transfer,successful,yes,yes,,,,,ENT949528658859,51700
TXN-002156,CUS-0176,9948340783,2026-09-04 08:24,TRANSFER,debit,35000,Bello U**h,Demo Microfinance Bank,Transfer,successful,yes,yes,,,,,ENT923504763447,299500
TXN-000247,CUS-0021,9964529128,2026-09-04 08:40,WEB,debit,15000,QuickBuy Online (fictional),,Online card payment,successful,yes,,,,,,ENT825063614816,236500
TXN-004887,CUS-0396,9979503876,2026-09-04 09:13,TRANSFER,debit,100000,Ifeanyi E****m,Demo Microfinance Bank,Transfer,successful,yes,yes,,,,,ENT574202847612,608000
TXN-002819,CUS-0228,9954375149,2026-09-04 10:09,ATM,debit,10000,ENTIN ATM,,ATM withdrawal,successful,yes,,yes,,,,ENT784188671984,573000
TXN-003224,CUS-0260,9952562853,2026-09-04 10:14,TRANSFER,debit,35000,Efe O******e,Placeholder Bank,Transfer,successful,yes,yes,,,,,ENT889062785543,230700
TXN-001602,CUS-0131,9915379101,2026-09-04 10:25,POS,debit,45000,QuickBuy Online (fictional),,POS purchase,successful,yes,,,,,,ENT678304332381,628300
TXN-000462,CUS-0039,9960824456,2026-09-04 10:31,USSD,debit,500,Airtime (fictional network),,Airtime purchase,successful,yes,,,,,,ENT464893522895,298100
TXN-005272,CUS-0427,9914290139,2026-09-04 10:32,WEB,debit,2500,QuickBuy Online (fictional),,Online card payment,successful,yes,,,,,,ENT878529973379,782500
TXN-001747,CUS-0143,9964197110,2026-09-04 10:33,POS,debit,7800,StreamFlix (fictional),,POS purchase,successful,yes,,,,,,ENT322190184163,1575200
TXN-004002,CUS-0325,9991958539,2026-09-04 11:01,TRANSFER,debit,20000,Nnamdi I**e,Placeholder Bank,Transfer,successful,yes,yes,,,,,ENT915954599586,1324000
TXN-000936,CUS-0078,9938696953,2026-09-04 11:29,POS,debit,7800,Market Stall POS,,POS purchase,successful,yes,,,,,,ENT407807671024,2693700
TXN-003198,CUS-0258,9911119929,2026-09-04 11:48,POS,debit,1500,Filling Station (fictional),,POS purchase,successful,yes,,,,,,ENT201806391689,1653700
TXN-000343,CUS-0029,9914497660,2026-09-04 11:56,WEB,debit,2500,QuickBuy Online (fictional),,Online card payment,successful,yes,,,,,,ENT420646239845,962500
TXN-002780,CUS-0225,9910257598,2026-09-04 11:57,ATM,debit,20000,Other bank ATM,,ATM withdrawal,successful,yes,,no,,,,ENT542360030223,1022500
TXN-003033,CUS-0244,9931572552,2026-09-04 12:22,TRANSFER,debit,50000,Tunde O***e,Placeholder Bank,Transfer,successful,yes,yes,,,,,ENT904320149110,201600
TXN-005732,CUS-0464,9998523750,2026-09-04 12:36,POS,debit,3500,ShopRite-like Store (fictional),,POS purchase,successful,yes,,,,,,ENT451717096563,327000
TXN-002599,CUS-0211,9909502592,2026-09-04 13:14,POS,debit,22000,Bolt-like Rides (fictional),,POS purchase,successful,yes,,,,,,ENT535816556069,253000
TXN-004017,CUS-0326,9996550219,2026-09-04 13:17,TRANSFER,debit,5000,Uche F*****a,Placeholder Bank,Transfer,successful,yes,yes,,,,,ENT711932162512,436000
TXN-004409,CUS-0358,9954026859,2026-09-04 13:23,USSD,debit,500,Airtime (fictional network),,Airtime purchase,successful,yes,,,,,,ENT962796952739,316200
TXN-002680,CUS-0217,9923754061,2026-09-04 13:28,POS,debit,45000,Bolt-like Rides (fictional),,POS purchase,successful,yes,,,,,,ENT329997721884,891700
TXN-000853,CUS-0071,9903048877,2026-09-04 13:50,USSD,debit,2000,Airtime (fictional network),,Airtime purchase,successful,yes,,,,,,ENT777157849477,417000
TXN-004026,CUS-0327,9985785371,2026-09-04 14:05,POS,debit,7800,Mama Put Kitchen,,POS purchase,successful,yes,,,,,,ENT628408563572,1318200
TXN-001001,CUS-0083,9950496570,2026-09-04 14:14,POS,debit,3500,ShopRite-like Store (fictional),,POS purchase,successful,yes,,,,,,ENT432860954730,182000
TXN-003677,CUS-0297,9929017205,2026-09-04 14:23,POS,debit,22000,Pharmacy Plus (fictional),,POS purchase,successful,yes,,,,,,ENT418999653891,1178000
TXN-004068,CUS-0330,9955477122,2026-09-04 14:26,POS,debit,7800,Mama Put Kitchen,,POS purchase,successful,yes,,,,,,ENT855854028052,2780900
TXN-002133,CUS-0174,9904061872,2026-09-04 14:27,USSD,debit,5000,Airtime (fictional network),,Airtime purchase,successful,yes,,,,,,ENT474873363112,3729800
TXN-004345,CUS-0353,9939159099,2026-09-04 14:32,WEB,debit,9900,Lekki Luxury Stores,,Online card payment,successful,yes,,,,,,ENT962148652144,544100
TXN-002750,CUS-0223,9973866346,2026-09-04 14:41,ATM,debit,20000,ENTIN ATM,,ATM withdrawal,successful,yes,,yes,,,,ENT782695343250,122500
TXN-005897,CUS-0477,9950606428,2026-09-04 15:53,TRANSFER,debit,50000,Nkechi N***u,Sample Savings Bank,Transfer,successful,yes,yes,,,,,ENT189631403395,91500
TXN-001332,CUS-0109,9926445274,2026-09-04 16:18,POS,debit,12500,Mama Put Kitchen,,POS purchase,successful,yes,,,,,,ENT861466885947,442000
TXN-001674,CUS-0137,9965386482,2026-09-04 16:23,USSD,debit,5000,Airtime (fictional network),,Airtime purchase,successful,yes,,,,,,ENT863194836062,169500
TXN-001380,CUS-0113,9918118331,2026-09-04 16:40,POS,debit,22000,Mama Put Kitchen,,POS purchase,successful,yes,,,,,,ENT689134264841,2102500
TXN-005422,CUS-0439,9979594787,2026-09-04 17:07,ATM,debit,10000,ENTIN ATM,,ATM withdrawal,successful,yes,,yes,,,,ENT613722705931,817400
TXN-001959,CUS-0160,9945997181,2026-09-04 17:11,TRANSFER,debit,20000,Samuel E**t,Placeholder Bank,Transfer,successful,yes,yes,,,,,ENT972546173216,439000
TXN-002322,CUS-0189,9908672820,2026-09-04 17:18,USSD,debit,2000,Airtime (fictional network),,Airtime purchase,successful,yes,,,,,,ENT682103064822,291700
TXN-000653,CUS-0054,9918621076,2026-09-04 17:19,POS,debit,7800,QuickBuy Online (fictional),,POS purchase,successful,yes,,,,,,ENT434559212225,446900
TXN-004527,CUS-0367,9951406955,2026-09-04 17:25,WEB,debit,2500,QuickBuy Online (fictional),,Online card payment,successful,yes,,,,,,ENT911279854252,2921200
TXN-006014,CUS-0486,9956936295,2026-09-04 17:34,TRANSFER,debit,10000,Efe O*****o,Sample Savings Bank,Transfer,successful,yes,yes,,,,,ENT852677256139,796500
TXN-002296,CUS-0187,9956885470,2026-09-04 18:11,POS,debit,12500,QuickBuy Online (fictional),,POS purchase,successful,yes,,,,,,ENT299782759065,2650000
TXN-002907,CUS-0235,9953911045,2026-09-04 18:28,POS,debit,12500,Bolt-like Rides (fictional),,POS purchase,successful,yes,,,,,,ENT396674443922,612500
TXN-002000,CUS-0163,9985476677,2026-09-04 18:34,TRANSFER,debit,20000,Blessing O******i,Placeholder Bank,Transfer,successful,yes,yes,,,,,ENT829260144417,235500
TXN-001794,CUS-0147,9900546598,2026-09-04 19:00,POS,debit,22000,Mama Put Kitchen,,POS purchase,successful,yes,,,,,,ENT706544076464,1601200
TXN-005644,CUS-0457,9951470242,2026-09-04 20:25,TRANSFER,debit,20000,Adebayo U**h,Quick Fictional Bank,Transfer,successful,yes,yes,,,,,ENT197031406063,75000
TXN-002095,CUS-0171,9983851534,2026-09-04 20:37,POS,debit,12500,Filling Station (fictional),,POS purchase,successful,yes,,,,,,ENT324328172140,904700
TXN-005204,CUS-0422,9981759426,2026-09-04 20:44,POS,debit,12500,Mama Put Kitchen,,POS purchase,successful,yes,,,,,,ENT538882758606,1119500
TXN-001615,CUS-0132,9913900264,2026-09-04 20:46,ATM,debit,10000,ENTIN ATM,,ATM withdrawal,successful,yes,,yes,,,,ENT441939084739,2687000
TXN-006022,CUS-0487,9989218380,2026-09-04 21:07,POS,debit,3500,Lekki Luxury Stores,,POS purchase,successful,yes,,,,,,ENT601867789217,1141700
TXN-001166,CUS-0096,9991804418,2026-09-04 21:16,POS,debit,45000,StreamFlix (fictional),,POS purchase,successful,yes,,,,,,ENT300107054962,480000
TXN-001514,CUS-0124,9949138114,2026-09-04 21:20,POS,debit,12500,Market Stall POS,,POS purchase,successful,yes,,,,,,ENT366460230423,259500
TXN-006054,CUS-0490,9997818827,2026-09-04 21:23,POS,debit,1500,Lekki Luxury Stores,,POS purchase,successful,yes,,,,,,ENT723334914757,981500
TXN-004574,CUS-0371,9907694305,2026-09-04 21:25,TRANSFER,debit,50000,Esther U**h,Fictional Trust Bank,Transfer,successful,yes,yes,,,,,ENT520159397641,531700
TXN-003063,CUS-0247,9956338649,2026-09-04 21:50,POS,debit,3500,Mama Put Kitchen,,POS purchase,successful,yes,,,,,,ENT520159498940,223200
TXN-000465,CUS-0039,9960824456,2026-09-04 22:44,TRANSFER,debit,50000,Bisola I**e,Demo Microfinance Bank,Transfer,successful,yes,yes,,,,,ENT669214446076,248100
TXN-005562,CUS-0451,9961219558,2026-09-04 23:25,TRANSFER,debit,100000,Ngozi G***a,Quick Fictional Bank,Transfer,successful,yes,yes,,,,,ENT116636799786,1148000
TXN-002759,CUS-0223,9973866346,2026-09-04 23:26,POS,debit,45000,StreamFlix (fictional),,POS purchase,successful,yes,,,,,,ENT171708417782,77500
TXN-000119,CUS-0010,9928379298,2026-09-04 23:34,TRANSFER,debit,50000,Bukola G***a,Sample Savings Bank,Transfer,successful,yes,yes,,,,,ENT821775099818,450000
TXN-005196,CUS-0421,9917263678,2026-09-04 23:38,POS,debit,22000,ShopRite-like Store (fictional),,POS purchase,successful,yes,,,,,,ENT958925611027,270000
TXN-004457,CUS-0362,9925256262,2026-09-05 00:00,POS,debit,12500,ShopRite-like Store (fictional),,POS purchase,successful,yes,,,,,,ENT264860655729,555500
TXN-000489,CUS-0041,9902520161,2026-09-05 00:29,POS,debit,45000,StreamFlix (fictional),,POS purchase,successful,yes,,,,,,ENT434524737799,1528200
TXN-002412,CUS-0196,9967074401,2026-09-05 00:40,TRANSFER,debit,20000,Folake O****e,Fictional Trust Bank,Transfer,successful,yes,yes,,,,,ENT485067349973,277000
TXN-005145,CUS-0417,9965144969,2026-09-05 00:56,WEB,debit,4500,Bolt-like Rides (fictional),,Online card payment,successful,yes,,,,,,ENT733194316266,787000
TXN-005731,CUS-0464,9998523750,2026-09-05 00:56,TRANSFER,debit,35000,Kemi B****e,Fictional Trust Bank,Transfer,successful,yes,yes,,,,,ENT149057636549,292000
TXN-003157,CUS-0254,9910485144,2026-09-05 01:09,TRANSFER,debit,5000,Aisha E**m,Sample Savings Bank,Transfer,successful,yes,yes,,,,,ENT819182237368,2058700
TXN-003024,CUS-0243,9951135288,2026-09-05 01:14,USSD,debit,1000,Airtime (fictional network),,Airtime purchase,successful,yes,,,,,,ENT777593814045,320500
TXN-004667,CUS-0378,9920862512,2026-09-05 01:26,ATM,debit,40000,Other bank ATM,,ATM withdrawal,successful,yes,,no,,,,ENT908733087615,3130700
TXN-003365,CUS-0271,9915845459,2026-09-05 01:33,TRANSFER,debit,100000,Ngozi S**e,Sample Savings Bank,Transfer,successful,yes,yes,,,,,ENT415276141769,534000
TXN-004071,CUS-0331,9925736997,2026-09-05 01:39,ATM,debit,10000,ENTIN ATM,,ATM withdrawal,successful,yes,,yes,,,,ENT372940539145,187500
TXN-005531,CUS-0448,9949863391,2026-09-05 01:49,TRANSFER,debit,35000,Chiamaka U**r,Quick Fictional Bank,Transfer,successful,yes,yes,,,,,ENT605320746684,224700
TXN-000174,CUS-0015,9984133017,2026-09-05 01:51,TRANSFER,debit,100000,Chiamaka O******i,Quick Fictional Bank,Transfer,successful,yes,yes,,,,,ENT826579082014,2650500
TXN-001398,CUS-0115,9926627973,2026-09-05 01:52,WEB,debit,4500,Lekki Luxury Stores,,Online card payment,successful,yes,,,,,,ENT470532182345,1569200
TXN-002804,CUS-0227,9986617876,2026-09-05 01:54,USSD,debit,500,Airtime (fictional network),,Airtime purchase,successful,yes,,,,,,ENT482585692275,2682000
TXN-005372,CUS-0435,9996618422,2026-09-05 02:55,ATM,debit,10000,ENTIN ATM,,ATM withdrawal,successful,yes,,yes,,,,ENT240246703907,367000
TXN-000217,CUS-0018,9946450604,2026-09-05 03:12,USSD,debit,2000,Airtime (fictional network),,Airtime purchase,successful,yes,,,,,,ENT812712784559,177500
TXN-001866,CUS-0153,9979262701,2026-09-05 03:18,POS,debit,1500,Pharmacy Plus (fictional),,POS purchase,successful,yes,,,,,,ENT490974138025,420500
TXN-000178,CUS-0015,9984133017,2026-09-05 04:40,USSD,debit,500,Airtime (fictional network),,Airtime purchase,successful,yes,,,,,,ENT857656876577,2650000
TXN-005629,CUS-0456,9972514839,2026-09-05 04:45,ATM,debit,10000,Other bank ATM,,ATM withdrawal,successful,yes,,no,,,,ENT617881639995,727700
TXN-001442,CUS-0118,9975049979,2026-09-05 04:48,POS,debit,22000,Market Stall POS,,POS purchase,successful,yes,,,,,,ENT842701578378,492500
TXN-002859,CUS-0231,9987407604,2026-09-05 04:48,TRANSFER,debit,20000,Mercy A*****a,Quick Fictional Bank,Transfer,successful,yes,yes,,,,,ENT198074798885,264000
TXN-000022,CUS-0002,9917075364,2026-09-05 04:50,TRANSFER,debit,10000,Ibrahim B***o,Quick Fictional Bank,Transfer,successful,yes,yes,,,,,ENT517438520530,1470500
TXN-001501,CUS-0123,9961205593,2026-09-05 05:24,USSD,debit,500,Airtime (fictional network),,Airtime purchase,successful,yes,,,,,,ENT477415505274,411700
TXN-002898,CUS-0234,9902167309,2026-09-05 05:24,USSD,debit,5000,Airtime (fictional network),,Airtime purchase,successful,yes,,,,,,ENT243781725994,3647000
TXN-004606,CUS-0374,9931151207,2026-09-05 05:43,TRANSFER,debit,20000,Emmanuel O*****o,Placeholder Bank,Transfer,successful,yes,yes,,,,,ENT781618651582,564700
TXN-004414,CUS-0358,9954026859,2026-09-05 06:23,USSD,debit,5000,Airtime (fictional network),,Airtime purchase,successful,yes,,,,,,ENT640888367324,311200
TXN-002709,CUS-0219,9930963627,2026-09-05 06:27,USSD,debit,2000,Airtime (fictional network),,Airtime purchase,successful,yes,,,,,,ENT401819838592,49700
TXN-003227,CUS-0260,9952562853,2026-09-05 06:59,POS,debit,7800,Market Stall POS,,POS purchase,successful,yes,,,,,,ENT668725014281,222900
TXN-001974,CUS-0161,9950062013,2026-09-05 07:03,POS,debit,1500,Market Stall POS,,POS purchase,successful,yes,,,,,,ENT598143233762,2465500
TXN-003258,CUS-0263,9950345134,2026-09-05 07:03,TRANSFER,debit,10000,Hadiza G***a,Placeholder Bank,Transfer,successful,yes,yes,,,,,ENT943597344134,225000
TXN-000617,CUS-0051,9985846388,2026-09-05 07:13,ATM,debit,10000,ENTIN ATM,,ATM withdrawal,successful,yes,,yes,,,,ENT113709681081,2638100
TXN-001481,CUS-0121,9910108102,2026-09-05 07:22,USSD,debit,5000,Airtime (fictional network),,Airtime purchase,successful,yes,,,,,,ENT118903559159,981000
TXN-004809,CUS-0390,9910397222,2026-09-05 07:28,TRANSFER,debit,35000,Folake O*i,Placeholder Bank,Transfer,successful,yes,yes,,,,,ENT530117233170,575000
TXN-003093,CUS-0249,9911871482,2026-09-05 07:31,POS,debit,3500,Market Stall POS,,POS purchase,successful,yes,,,,,,ENT377851088563,326500
TXN-002491,CUS-0202,9914950549,2026-09-05 07:35,USSD,debit,2000,Airtime (fictional network),,Airtime purchase,successful,yes,,,,,,ENT749735554820,2524500
TXN-001356,CUS-0111,9960169676,2026-09-05 07:49,USSD,debit,5000,Airtime (fictional network),,Airtime purchase,successful,yes,,,,,,ENT531597020032,478600
TXN-005098,CUS-0413,9988958664,2026-09-05 07:53,WEB,debit,15000,StreamFlix (fictional),,Online card payment,successful,yes,,,,,,ENT894931108292,2554500
TXN-001317,CUS-0108,9976125398,2026-09-05 07:55,POS,debit,45000,ShopRite-like Store (fictional),,POS purchase,successful,yes,,,,,,ENT612894140855,103500
TXN-002901,CUS-0234,9902167309,2026-09-05 08:02,POS,debit,22000,Mama Put Kitchen,,POS purchase,successful,yes,,,,,,ENT156100203252,3625000
TXN-002384,CUS-0194,9953387952,2026-09-05 08:03,TRANSFER,debit,20000,Joy S***u,Placeholder Bank,Transfer,successful,yes,yes,,,,,ENT640008183694,294500
TXN-003336,CUS-0269,9936756441,2026-09-05 08:20,WEB,debit,15000,QuickBuy Online (fictional),,Online card payment,successful,yes,,,,,,ENT867831562833,3197000
TXN-000181,CUS-0016,9982141621,2026-09-05 08:24,TRANSFER,debit,5000,Dayo I***s,Demo Microfinance Bank,Transfer,successful,yes,yes,,,,,ENT942343116358,552000
TXN-000628,CUS-0052,9965013327,2026-09-05 08:28,ATM,debit,40000,Other bank ATM,,ATM withdrawal,successful,yes,,no,,,,ENT821512413209,2456900
TXN-003023,CUS-0243,9951135288,2026-09-05 08:38,ATM,debit,40000,Other bank ATM,,ATM withdrawal,successful,yes,,no,,,,ENT891058244577,280500
TXN-001116,CUS-0092,9995444615,2026-09-05 08:41,ATM,debit,40000,Other bank ATM,,ATM withdrawal,successful,yes,,no,,,,ENT351528210391,1597200
TXN-005393,CUS-0437,9935652556,2026-09-05 08:44,TRANSFER,debit,50000,Nkechi A*****a,Sample Savings Bank,Transfer,successful,yes,yes,,,,,ENT171879202439,1281200
TXN-001076,CUS-0089,9995292074,2026-09-05 09:11,WEB,debit,9900,QuickBuy Online (fictional),,Online card payment,successful,yes,,,,,,ENT143592323022,1294300
TXN-005134,CUS-0416,9968703649,2026-09-05 09:14,USSD,debit,2000,Airtime (fictional network),,Airtime purchase,successful,yes,,,,,,ENT580062980785,258100
TXN-001830,CUS-0150,9986703642,2026-09-05 09:26,POS,debit,3500,StreamFlix (fictional),,POS purchase,successful,yes,,,,,,ENT870654277342,1636500
TXN-002550,CUS-0207,9954079211,2026-09-05 09:28,USSD,debit,500,Airtime (fictional network),,Airtime purchase,successful,yes,,,,,,ENT523742669692,476700
TXN-003178,CUS-0256,9912443952,2026-09-05 09:29,TRANSFER,debit,10000,Zainab A*****o,Quick Fictional Bank,Transfer,successful,yes,yes,,,,,ENT873205963515,1915500
TXN-000232,CUS-0020,9969256663,2026-09-05 09:45,POS,debit,7800,Pharmacy Plus (fictional),,POS purchase,successful,yes,,,,,,ENT354263729766,3690200
TXN-001972,CUS-0161,9950062013,2026-09-05 10:01,POS,debit,22000,StreamFlix (fictional),,POS purchase,successful,yes,,,,,,ENT571159978785,2443500
TXN-005092,CUS-0413,9988958664,2026-09-05 10:21,USSD,debit,2000,Airtime (fictional network),,Airtime purchase,successful,yes,,,,,,ENT203049908720,2552500
TXN-004222,CUS-0343,9922438945,2026-09-05 10:37,USSD,debit,500,Airtime (fictional network),,Airtime purchase,successful,yes,,,,,,ENT799950829647,430500
TXN-004295,CUS-0349,9918348045,2026-09-05 10:47,POS,debit,22000,Mama Put Kitchen,,POS purchase,successful,yes,,,,,,ENT433003066150,475000
TXN-005496,CUS-0445,9937220724,2026-09-05 10:59,TRANSFER,debit,5000,Kunle E**t,Quick Fictional Bank,Transfer,successful,yes,yes,,,,,ENT604125905831,368200
TXN-002094,CUS-0171,9983851534,2026-09-05 11:09,WEB,debit,9900,Lekki Luxury Stores,,Online card payment,successful,yes,,,,,,ENT735669151509,894800
TXN-005172,CUS-0419,9947242692,2026-09-05 11:32,POS,debit,3500,Pharmacy Plus (fictional),,POS purchase,successful,yes,,,,,,ENT627923012598,1129400
TXN-000430,CUS-0036,9926978043,2026-09-05 11:42,TRANSFER,debit,100000,Bukola O****r,Placeholder Bank,Transfer,successful,yes,yes,,,,,ENT477229147075,1542000
TXN-003725,CUS-0301,9969065643,2026-09-05 12:15,USSD,debit,5000,Airtime (fictional network),,Airtime purchase,successful,yes,,,,,,ENT529410823523,380000
TXN-004785,CUS-0388,9966683513,2026-09-05 12:27,POS,debit,1500,Mama Put Kitchen,,POS purchase,successful,yes,,,,,,ENT924636057045,632100
TXN-005396,CUS-0437,9935652556,2026-09-05 12:28,USSD,debit,5000,Airtime (fictional network),,Airtime purchase,successful,yes,,,,,,ENT806049479681,1276200
TXN-003661,CUS-0296,9904810740,2026-09-05 12:33,WEB,debit,4500,QuickBuy Online (fictional),,Online card payment,successful,yes,,,,,,ENT664736609245,239500
TXN-005581,CUS-0452,9921145268,2026-09-05 12:37,USSD,debit,500,Airtime (fictional network),,Airtime purchase,successful,yes,,,,,,ENT514278402215,518200
TXN-003249,CUS-0262,9969055121,2026-09-05 12:46,TRANSFER,debit,50000,Ngozi E*e,Demo Microfinance Bank,Transfer,successful,yes,yes,,,,,ENT958003130579,424500
TXN-006169,CUS-0498,9973945097,2026-09-05 13:41,TRANSFER,debit,50000,Amaka O*i,Fictional Trust Bank,Transfer,successful,yes,yes,,,,,ENT689110844992,1369500
TXN-002055,CUS-0168,9989354914,2026-09-05 14:02,POS,debit,1500,Pharmacy Plus (fictional),,POS purchase,successful,yes,,,,,,ENT584090022603,2792200
TXN-002930,CUS-0237,9969336506,2026-09-05 14:45,TRANSFER,debit,35000,Zainab O*****o,Sample Savings Bank,Transfer,successful,yes,yes,,,,,ENT708252391065,502400
TXN-000665,CUS-0055,9915202994,2026-09-05 14:52,WEB,debit,15000,QuickBuy Online (fictional),,Online card payment,successful,yes,,,,,,ENT142736803297,1188500
TXN-005723,CUS-0463,9930718439,2026-09-05 15:06,USSD,debit,500,Airtime (fictional network),,Airtime purchase,successful,yes,,,,,,ENT987289776326,771200
TXN-005692,CUS-0461,9906704957,2026-09-05 15:22,TRANSFER,debit,100000,Adaeze S****i,Fictional Trust Bank,Transfer,successful,yes,yes,,,,,ENT654252715006,181000
TXN-004183,CUS-0340,9968650702,2026-09-05 15:27,POS,debit,12500,Market Stall POS,,POS purchase,successful,yes,,,,,,ENT543090770830,628200
TXN-004780,CUS-0387,9916279824,2026-09-05 15:34,POS,debit,7800,Filling Station (fictional),,POS purchase,successful,yes,,,,,,ENT127054786611,2460200
TXN-002770,CUS-0224,9958085404,2026-09-05 15:54,USSD,debit,1000,Airtime (fictional network),,Airtime purchase,successful,yes,,,,,,ENT362446988747,2571500
TXN-003880,CUS-0314,9990571386,2026-09-05 16:02,USSD,debit,5000,Airtime (fictional network),,Airtime purchase,successful,yes,,,,,,ENT817137642435,163500
TXN-001767,CUS-0145,9912117405,2026-09-05 16:05,POS,debit,12500,Bolt-like Rides (fictional),,POS purchase,successful,yes,,,,,,ENT163376290293,1177500
TXN-000342,CUS-0029,9914497660,2026-09-05 16:08,WEB,debit,9900,StreamFlix (fictional),,Online card payment,successful,yes,,,,,,ENT269667904157,952600
TXN-000725,CUS-0060,9906424829,2026-09-05 16:09,ATM,debit,20000,Other bank ATM,,ATM withdrawal,successful,yes,,no,,,,ENT865603104070,2560000
TXN-001701,CUS-0139,9928539598,2026-09-05 16:09,USSD,debit,1000,Airtime (fictional network),,Airtime purchase,successful,yes,,,,,,ENT993440713258,3228700
TXN-002612,CUS-0212,9951055574,2026-09-05 16:16,TRANSFER,debit,35000,Nkechi C****u,Quick Fictional Bank,Transfer,successful,yes,yes,,,,,ENT230611055911,162000
TXN-000578,CUS-0048,9972987112,2026-09-05 16:36,POS,debit,1500,Market Stall POS,,POS purchase,successful,yes,,,,,,ENT507739074037,3130000
TXN-004935,CUS-0400,9927020003,2026-09-05 16:36,POS,debit,45000,Lekki Luxury Stores,,POS purchase,successful,yes,,,,,,ENT341956887940,365000
TXN-000265,CUS-0022,9965384535,2026-09-05 16:44,TRANSFER,debit,100000,Kemi O******i,Placeholder Bank,Transfer,successful,yes,yes,,,,,ENT681289834463,1039000
TXN-001798,CUS-0147,9900546598,2026-09-05 16:59,POS,debit,3500,StreamFlix (fictional),,POS purchase,successful,yes,,,,,,ENT559947169778,1597700
TXN-002945,CUS-0238,9937467651,2026-09-05 17:04,USSD,debit,2000,Airtime (fictional network),,Airtime purchase,successful,yes,,,,,,ENT775861792692,226200
TXN-000463,CUS-0039,9960824456,2026-09-05 17:38,TRANSFER,debit,50000,Nkechi S****i,Placeholder Bank,Transfer,successful,yes,yes,,,,,ENT340530558001,198100
TXN-000264,CUS-0022,9965384535,2026-09-05 17:48,POS,debit,7800,Market Stall POS,,POS purchase,successful,yes,,,,,,ENT405679356680,1031200
TXN-003311,CUS-0267,9975140396,2026-09-05 17:54,TRANSFER,debit,10000,Patience O***o,Quick Fictional Bank,Transfer,successful,yes,yes,,,,,ENT754501391393,233000
TXN-001850,CUS-0152,9950934230,2026-09-05 18:11,POS,debit,3500,Bolt-like Rides (fictional),,POS purchase,successful,yes,,,,,,ENT955698317777,723000
TXN-006034,CUS-0488,9947422699,2026-09-05 18:16,POS,debit,12500,ShopRite-like Store (fictional),,POS purchase,successful,yes,,,,,,ENT498593418965,360000
TXN-001499,CUS-0123,9961205593,2026-09-05 18:25,POS,debit,1500,QuickBuy Online (fictional),,POS purchase,successful,yes,,,,,,ENT451750808764,410200
TXN-000419,CUS-0035,9955689832,2026-09-05 18:26,POS,debit,7800,Bolt-like Rides (fictional),,POS purchase,successful,yes,,,,,,ENT775099860045,2388200
TXN-005968,CUS-0483,9956134913,2026-09-05 18:57,POS,debit,12500,Bolt-like Rides (fictional),,POS purchase,successful,yes,,,,,,ENT230276379199,189500
TXN-004836,CUS-0392,9991287050,2026-09-05 18:59,ATM,debit,10000,Other bank ATM,,ATM withdrawal,successful,yes,,no,,,,ENT445147802364,485200
TXN-003276,CUS-0264,9910453125,2026-09-05 19:44,WEB,debit,2500,Bolt-like Rides (fictional),,Online card payment,successful,yes,,,,,,ENT378230930169,140000
TXN-000831,CUS-0069,9935953494,2026-09-05 19:50,ATM,debit,40000,ENTIN ATM,,ATM withdrawal,successful,yes,,yes,,,,ENT900130925776,2082700
TXN-005670,CUS-0459,9996173946,2026-09-05 20:01,USSD,debit,1000,Airtime (fictional network),,Airtime purchase,successful,yes,,,,,,ENT732720839710,312000
TXN-000106,CUS-0009,9993319084,2026-09-05 20:12,POS,debit,22000,Filling Station (fictional),,POS purchase,successful,yes,,,,,,ENT646294584966,3165200
TXN-001137,CUS-0094,9962528456,2026-09-05 20:19,POS,debit,22000,Pharmacy Plus (fictional),,POS purchase,successful,yes,,,,,,ENT379793510576,68200
TXN-003829,CUS-0310,9928648156,2026-09-05 20:32,POS,debit,12500,ShopRite-like Store (fictional),,POS purchase,successful,yes,,,,,,ENT694701495406,127200
TXN-004064,CUS-0330,9955477122,2026-09-05 20:38,POS,debit,45000,Pharmacy Plus (fictional),,POS purchase,successful,yes,,,,,,ENT542140013862,2735900
TXN-006142,CUS-0496,9992039930,2026-09-05 20:40,POS,debit,22000,Filling Station (fictional),,POS purchase,successful,yes,,,,,,ENT248195689400,3043500
TXN-002364,CUS-0193,9961766752,2026-09-05 21:00,POS,debit,45000,Filling Station (fictional),,POS purchase,successful,yes,,,,,,ENT530914492767,333000
TXN-000424,CUS-0035,9955689832,2026-09-05 21:47,POS,debit,45000,StreamFlix (fictional),,POS purchase,successful,yes,,,,,,ENT526532024898,2343200
TXN-000783,CUS-0065,9977605538,2026-09-05 22:02,POS,debit,1500,Pharmacy Plus (fictional),,POS purchase,successful,yes,,,,,,ENT264083842748,1253200
TXN-005989,CUS-0484,9979764044,2026-09-05 22:05,TRANSFER,debit,10000,Bukola O*i,Sample Savings Bank,Transfer,successful,yes,yes,,,,,ENT279699604885,695500
TXN-000565,CUS-0047,9969585190,2026-09-05 22:20,TRANSFER,debit,10000,Aisha A***n,Quick Fictional Bank,Transfer,successful,yes,yes,,,,,ENT603337940195,148500
TXN-003324,CUS-0268,9995728062,2026-09-05 22:23,ATM,debit,40000,Other bank ATM,,ATM withdrawal,successful,yes,,no,,,,ENT523604189409,1054700
TXN-000672,CUS-0055,9915202994,2026-09-05 22:29,WEB,debit,4500,Lekki Luxury Stores,,Online card payment,successful,yes,,,,,,ENT559021722542,1184000
TXN-001557,CUS-0127,9911211684,2026-09-05 22:52,POS,debit,1500,Filling Station (fictional),,POS purchase,successful,yes,,,,,,ENT499283331632,528500
TXN-002318,CUS-0189,9908672820,2026-09-05 22:57,ATM,debit,20000,ENTIN ATM,,ATM withdrawal,successful,yes,,yes,,,,ENT958598324858,271700
TXN-000427,CUS-0036,9926978043,2026-09-05 23:04,ATM,debit,40000,Other bank ATM,,ATM withdrawal,successful,yes,,no,,,,ENT215242744057,1502000
TXN-001711,CUS-0140,9975216214,2026-09-05 23:24,ATM,debit,40000,Other bank ATM,,ATM withdrawal,successful,yes,,no,,,,ENT211719233639,1092500
TXN-001930,CUS-0158,9916441320,2026-09-05 23:38,USSD,debit,1000,Airtime (fictional network),,Airtime purchase,successful,yes,,,,,,ENT181037458289,1584000
TXN-004208,CUS-0342,9945277907,2026-09-05 23:58,USSD,debit,1000,Airtime (fictional network),,Airtime purchase,successful,yes,,,,,,ENT377184536235,1061500
TXN-003899,CUS-0316,9928767202,2026-09-06 00:06,POS,debit,22000,QuickBuy Online (fictional),,POS purchase,successful,yes,,,,,,ENT969923045560,1599000
TXN-004290,CUS-0348,9968101700,2026-09-06 00:21,TRANSFER,debit,50000,Abubakar E*e,Quick Fictional Bank,Transfer,successful,yes,yes,,,,,ENT356791893783,2047000
TXN-003718,CUS-0301,9969065643,2026-09-06 01:00,WEB,debit,15000,Bolt-like Rides (fictional),,Online card payment,successful,yes,,,,,,ENT446345728374,365000
TXN-002499,CUS-0203,9911235217,2026-09-06 01:58,TRANSFER,debit,5000,Musa O*u,Demo Microfinance Bank,Transfer,successful,yes,yes,,,,,ENT925267529588,184000
TXN-003213,CUS-0259,9978482991,2026-09-06 02:03,USSD,debit,500,Airtime (fictional network),,Airtime purchase,successful,yes,,,,,,ENT811362131742,404000
TXN-004871,CUS-0395,9969124143,2026-09-06 02:08,TRANSFER,debit,35000,Bukola I*e,Demo Microfinance Bank,Transfer,successful,yes,yes,,,,,ENT654824626478,90500
TXN-006074,CUS-0491,9971365877,2026-09-06 02:14,POS,debit,22000,Bolt-like Rides (fictional),,POS purchase,successful,yes,,,,,,ENT741374406705,1104200
TXN-005922,CUS-0479,9976613626,2026-09-06 02:31,WEB,debit,2500,StreamFlix (fictional),,Online card payment,successful,yes,,,,,,ENT413058225806,1097500
TXN-002366,CUS-0193,9961766752,2026-09-06 02:36,ATM,debit,40000,Other bank ATM,,ATM withdrawal,successful,yes,,no,,,,ENT633990505614,293000
TXN-001462,CUS-0120,9939956816,2026-09-06 02:58,POS,debit,45000,ShopRite-like Store (fictional),,POS purchase,successful,yes,,,,,,ENT436693223838,1298900
TXN-000044,CUS-0004,9989768469,2026-09-06 03:19,TRANSFER,debit,50000,Folake O*****e,Quick Fictional Bank,Transfer,successful,yes,yes,,,,,ENT560790292804,1120000
TXN-001751,CUS-0144,9986071964,2026-09-06 03:34,TRANSFER,debit,50000,Ngozi A*******i,Placeholder Bank,Transfer,successful,yes,yes,,,,,ENT513196047185,371600
TXN-002361,CUS-0192,9988642115,2026-09-06 03:52,POS,debit,7800,QuickBuy Online (fictional),,POS purchase,successful,yes,,,,,,ENT915011404561,1195700
TXN-002778,CUS-0225,9910257598,2026-09-06 04:04,POS,debit,22000,ShopRite-like Store (fictional),,POS purchase,successful,yes,,,,,,ENT717106626435,1000500
TXN-003061,CUS-0247,9956338649,2026-09-06 04:07,ATM,debit,10000,Other bank ATM,,ATM withdrawal,successful,yes,,no,,,,ENT248658762124,213200
TXN-005142,CUS-0417,9965144969,2026-09-06 04:09,ATM,debit,10000,Other bank ATM,,ATM withdrawal,successful,yes,,no,,,,ENT635296310485,777000
TXN-001671,CUS-0137,9965386482,2026-09-06 05:16,POS,debit,12500,Mama Put Kitchen,,POS purchase,successful,yes,,,,,,ENT975917081374,157000
TXN-001043,CUS-0087,9967779214,2026-09-06 05:43,TRANSFER,debit,10000,Ngozi N***i,Placeholder Bank,Transfer,successful,yes,yes,,,,,ENT261534746368,1421500
TXN-006056,CUS-0490,9997818827,2026-09-06 06:09,POS,debit,22000,Bolt-like Rides (fictional),,POS purchase,successful,yes,,,,,,ENT898890586552,959500
TXN-003604,CUS-0291,9978065578,2026-09-06 07:26,USSD,debit,2000,Airtime (fictional network),,Airtime purchase,successful,yes,,,,,,ENT665003889763,432600
TXN-003532,CUS-0285,9943032214,2026-09-06 07:27,POS,debit,7800,Filling Station (fictional),,POS purchase,successful,yes,,,,,,ENT340602930557,2095700
TXN-006072,CUS-0491,9971365877,2026-09-06 07:31,POS,debit,45000,Market Stall POS,,POS purchase,successful,yes,,,,,,ENT713890120117,1059200
TXN-005524,CUS-0448,9949863391,2026-09-06 08:00,TRANSFER,debit,100000,Amaka S**e,Quick Fictional Bank,Transfer,successful,yes,yes,,,,,ENT862589406162,124700
TXN-003635,CUS-0294,9981044386,2026-09-06 08:37,ATM,debit,40000,ENTIN ATM,,ATM withdrawal,successful,yes,,yes,,,,ENT416973759178,2502500
TXN-003865,CUS-0313,9946277869,2026-09-06 08:50,POS,debit,1500,Pharmacy Plus (fictional),,POS purchase,successful,yes,,,,,,ENT963855059257,2419500
TXN-001636,CUS-0134,9983034549,2026-09-06 09:02,USSD,debit,2000,Airtime (fictional network),,Airtime purchase,successful,yes,,,,,,ENT887150979701,991700
TXN-000243,CUS-0020,9969256663,2026-09-06 10:18,ATM,debit,20000,Other bank ATM,,ATM withdrawal,successful,yes,,no,,,,ENT986622030191,3670200
TXN-005829,CUS-0472,9933859016,2026-09-06 10:29,WEB,debit,2500,QuickBuy Online (fictional),,Online card payment,successful,yes,,,,,,ENT751935731105,1188200
TXN-005933,CUS-0480,9952051483,2026-09-06 10:31,WEB,debit,15000,QuickBuy Online (fictional),,Online card payment,successful,yes,,,,,,ENT392100828615,3703900
TXN-000192,CUS-0016,9982141621,2026-09-06 10:52,TRANSFER,debit,20000,Tope O****r,Quick Fictional Bank,Transfer,successful,yes,yes,,,,,ENT581180172817,532000
TXN-000830,CUS-0069,9935953494,2026-09-06 10:55,POS,debit,22000,QuickBuy Online (fictional),,POS purchase,successful,yes,,,,,,ENT815742131398,2060700
TXN-005744,CUS-0465,9919915036,2026-09-06 11:13,WEB,debit,4500,QuickBuy Online (fictional),,Online card payment,successful,yes,,,,,,ENT923853172140,1308900
TXN-003233,CUS-0261,9911168312,2026-09-06 11:15,TRANSFER,debit,50000,Maryam O*****e,Quick Fictional Bank,Transfer,successful,yes,yes,,,,,ENT526046116026,916200
TXN-004597,CUS-0373,9932052387,2026-09-06 11:42,ATM,debit,20000,ENTIN ATM,,ATM withdrawal,successful,yes,,yes,,,,ENT752618591857,380700
TXN-005615,CUS-0455,9902792166,2026-09-06 12:05,POS,debit,1500,ShopRite-like Store (fictional),,POS purchase,successful,yes,,,,,,ENT699569320723,1066300
TXN-000185,CUS-0016,9982141621,2026-09-06 12:09,POS,debit,45000,Mama Put Kitchen,,POS purchase,successful,yes,,,,,,ENT511831580900,487000
TXN-000736,CUS-0061,9923524013,2026-09-06 12:14,TRANSFER,debit,10000,Efe U**r,Demo Microfinance Bank,Transfer,successful,yes,yes,,,,,ENT908454069749,2673500
TXN-004851,CUS-0393,9978315160,2026-09-06 12:16,POS,debit,45000,Mama Put Kitchen,,POS purchase,successful,yes,,,,,,ENT503776928121,7500
TXN-005816,CUS-0471,9943902366,2026-09-06 12:30,ATM,debit,10000,Other bank ATM,,ATM withdrawal,successful,yes,,no,,,,ENT632097136603,135000
TXN-003958,CUS-0321,9964528363,2026-09-06 12:48,ATM,debit,20000,Other bank ATM,,ATM withdrawal,successful,yes,,no,,,,ENT822302962493,540100
TXN-002961,CUS-0239,9963646907,2026-09-06 12:51,USSD,debit,2000,Airtime (fictional network),,Airtime purchase,successful,yes,,,,,,ENT723635671767,452500
TXN-004695,CUS-0381,9967998836,2026-09-06 13:52,TRANSFER,debit,50000,Segun O****r,Demo Microfinance Bank,Transfer,successful,yes,yes,,,,,ENT561524982089,239800
TXN-005812,CUS-0470,9929794391,2026-09-06 13:57,WEB,debit,15000,StreamFlix (fictional),,Online card payment,successful,yes,,,,,,ENT450568859719,539100
TXN-000596,CUS-0049,9996745219,2026-09-06 14:27,ATM,debit,20000,Other bank ATM,,ATM withdrawal,successful,yes,,no,,,,ENT270210998152,2044000
TXN-003197,CUS-0258,9911119929,2026-09-06 14:29,USSD,debit,500,Airtime (fictional network),,Airtime purchase,successful,yes,,,,,,ENT980032845205,1653200
TXN-001598,CUS-0131,9915379101,2026-09-06 14:30,TRANSFER,debit,10000,Kemi E**t,Fictional Trust Bank,Transfer,successful,yes,yes,,,,,ENT220520445647,618300
TXN-003835,CUS-0311,9977866026,2026-09-06 14:37,POS,debit,1500,Market Stall POS,,POS purchase,successful,yes,,,,,,ENT780959733202,443100
TXN-000521,CUS-0043,9985469059,2026-09-06 14:40,POS,debit,3500,Lekki Luxury Stores,,POS purchase,successful,yes,,,,,,ENT637949445587,500500
TXN-006100,CUS-0493,9914772348,2026-09-06 14:49,TRANSFER,debit,20000,Precious A*****i,Quick Fictional Bank,Transfer,successful,yes,yes,,,,,ENT447266779512,1210200
TXN-005194,CUS-0421,9917263678,2026-09-06 15:20,ATM,debit,20000,ENTIN ATM,,ATM withdrawal,successful,yes,,yes,,,,ENT203122965819,250000
TXN-002115,CUS-0172,9933836620,2026-09-06 15:31,POS,debit,12500,ShopRite-like Store (fictional),,POS purchase,successful,yes,,,,,,ENT619067357433,800400
TXN-005280,CUS-0428,9988816041,2026-09-06 16:38,POS,debit,7800,StreamFlix (fictional),,POS purchase,successful,yes,,,,,,ENT509743372883,408300
TXN-005110,CUS-0414,9977024396,2026-09-06 17:03,TRANSFER,debit,10000,Kemi B****e,Demo Microfinance Bank,Transfer,successful,yes,yes,,,,,ENT524689235511,2765500
TXN-001966,CUS-0161,9950062013,2026-09-06 17:08,POS,debit,45000,Pharmacy Plus (fictional),,POS purchase,successful,yes,,,,,,ENT245886709996,2398500
TXN-000321,CUS-0027,9935795111,2026-09-06 17:31,ATM,debit,10000,ENTIN ATM,,ATM withdrawal,successful,yes,,yes,,,,ENT210581747170,1152100
TXN-003077,CUS-0248,9955864605,2026-09-06 17:45,TRANSFER,debit,20000,Hadiza A***u,Demo Microfinance Bank,Transfer,successful,yes,yes,,,,,ENT764295092679,570000
TXN-002971,CUS-0239,9963646907,2026-09-06 17:46,TRANSFER,debit,10000,Bello D*****a,Fictional Trust Bank,Transfer,successful,yes,yes,,,,,ENT646694635795,442500
TXN-003407,CUS-0275,9916289439,2026-09-06 17:58,POS,debit,3500,Lekki Luxury Stores,,POS purchase,successful,yes,,,,,,ENT228882179809,357500
TXN-003002,CUS-0242,9902208747,2026-09-06 17:59,USSD,debit,2000,Airtime (fictional network),,Airtime purchase,successful,yes,,,,,,ENT198089243199,3600100
TXN-004839,CUS-0392,9991287050,2026-09-06 18:06,WEB,debit,15000,StreamFlix (fictional),,Online card payment,successful,yes,,,,,,ENT968586052074,470200
TXN-000622,CUS-0051,9985846388,2026-09-06 18:14,POS,debit,3500,StreamFlix (fictional),,POS purchase,successful,yes,,,,,,ENT977478961615,2634600
TXN-001591,CUS-0130,9970533656,2026-09-06 18:30,POS,debit,12500,Market Stall POS,,POS purchase,successful,yes,,,,,,ENT378047694690,563500
TXN-001813,CUS-0148,9929634769,2026-09-06 18:45,POS,debit,12500,Lekki Luxury Stores,,POS purchase,successful,yes,,,,,,ENT503359881836,571700
TXN-004525,CUS-0367,9951406955,2026-09-06 18:50,TRANSFER,debit,35000,Funke O*i,Demo Microfinance Bank,Transfer,successful,yes,yes,,,,,ENT422199996203,2886200
TXN-000405,CUS-0034,9918847918,2026-09-06 18:57,TRANSFER,debit,35000,Joy O****e,Demo Microfinance Bank,Transfer,successful,yes,yes,,,,,ENT764005759989,168700
TXN-004545,CUS-0369,9982914423,2026-09-06 19:03,POS,debit,45000,Filling Station (fictional),,POS purchase,successful,yes,,,,,,ENT112434991591,609000
TXN-001336,CUS-0110,9951521657,2026-09-06 19:06,ATM,debit,10000,ENTIN ATM,,ATM withdrawal,successful,yes,,yes,,,,ENT692853199851,2622500
TXN-002691,CUS-0218,9910818187,2026-09-06 19:13,POS,debit,3500,Bolt-like Rides (fictional),,POS purchase,successful,yes,,,,,,ENT573005092670,1262500
TXN-002309,CUS-0188,9925691517,2026-09-06 19:21,TRANSFER,debit,5000,Ifeanyi E****g,Sample Savings Bank,Transfer,successful,yes,yes,,,,,ENT955884992810,1627200
TXN-003717,CUS-0301,9969065643,2026-09-06 19:32,POS,debit,22000,Filling Station (fictional),,POS purchase,successful,yes,,,,,,ENT402404124372,343000
TXN-002011,CUS-0164,9963544644,2026-09-06 19:37,TRANSFER,debit,35000,Tunde O******e,Fictional Trust Bank,Transfer,successful,yes,yes,,,,,ENT629505369413,950400
TXN-001114,CUS-0092,9995444615,2026-09-06 19:38,POS,debit,1500,Filling Station (fictional),,POS purchase,successful,yes,,,,,,ENT923638105328,1595700
TXN-001765,CUS-0145,9912117405,2026-09-06 19:49,POS,debit,7800,QuickBuy Online (fictional),,POS purchase,successful,yes,,,,,,ENT744618023892,1169700
TXN-000358,CUS-0030,9925996775,2026-09-06 20:46,POS,debit,22000,Pharmacy Plus (fictional),,POS purchase,successful,yes,,,,,,ENT755816643278,95000
TXN-002288,CUS-0186,9978728285,2026-09-06 20:59,WEB,debit,15000,QuickBuy Online (fictional),,Online card payment,successful,yes,,,,,,ENT885668608434,2513000
TXN-002456,CUS-0200,9967769593,2026-09-06 21:06,TRANSFER,debit,50000,Chioma E**m,Demo Microfinance Bank,Transfer,successful,yes,yes,,,,,ENT657834579730,2653500
TXN-002954,CUS-0238,9937467651,2026-09-06 21:32,ATM,debit,20000,ENTIN ATM,,ATM withdrawal,successful,yes,,yes,,,,ENT181783677816,206200
TXN-003366,CUS-0271,9915845459,2026-09-06 21:51,WEB,debit,2500,Bolt-like Rides (fictional),,Online card payment,successful,yes,,,,,,ENT968074696124,531500
TXN-001573,CUS-0129,9901919652,2026-09-06 22:32,USSD,debit,1000,Airtime (fictional network),,Airtime purchase,successful,yes,,,,,,ENT546610234210,295500
TXN-001364,CUS-0112,9942365966,2026-09-06 22:56,USSD,debit,500,Airtime (fictional network),,Airtime purchase,successful,yes,,,,,,ENT836827382428,477000
TXN-002611,CUS-0212,9951055574,2026-09-06 23:01,TRANSFER,debit,20000,Daniel B****y,Sample Savings Bank,Transfer,successful,yes,yes,,,,,ENT330320196088,142000
TXN-001730,CUS-0142,9986367800,2026-09-06 23:03,ATM,debit,10000,ENTIN ATM,,ATM withdrawal,successful,yes,,yes,,,,ENT296820255619,1026500
TXN-005696,CUS-0461,9906704957,2026-09-06 23:18,POS,debit,45000,ShopRite-like Store (fictional),,POS purchase,successful,yes,,,,,,ENT184774597385,136000
TXN-000933,CUS-0077,9956378276,2026-09-06 23:28,TRANSFER,debit,20000,Zainab E****g,Quick Fictional Bank,Transfer,successful,yes,yes,,,,,ENT958910792878,478500
TXN-005392,CUS-0437,9935652556,2026-09-06 23:34,POS,debit,3500,Mama Put Kitchen,,POS purchase,successful,yes,,,,,,ENT731234607021,1272700
TXN-005226,CUS-0424,9968184455,2026-09-06 23:37,USSD,debit,500,Airtime (fictional network),,Airtime purchase,successful,yes,,,,,,ENT267926795518,131100
TXN-002734,CUS-0222,9943397743,2026-09-06 23:38,POS,debit,7800,Filling Station (fictional),,POS purchase,successful,yes,,,,,,ENT625195150917,1197700
TXN-005291,CUS-0429,9962754614,2026-09-06 23:58,ATM,debit,10000,Other bank ATM,,ATM withdrawal,successful,yes,,no,,,,ENT441778063225,1117600
TXN-000084,CUS-0007,9977876804,2026-09-07 00:37,WEB,debit,9900,QuickBuy Online (fictional),,Online card payment,successful,yes,,,,,,ENT372766294150,811100
TXN-000105,CUS-0009,9993319084,2026-09-07 00:52,WEB,debit,2500,Bolt-like Rides (fictional),,Online card payment,successful,yes,,,,,,ENT780623566312,3162700
TXN-005476,CUS-0444,9984434096,2026-09-07 01:05,POS,debit,3500,Bolt-like Rides (fictional),,POS purchase,successful,yes,,,,,,ENT745811318939,443000
TXN-004434,CUS-0360,9950802361,2026-09-07 01:06,USSD,debit,5000,Airtime (fictional network),,Airtime purchase,successful,yes,,,,,,ENT707977826275,3244000
TXN-004104,CUS-0334,9962266421,2026-09-07 01:16,TRANSFER,debit,10000,Ronke O*****o,Sample Savings Bank,Transfer,successful,yes,yes,,,,,ENT201922862545,1960500
TXN-001488,CUS-0122,9920453316,2026-09-07 01:28,POS,debit,7800,Lekki Luxury Stores,,POS purchase,successful,yes,,,,,,ENT129493138608,2639700
TXN-003826,CUS-0310,9928648156,2026-09-07 01:53,TRANSFER,debit,50000,Samuel B****y,Sample Savings Bank,Transfer,successful,yes,yes,,,,,ENT588647315365,77200
TXN-001072,CUS-0089,9995292074,2026-09-07 02:06,USSD,debit,2000,Airtime (fictional network),,Airtime purchase,successful,yes,,,,,,ENT720667749637,1292300
TXN-005256,CUS-0426,9934548587,2026-09-07 02:06,ATM,debit,10000,Other bank ATM,,ATM withdrawal,successful,yes,,no,,,,ENT460940084559,379500
TXN-003745,CUS-0303,9914192446,2026-09-07 02:12,WEB,debit,4500,Bolt-like Rides (fictional),,Online card payment,successful,yes,,,,,,ENT828929319104,2907500
TXN-004824,CUS-0391,9920137304,2026-09-07 02:14,WEB,debit,4500,Bolt-like Rides (fictional),,Online card payment,successful,yes,,,,,,ENT370785356633,958000
TXN-003938,CUS-0320,9939671395,2026-09-07 02:52,POS,debit,7800,StreamFlix (fictional),,POS purchase,successful,yes,,,,,,ENT930691398467,417600
TXN-005868,CUS-0475,9942169114,2026-09-07 02:53,WEB,debit,9900,Lekki Luxury Stores,,Online card payment,successful,yes,,,,,,ENT307893651892,395100
TXN-002953,CUS-0238,9937467651,2026-09-07 03:39,POS,debit,7800,Bolt-like Rides (fictional),,POS purchase,successful,yes,,,,,,ENT491465079802,198400
TXN-001640,CUS-0134,9983034549,2026-09-07 04:06,POS,debit,12500,QuickBuy Online (fictional),,POS purchase,successful,yes,,,,,,ENT794318552315,979200
TXN-003534,CUS-0285,9943032214,2026-09-07 04:13,TRANSFER,debit,5000,Efe A*****o,Placeholder Bank,Transfer,successful,yes,yes,,,,,ENT656148370571,2090700
TXN-002042,CUS-0167,9922102298,2026-09-07 04:23,POS,debit,1500,Market Stall POS,,POS purchase,successful,yes,,,,,,ENT773357248654,963000
TXN-003605,CUS-0291,9978065578,2026-09-07 04:36,POS,debit,1500,Filling Station (fictional),,POS purchase,successful,yes,,,,,,ENT296725176739,431100
TXN-002222,CUS-0181,9983508472,2026-09-07 04:52,USSD,debit,5000,Airtime (fictional network),,Airtime purchase,successful,yes,,,,,,ENT699393528404,369300
TXN-000762,CUS-0063,9948085347,2026-09-07 05:05,TRANSFER,debit,50000,Amaka A*****i,Sample Savings Bank,Transfer,successful,yes,yes,,,,,ENT826318679060,273500
TXN-003533,CUS-0285,9943032214,2026-09-07 05:24,TRANSFER,debit,100000,Tunde I*e,Fictional Trust Bank,Transfer,successful,yes,yes,,,,,ENT561826404830,1990700
TXN-002057,CUS-0168,9989354914,2026-09-07 05:29,TRANSFER,debit,20000,Yemisi A*****i,Demo Microfinance Bank,Transfer,successful,yes,yes,,,,,ENT673077930513,2772200
TXN-004024,CUS-0327,9985785371,2026-09-07 05:56,POS,debit,3500,ShopRite-like Store (fictional),,POS purchase,successful,yes,,,,,,ENT546794129979,1314700
TXN-001647,CUS-0135,9907512280,2026-09-07 05:59,USSD,debit,2000,Airtime (fictional network),,Airtime purchase,successful,yes,,,,,,ENT681121462945,827500
TXN-002984,CUS-0240,9926272745,2026-09-07 06:07,ATM,debit,40000,Other bank ATM,,ATM withdrawal,successful,yes,,no,,,,ENT733324385059,640300
TXN-002748,CUS-0223,9973866346,2026-09-07 06:35,POS,debit,7800,StreamFlix (fictional),,POS purchase,successful,yes,,,,,,ENT393080237459,69700
TXN-004286,CUS-0348,9968101700,2026-09-07 07:12,TRANSFER,debit,5000,Funke E**m,Quick Fictional Bank,Transfer,successful,yes,yes,,,,,ENT572491322611,2042000
TXN-003385,CUS-0273,9935986265,2026-09-07 07:34,ATM,debit,10000,Other bank ATM,,ATM withdrawal,successful,yes,,no,,,,ENT647973154393,407500
TXN-003724,CUS-0301,9969065643,2026-09-07 07:43,POS,debit,22000,Market Stall POS,,POS purchase,successful,yes,,,,,,ENT291812074114,321000
TXN-002685,CUS-0218,9910818187,2026-09-07 07:45,ATM,debit,40000,ENTIN ATM,,ATM withdrawal,successful,yes,,yes,,,,ENT630867300397,1222500
TXN-004099,CUS-0333,9934134297,2026-09-07 07:54,POS,debit,1500,Bolt-like Rides (fictional),,POS purchase,successful,yes,,,,,,ENT461747857009,271000
TXN-001774,CUS-0146,9915789794,2026-09-07 08:04,USSD,debit,500,Airtime (fictional network),,Airtime purchase,successful,yes,,,,,,ENT178871511317,473000
TXN-004844,CUS-0392,9991287050,2026-09-07 08:39,TRANSFER,debit,10000,Funke A*****i,Fictional Trust Bank,Transfer,successful,yes,yes,,,,,ENT353338043500,460200
TXN-003709,CUS-0300,9986118151,2026-09-07 09:16,TRANSFER,debit,10000,Mercy U**h,Placeholder Bank,Transfer,successful,yes,yes,,,,,ENT896361840965,497000
TXN-003388,CUS-0273,9935986265,2026-09-07 09:46,ATM,debit,10000,ENTIN ATM,,ATM withdrawal,successful,yes,,yes,,,,ENT449775404714,397500
TXN-005399,CUS-0437,9935652556,2026-09-07 10:02,TRANSFER,debit,35000,Abubakar O******e,Quick Fictional Bank,Transfer,successful,yes,yes,,,,,ENT719816115669,1237700
TXN-002410,CUS-0196,9967074401,2026-09-07 10:13,POS,debit,22000,Lekki Luxury Stores,,POS purchase,successful,yes,,,,,,ENT128981182884,255000
TXN-005623,CUS-0455,9902792166,2026-09-07 10:14,USSD,debit,1000,Airtime (fictional network),,Airtime purchase,successful,yes,,,,,,ENT306018845344,1065300
TXN-005826,CUS-0471,9943902366,2026-09-07 10:15,USSD,debit,5000,Airtime (fictional network),,Airtime purchase,successful,yes,,,,,,ENT231435652666,130000
TXN-001544,CUS-0126,9983579996,2026-09-07 10:34,TRANSFER,debit,20000,Bello O*u,Fictional Trust Bank,Transfer,successful,yes,yes,,,,,ENT845321068403,1109500
TXN-003064,CUS-0247,9956338649,2026-09-07 10:39,TRANSFER,debit,5000,Ese O****e,Sample Savings Bank,Transfer,successful,yes,yes,,,,,ENT173519724866,208200
TXN-000082,CUS-0007,9977876804,2026-09-07 11:01,TRANSFER,debit,35000,Chioma A***u,Quick Fictional Bank,Transfer,successful,yes,yes,,,,,ENT322768059895,776100
TXN-001628,CUS-0133,9965679951,2026-09-07 12:03,TRANSFER,debit,35000,Aminu O******e,Sample Savings Bank,Transfer,successful,yes,yes,,,,,ENT472266340249,217000
TXN-005456,CUS-0442,9996044337,2026-09-07 12:10,USSD,debit,5000,Airtime (fictional network),,Airtime purchase,successful,yes,,,,,,ENT499971162493,3666600
TXN-004484,CUS-0364,9924622145,2026-09-07 12:19,ATM,debit,40000,Other bank ATM,,ATM withdrawal,successful,yes,,no,,,,ENT517990430949,1090500
TXN-001023,CUS-0085,9920987695,2026-09-07 12:20,POS,debit,12500,Mama Put Kitchen,,POS purchase,successful,yes,,,,,,ENT756783296381,799700
TXN-004427,CUS-0359,9954494020,2026-09-07 12:28,TRANSFER,debit,5000,Chinedu O******n,Sample Savings Bank,Transfer,successful,yes,yes,,,,,ENT713660414465,1020000
TXN-001818,CUS-0149,9932706983,2026-09-07 13:23,POS,debit,45000,StreamFlix (fictional),,POS purchase,successful,yes,,,,,,ENT387122821601,285000
TXN-004882,CUS-0396,9979503876,2026-09-07 14:15,WEB,debit,2500,Lekki Luxury Stores,,Online card payment,successful,yes,,,,,,ENT978251981956,605500
TXN-005963,CUS-0483,9956134913,2026-09-07 14:29,TRANSFER,debit,35000,Aisha O******n,Sample Savings Bank,Transfer,successful,yes,yes,,,,,ENT789789693276,154500
TXN-004733,CUS-0384,9978462464,2026-09-07 14:41,USSD,debit,500,Airtime (fictional network),,Airtime purchase,successful,yes,,,,,,ENT499645974017,508500
TXN-000155,CUS-0013,9918603208,2026-09-07 15:00,USSD,debit,5000,Airtime (fictional network),,Airtime purchase,successful,yes,,,,,,ENT593101323783,1113000
TXN-003518,CUS-0284,9966833571,2026-09-07 15:09,POS,debit,12500,ShopRite-like Store (fictional),,POS purchase,successful,yes,,,,,,ENT112853578190,1252100
TXN-003289,CUS-0265,9913982658,2026-09-07 15:16,USSD,debit,2000,Airtime (fictional network),,Airtime purchase,successful,yes,,,,,,ENT187016136446,496500
TXN-002788,CUS-0226,9909301930,2026-09-07 15:30,POS,debit,1500,ShopRite-like Store (fictional),,POS purchase,successful,yes,,,,,,ENT401845905305,381300
TXN-005064,CUS-0410,9922696173,2026-09-07 15:47,POS,debit,45000,Mama Put Kitchen,,POS purchase,successful,yes,,,,,,ENT630925163282,52900
TXN-000047,CUS-0004,9989768469,2026-09-07 15:57,POS,debit,45000,StreamFlix (fictional),,POS purchase,successful,yes,,,,,,ENT511002545443,1075000
TXN-004684,CUS-0380,9935909163,2026-09-07 16:06,WEB,debit,9900,Bolt-like Rides (fictional),,Online card payment,successful,yes,,,,,,ENT952442620624,122300
TXN-002352,CUS-0192,9988642115,2026-09-07 16:22,TRANSFER,debit,50000,Funke Y***f,Placeholder Bank,Transfer,successful,yes,yes,,,,,ENT771140197190,1145700
TXN-003808,CUS-0309,9907735405,2026-09-07 16:27,POS,debit,7800,Market Stall POS,,POS purchase,successful,yes,,,,,,ENT922279002789,1629800
TXN-001921,CUS-0157,9984980730,2026-09-07 16:47,WEB,debit,2500,StreamFlix (fictional),,Online card payment,successful,yes,,,,,,ENT186020857897,2031000
TXN-000885,CUS-0073,9929770579,2026-09-07 17:15,ATM,debit,10000,ENTIN ATM,,ATM withdrawal,successful,yes,,yes,,,,ENT325911588682,1224700
TXN-001820,CUS-0149,9932706983,2026-09-07 17:56,WEB,debit,4500,StreamFlix (fictional),,Online card payment,successful,yes,,,,,,ENT738848524659,280500
TXN-004581,CUS-0372,9937583244,2026-09-07 18:09,ATM,debit,10000,Other bank ATM,,ATM withdrawal,successful,yes,,no,,,,ENT291601687728,1150200
TXN-003947,CUS-0320,9939671395,2026-09-07 18:34,ATM,debit,40000,Other bank ATM,,ATM withdrawal,successful,yes,,no,,,,ENT908202487053,377600
TXN-002452,CUS-0199,9916644726,2026-09-07 18:59,USSD,debit,500,Airtime (fictional network),,Airtime purchase,successful,yes,,,,,,ENT679856780767,767500
TXN-005533,CUS-0448,9949863391,2026-09-07 19:00,TRANSFER,debit,50000,Emmanuel O******e,Demo Microfinance Bank,Transfer,successful,yes,yes,,,,,ENT611472763931,74700
TXN-002689,CUS-0218,9910818187,2026-09-07 19:14,WEB,debit,4500,Lekki Luxury Stores,,Online card payment,successful,yes,,,,,,ENT874160418641,1218000
TXN-003547,CUS-0286,9930900140,2026-09-07 19:31,TRANSFER,debit,35000,Musa E****m,Quick Fictional Bank,Transfer,successful,yes,yes,,,,,ENT300045931025,2567000
TXN-002385,CUS-0194,9953387952,2026-09-07 19:49,ATM,debit,40000,ENTIN ATM,,ATM withdrawal,successful,yes,,yes,,,,ENT348806936265,254500
TXN-004421,CUS-0359,9954494020,2026-09-07 19:50,ATM,debit,10000,Other bank ATM,,ATM withdrawal,successful,yes,,no,,,,ENT896334703453,1010000
TXN-001958,CUS-0160,9945997181,2026-09-07 19:58,WEB,debit,2500,Bolt-like Rides (fictional),,Online card payment,successful,yes,,,,,,ENT405065047263,436500
TXN-002997,CUS-0241,9968320519,2026-09-07 20:04,POS,debit,12500,Mama Put Kitchen,,POS purchase,successful,yes,,,,,,ENT131852007886,509500
TXN-005371,CUS-0435,9996618422,2026-09-07 20:05,TRANSFER,debit,100000,Ogechi N*******u,Demo Microfinance Bank,Transfer,successful,yes,yes,,,,,ENT990097900096,267000
TXN-003841,CUS-0311,9977866026,2026-09-07 20:13,USSD,debit,2000,Airtime (fictional network),,Airtime purchase,successful,yes,,,,,,ENT873290790974,441100
TXN-004346,CUS-0353,9939159099,2026-09-07 20:24,USSD,debit,1000,Airtime (fictional network),,Airtime purchase,successful,yes,,,,,,ENT603593694339,543100
TXN-003264,CUS-0263,9950345134,2026-09-07 20:58,USSD,debit,500,Airtime (fictional network),,Airtime purchase,successful,yes,,,,,,ENT145027987490,224500
TXN-000675,CUS-0056,9998286408,2026-09-07 21:12,TRANSFER,debit,20000,Samuel A*****e,Demo Microfinance Bank,Transfer,successful,yes,yes,,,,,ENT295270758308,1192500
TXN-005557,CUS-0450,9931478410,2026-09-07 21:18,POS,debit,45000,ShopRite-like Store (fictional),,POS purchase,successful,yes,,,,,,ENT169955917503,420000
TXN-001313,CUS-0108,9976125398,2026-09-07 21:35,TRANSFER,debit,10000,Adaeze Y***f,Sample Savings Bank,Transfer,successful,yes,yes,,,,,ENT299368367214,93500
TXN-005235,CUS-0424,9968184455,2026-09-07 21:44,ATM,debit,40000,ENTIN ATM,,ATM withdrawal,successful,yes,,yes,,,,ENT533986782864,91100
TXN-001801,CUS-0148,9929634769,2026-09-07 21:53,TRANSFER,debit,100000,Kemi A*****i,Quick Fictional Bank,Transfer,successful,yes,yes,,,,,ENT582363861815,471700
TXN-002926,CUS-0236,9941663809,2026-09-07 21:57,POS,debit,45000,Mama Put Kitchen,,POS purchase,successful,yes,,,,,,ENT132046450212,1172200
TXN-003470,CUS-0280,9952498676,2026-09-07 22:00,POS,debit,1500,QuickBuy Online (fictional),,POS purchase,successful,yes,,,,,,ENT371185692990,1275800
TXN-003307,CUS-0267,9975140396,2026-09-07 22:14,TRANSFER,debit,50000,Dayo F*****a,Demo Microfinance Bank,Transfer,successful,yes,yes,,,,,ENT376694362896,183000
TXN-001993,CUS-0163,9985476677,2026-09-07 22:17,USSD,debit,2000,Airtime (fictional network),,Airtime purchase,successful,yes,,,,,,ENT619847908933,233500
TXN-001183,CUS-0098,9958025797,2026-09-07 22:54,POS,debit,7800,Mama Put Kitchen,,POS purchase,successful,yes,,,,,,ENT943452084581,1070200
TXN-004990,CUS-0404,9918022090,2026-09-07 22:57,ATM,debit,20000,Other bank ATM,,ATM withdrawal,successful,yes,,no,,,,ENT183031359170,716200
TXN-002056,CUS-0168,9989354914,2026-09-07 23:02,TRANSFER,debit,50000,Ese O******e,Demo Microfinance Bank,Transfer,successful,yes,yes,,,,,ENT456548006918,2722200
TXN-006160,CUS-0498,9973945097,2026-09-07 23:45,TRANSFER,debit,100000,Amaka O******i,Placeholder Bank,Transfer,successful,yes,yes,,,,,ENT590645496579,1269500
TXN-001274,CUS-0105,9972234888,2026-09-07 23:48,TRANSFER,debit,20000,Esther O******e,Sample Savings Bank,Transfer,successful,yes,yes,,,,,ENT909400904234,542600
TXN-001685,CUS-0138,9902372961,2026-09-07 23:50,ATM,debit,10000,ENTIN ATM,,ATM withdrawal,successful,yes,,yes,,,,ENT345131133148,1016000
TXN-002276,CUS-0185,9962334551,2026-09-08 00:01,WEB,debit,9900,Lekki Luxury Stores,,Online card payment,successful,yes,,,,,,ENT697097361030,37100
TXN-003922,CUS-0318,9973536623,2026-09-08 00:07,WEB,debit,2500,StreamFlix (fictional),,Online card payment,successful,yes,,,,,,ENT916376088086,1577500
TXN-005988,CUS-0484,9979764044,2026-09-08 00:09,USSD,debit,500,Airtime (fictional network),,Airtime purchase,successful,yes,,,,,,ENT439804822610,695000
TXN-005856,CUS-0474,9967078673,2026-09-08 00:31,USSD,debit,1000,Airtime (fictional network),,Airtime purchase,successful,yes,,,,,,ENT230480165101,256000
TXN-000249,CUS-0021,9964529128,2026-09-08 01:13,POS,debit,12500,Pharmacy Plus (fictional),,POS purchase,successful,yes,,,,,,ENT266406556337,224000
TXN-001684,CUS-0138,9902372961,2026-09-08 01:29,POS,debit,7800,Market Stall POS,,POS purchase,successful,yes,,,,,,ENT527157432220,1008200
TXN-003351,CUS-0270,9932642118,2026-09-08 01:50,POS,debit,45000,Filling Station (fictional),,POS purchase,successful,yes,,,,,,ENT421703449709,1236000
TXN-000026,CUS-0002,9917075364,2026-09-08 01:57,TRANSFER,debit,50000,Ronke N***u,Sample Savings Bank,Transfer,successful,yes,yes,,,,,ENT931389438866,1420500
TXN-005657,CUS-0458,9904367085,2026-09-08 02:00,POS,debit,12500,Filling Station (fictional),,POS purchase,successful,yes,,,,,,ENT333804833969,256900
TXN-003666,CUS-0296,9904810740,2026-09-08 02:02,ATM,debit,20000,Other bank ATM,,ATM withdrawal,successful,yes,,no,,,,ENT671878237984,219500
TXN-005633,CUS-0456,9972514839,2026-09-08 02:26,USSD,debit,1000,Airtime (fictional network),,Airtime purchase,successful,yes,,,,,,ENT898063745921,726700
TXN-000969,CUS-0080,9903022502,2026-09-08 02:36,WEB,debit,9900,Bolt-like Rides (fictional),,Online card payment,successful,yes,,,,,,ENT890189975012,142600
TXN-003041,CUS-0245,9974242558,2026-09-08 03:18,TRANSFER,debit,5000,Folake O******e,Demo Microfinance Bank,Transfer,successful,yes,yes,,,,,ENT964188276139,3700200
TXN-003236,CUS-0261,9911168312,2026-09-08 03:22,USSD,debit,1000,Airtime (fictional network),,Airtime purchase,successful,yes,,,,,,ENT965091855502,915200
TXN-002232,CUS-0182,9979765655,2026-09-08 03:28,POS,debit,12500,QuickBuy Online (fictional),,POS purchase,successful,yes,,,,,,ENT445215999429,525000
TXN-002351,CUS-0192,9988642115,2026-09-08 04:20,TRANSFER,debit,20000,Kemi O***e,Quick Fictional Bank,Transfer,successful,yes,yes,,,,,ENT849837543279,1125700
TXN-003872,CUS-0314,9990571386,2026-09-08 04:49,ATM,debit,20000,ENTIN ATM,,ATM withdrawal,successful,yes,,yes,,,,ENT977527988612,143500
TXN-003602,CUS-0291,9978065578,2026-09-08 05:08,WEB,debit,4500,Bolt-like Rides (fictional),,Online card payment,successful,yes,,,,,,ENT512080638842,426600
TXN-002857,CUS-0231,9987407604,2026-09-08 05:20,POS,debit,3500,Mama Put Kitchen,,POS purchase,successful,yes,,,,,,ENT498787033070,260500
TXN-000278,CUS-0023,9902145842,2026-09-08 05:25,USSD,debit,2000,Airtime (fictional network),,Airtime purchase,successful,yes,,,,,,ENT130779513113,154900
TXN-003664,CUS-0296,9904810740,2026-09-08 05:59,POS,debit,1500,Filling Station (fictional),,POS purchase,successful,yes,,,,,,ENT994533468163,218000
TXN-004669,CUS-0378,9920862512,2026-09-08 06:01,TRANSFER,debit,100000,Adebayo O*****o,Demo Microfinance Bank,Transfer,successful,yes,yes,,,,,ENT616104770532,3030700
TXN-003408,CUS-0275,9916289439,2026-09-08 06:19,USSD,debit,2000,Airtime (fictional network),,Airtime purchase,successful,yes,,,,,,ENT493288654206,355500
TXN-000537,CUS-0044,9933042845,2026-09-08 06:30,WEB,debit,9900,QuickBuy Online (fictional),,Online card payment,successful,yes,,,,,,ENT550968556017,1013100
TXN-003333,CUS-0269,9936756441,2026-09-08 06:30,TRANSFER,debit,5000,Ifeanyi U**r,Placeholder Bank,Transfer,successful,yes,yes,,,,,ENT608309965395,3192000
TXN-000865,CUS-0072,9904030042,2026-09-08 06:40,TRANSFER,debit,50000,Emmanuel O******i,Placeholder Bank,Transfer,successful,yes,yes,,,,,ENT520274833199,2828500
TXN-003979,CUS-0323,9954538030,2026-09-08 07:14,POS,debit,7800,StreamFlix (fictional),,POS purchase,successful,yes,,,,,,ENT394249944244,1181300
TXN-002342,CUS-0191,9904355683,2026-09-08 07:22,TRANSFER,debit,50000,Ronke O******n,Fictional Trust Bank,Transfer,successful,yes,yes,,,,,ENT359012403553,105200
TXN-002476,CUS-0201,9915856052,2026-09-08 07:29,ATM,debit,10000,Other bank ATM,,ATM withdrawal,successful,yes,,no,,,,ENT410490557504,1343000
TXN-001691,CUS-0138,9902372961,2026-09-08 07:51,ATM,debit,20000,ENTIN ATM,,ATM withdrawal,successful,yes,,yes,,,,ENT106931741378,988200
TXN-006043,CUS-0489,9904477391,2026-09-08 07:58,TRANSFER,debit,20000,Emmanuel I*e,Quick Fictional Bank,Transfer,successful,yes,yes,,,,,ENT891865731346,167200
TXN-001578,CUS-0129,9901919652,2026-09-08 08:05,TRANSFER,debit,50000,Aminu B****e,Sample Savings Bank,Transfer,successful,yes,yes,,,,,ENT959955097941,245500
TXN-005220,CUS-0423,9996846104,2026-09-08 08:05,USSD,debit,2000,Airtime (fictional network),,Airtime purchase,successful,yes,,,,,,ENT734055446014,2686700
TXN-004968,CUS-0402,9957851156,2026-09-08 08:10,WEB,debit,4500,StreamFlix (fictional),,Online card payment,successful,yes,,,,,,ENT786847795320,463000
TXN-002422,CUS-0197,9999876763,2026-09-08 08:14,POS,debit,3500,Filling Station (fictional),,POS purchase,successful,yes,,,,,,ENT600374972408,1075500
TXN-000700,CUS-0058,9980156464,2026-09-08 08:20,POS,debit,7800,Filling Station (fictional),,POS purchase,successful,yes,,,,,,ENT510035963606,817800
TXN-004166,CUS-0339,9994674369,2026-09-08 08:36,ATM,debit,40000,ENTIN ATM,,ATM withdrawal,successful,yes,,yes,,,,ENT520919831763,757500
TXN-001443,CUS-0118,9975049979,2026-09-08 08:43,POS,debit,22000,Bolt-like Rides (fictional),,POS purchase,successful,yes,,,,,,ENT834166963665,470500
TXN-003824,CUS-0310,9928648156,2026-09-08 08:51,USSD,debit,500,Airtime (fictional network),,Airtime purchase,successful,yes,,,,,,ENT692820397455,76700
TXN-005703,CUS-0462,9959698980,2026-09-08 09:23,TRANSFER,debit,5000,Femi E**t,Placeholder Bank,Transfer,successful,yes,yes,,,,,ENT140633902960,479500
TXN-000072,CUS-0006,9988766344,2026-09-08 09:25,WEB,debit,4500,Lekki Luxury Stores,,Online card payment,successful,yes,,,,,,ENT671064647577,967600
TXN-003404,CUS-0275,9916289439,2026-09-08 09:42,POS,debit,3500,QuickBuy Online (fictional),,POS purchase,successful,yes,,,,,,ENT292978404760,352000
TXN-005295,CUS-0429,9962754614,2026-09-08 09:53,WEB,debit,4500,QuickBuy Online (fictional),,Online card payment,successful,yes,,,,,,ENT389938406548,1113100
TXN-003305,CUS-0267,9975140396,2026-09-08 10:24,POS,debit,12500,StreamFlix (fictional),,POS purchase,successful,yes,,,,,,ENT928630866750,170500
TXN-000361,CUS-0030,9925996775,2026-09-08 10:41,TRANSFER,debit,10000,Ogechi S****i,Sample Savings Bank,Transfer,successful,yes,yes,,,,,ENT738891533702,85000
TXN-004473,CUS-0363,9914265763,2026-09-08 10:46,ATM,debit,40000,ENTIN ATM,,ATM withdrawal,successful,yes,,yes,,,,ENT518424555846,2629100
TXN-005541,CUS-0449,9921814877,2026-09-08 10:56,TRANSFER,debit,10000,Usman F*****a,Quick Fictional Bank,Transfer,successful,yes,yes,,,,,ENT488905600615,546200
TXN-002694,CUS-0218,9910818187,2026-09-08 11:04,POS,debit,3500,StreamFlix (fictional),,POS purchase,successful,yes,,,,,,ENT895529119278,1214500
TXN-006094,CUS-0493,9914772348,2026-09-08 11:42,ATM,debit,10000,Other bank ATM,,ATM withdrawal,successful,yes,,no,,,,ENT649975683025,1200200
TXN-003564,CUS-0288,9972097656,2026-09-08 11:49,POS,debit,45000,ShopRite-like Store (fictional),,POS purchase,successful,yes,,,,,,ENT870522618538,3084000
TXN-000703,CUS-0058,9980156464,2026-09-08 11:54,USSD,debit,5000,Airtime (fictional network),,Airtime purchase,successful,yes,,,,,,ENT501301944248,812800
TXN-002998,CUS-0241,9968320519,2026-09-08 12:26,TRANSFER,debit,10000,Daniel B***o,Placeholder Bank,Transfer,successful,yes,yes,,,,,ENT913468149292,499500
TXN-006122,CUS-0495,9921089129,2026-09-08 12:41,WEB,debit,4500,QuickBuy Online (fictional),,Online card payment,successful,yes,,,,,,ENT149354480220,1639000
TXN-005043,CUS-0409,9926600363,2026-09-08 13:15,TRANSFER,debit,50000,Kemi Y***f,Fictional Trust Bank,Transfer,successful,yes,yes,,,,,ENT594245276285,542100
TXN-006167,CUS-0498,9973945097,2026-09-08 13:59,POS,debit,3500,QuickBuy Online (fictional),,POS purchase,successful,yes,,,,,,ENT650248119727,1266000
TXN-005114,CUS-0414,9977024396,2026-09-08 14:12,TRANSFER,debit,35000,Ifeanyi S***u,Fictional Trust Bank,Transfer,successful,yes,yes,,,,,ENT489848309092,2730500
TXN-000651,CUS-0054,9918621076,2026-09-08 14:18,ATM,debit,20000,Other bank ATM,,ATM withdrawal,successful,yes,,no,,,,ENT558987750206,426900
TXN-003675,CUS-0297,9929017205,2026-09-08 14:39,ATM,debit,10000,Other bank ATM,,ATM withdrawal,successful,yes,,no,,,,ENT151552543202,1168000
TXN-002388,CUS-0194,9953387952,2026-09-08 15:07,USSD,debit,2000,Airtime (fictional network),,Airtime purchase,successful,yes,,,,,,ENT481775316576,252500
TXN-005419,CUS-0439,9979594787,2026-09-08 15:07,USSD,debit,5000,Airtime (fictional network),,Airtime purchase,successful,yes,,,,,,ENT558373095151,812400
TXN-004229,CUS-0344,9972087668,2026-09-08 15:23,ATM,debit,20000,Other bank ATM,,ATM withdrawal,successful,yes,,no,,,,ENT311420056333,173500
TXN-005486,CUS-0444,9984434096,2026-09-08 15:28,POS,debit,12500,QuickBuy Online (fictional),,POS purchase,successful,yes,,,,,,ENT105379255952,430500
TXN-003558,CUS-0287,9969449775,2026-09-08 16:17,ATM,debit,20000,ENTIN ATM,,ATM withdrawal,successful,yes,,yes,,,,ENT552893316786,304500
TXN-006098,CUS-0493,9914772348,2026-09-08 17:07,USSD,debit,2000,Airtime (fictional network),,Airtime purchase,successful,yes,,,,,,ENT195906245527,1198200
TXN-002717,CUS-0220,9986070448,2026-09-08 17:21,TRANSFER,debit,35000,Nkechi O******n,Fictional Trust Bank,Transfer,successful,yes,yes,,,,,ENT927051926341,345600
TXN-004135,CUS-0336,9952764504,2026-09-08 17:42,TRANSFER,debit,20000,Precious B****y,Placeholder Bank,Transfer,successful,yes,yes,,,,,ENT370999440391,846300
TXN-004012,CUS-0326,9996550219,2026-09-08 17:49,POS,debit,7800,Bolt-like Rides (fictional),,POS purchase,successful,yes,,,,,,ENT773871362647,428200
TXN-000733,CUS-0061,9923524013,2026-09-08 17:53,USSD,debit,500,Airtime (fictional network),,Airtime purchase,successful,yes,,,,,,ENT257769655040,2673000
TXN-006107,CUS-0494,9961232402,2026-09-08 18:06,USSD,debit,5000,Airtime (fictional network),,Airtime purchase,successful,yes,,,,,,ENT304333102329,411500
TXN-005468,CUS-0443,9932469947,2026-09-08 18:10,TRANSFER,debit,50000,Ikenna I**e,Quick Fictional Bank,Transfer,successful,yes,yes,,,,,ENT930840267423,60500
TXN-002193,CUS-0179,9929958470,2026-09-08 18:24,USSD,debit,1000,Airtime (fictional network),,Airtime purchase,successful,yes,,,,,,ENT712811862854,241000
TXN-002947,CUS-0238,9937467651,2026-09-08 18:30,USSD,debit,2000,Airtime (fictional network),,Airtime purchase,successful,yes,,,,,,ENT894460520014,196400
TXN-004766,CUS-0386,9930746491,2026-09-08 18:39,POS,debit,45000,Pharmacy Plus (fictional),,POS purchase,successful,yes,,,,,,ENT518052788726,236000
TXN-002978,CUS-0240,9926272745,2026-09-08 18:52,WEB,debit,4500,Lekki Luxury Stores,,Online card payment,successful,yes,,,,,,ENT983676640892,635800
TXN-005124,CUS-0415,9933680819,2026-09-08 18:52,POS,debit,22000,Filling Station (fictional),,POS purchase,successful,yes,,,,,,ENT224669041571,454000
TXN-004980,CUS-0403,9978555237,2026-09-08 18:57,USSD,debit,2000,Airtime (fictional network),,Airtime purchase,successful,yes,,,,,,ENT526266189262,2890500
TXN-002125,CUS-0173,9937785973,2026-09-08 19:03,POS,debit,1500,StreamFlix (fictional),,POS purchase,successful,yes,,,,,,ENT243503139923,917000
TXN-004729,CUS-0383,9903971634,2026-09-08 19:13,TRANSFER,debit,50000,Precious S**e,Placeholder Bank,Transfer,successful,yes,yes,,,,,ENT103966676393,1103500
TXN-003815,CUS-0309,9907735405,2026-09-08 19:16,WEB,debit,2500,Bolt-like Rides (fictional),,Online card payment,successful,yes,,,,,,ENT299059944590,1627300
TXN-000309,CUS-0026,9905154382,2026-09-08 19:30,USSD,debit,1000,Airtime (fictional network),,Airtime purchase,successful,yes,,,,,,ENT926038609320,465700
TXN-004877,CUS-0395,9969124143,2026-09-08 19:35,POS,debit,12500,Mama Put Kitchen,,POS purchase,successful,yes,,,,,,ENT119702131222,78000
TXN-003151,CUS-0254,9910485144,2026-09-08 19:37,ATM,debit,10000,Other bank ATM,,ATM withdrawal,successful,yes,,no,,,,ENT805016296120,2048700
TXN-001287,CUS-0106,9959061922,2026-09-08 19:51,TRANSFER,debit,5000,Grace B****y,Quick Fictional Bank,Transfer,successful,yes,yes,,,,,ENT264229210486,229500
TXN-001627,CUS-0133,9965679951,2026-09-08 20:03,POS,debit,22000,ShopRite-like Store (fictional),,POS purchase,successful,yes,,,,,,ENT902190917963,195000
TXN-000810,CUS-0067,9964668631,2026-09-08 20:20,ATM,debit,20000,Other bank ATM,,ATM withdrawal,successful,yes,,no,,,,ENT122455370290,1067500
TXN-001420,CUS-0117,9925219607,2026-09-08 20:24,TRANSFER,debit,20000,Victor M**a,Sample Savings Bank,Transfer,successful,yes,yes,,,,,ENT840621493370,692200
TXN-001303,CUS-0107,9961387303,2026-09-08 20:30,TRANSFER,debit,5000,Bukola E****g,Sample Savings Bank,Transfer,successful,yes,yes,,,,,ENT860619189645,438100
TXN-005254,CUS-0426,9934548587,2026-09-08 20:34,POS,debit,3500,ShopRite-like Store (fictional),,POS purchase,successful,yes,,,,,,ENT323573187206,376000
TXN-003812,CUS-0309,9907735405,2026-09-08 20:47,ATM,debit,20000,Other bank ATM,,ATM withdrawal,successful,yes,,no,,,,ENT823091612946,1607300
TXN-004277,CUS-0347,9910644250,2026-09-08 21:18,POS,debit,3500,Pharmacy Plus (fictional),,POS purchase,successful,yes,,,,,,ENT697883478808,691200
TXN-001073,CUS-0089,9995292074,2026-09-08 21:26,POS,debit,45000,Market Stall POS,,POS purchase,successful,yes,,,,,,ENT270938805689,1247300
TXN-002502,CUS-0203,9911235217,2026-09-08 22:35,POS,debit,1500,Bolt-like Rides (fictional),,POS purchase,successful,yes,,,,,,ENT390991209917,182500
TXN-000839,CUS-0070,9980801000,2026-09-08 22:41,USSD,debit,500,Airtime (fictional network),,Airtime purchase,successful,yes,,,,,,ENT652028970861,997000
TXN-002583,CUS-0209,9986925245,2026-09-08 23:05,POS,debit,12500,QuickBuy Online (fictional),,POS purchase,successful,yes,,,,,,ENT248051251432,691000
TXN-001063,CUS-0088,9912668692,2026-09-08 23:16,POS,debit,1500,Pharmacy Plus (fictional),,POS purchase,successful,yes,,,,,,ENT529828142156,96500
TXN-002844,CUS-0230,9946252003,2026-09-08 23:27,ATM,debit,20000,ENTIN ATM,,ATM withdrawal,successful,yes,,yes,,,,ENT440208104682,302500
TXN-004765,CUS-0386,9930746491,2026-09-08 23:31,ATM,debit,20000,Other bank ATM,,ATM withdrawal,successful,yes,,no,,,,ENT776896621555,216000
TXN-004636,CUS-0376,9965266631,2026-09-08 23:36,POS,debit,12500,StreamFlix (fictional),,POS purchase,successful,yes,,,,,,ENT445681247334,513800
TXN-003839,CUS-0311,9977866026,2026-09-08 23:52,TRANSFER,debit,5000,Obinna S**e,Placeholder Bank,Transfer,successful,yes,yes,,,,,ENT207781270546,436100
TXN-001672,CUS-0137,9965386482,2026-09-09 00:01,POS,debit,1500,Bolt-like Rides (fictional),,POS purchase,successful,yes,,,,,,ENT894896521084,155500
TXN-001034,CUS-0086,9907016929,2026-09-09 00:08,POS,debit,1500,Filling Station (fictional),,POS purchase,successful,yes,,,,,,ENT826788027663,307500
TXN-003990,CUS-0324,9957360445,2026-09-09 00:10,TRANSFER,debit,100000,Chinedu O*i,Demo Microfinance Bank,Transfer,successful,yes,yes,,,,,ENT371748257203,1419000
TXN-000644,CUS-0053,9916354011,2026-09-09 00:16,POS,debit,3500,Filling Station (fictional),,POS purchase,successful,yes,,,,,,ENT895313889292,2648500
TXN-000931,CUS-0077,9956378276,2026-09-09 00:32,USSD,debit,1000,Airtime (fictional network),,Airtime purchase,successful,yes,,,,,,ENT227395149497,477500
TXN-002139,CUS-0174,9904061872,2026-09-09 00:33,WEB,debit,2500,Bolt-like Rides (fictional),,Online card payment,successful,yes,,,,,,ENT679734382829,3727300
TXN-005821,CUS-0471,9943902366,2026-09-09 00:44,ATM,debit,40000,ENTIN ATM,,ATM withdrawal,successful,yes,,yes,,,,ENT876820043466,90000
TXN-003279,CUS-0265,9913982658,2026-09-09 01:31,POS,debit,22000,ShopRite-like Store (fictional),,POS purchase,successful,yes,,,,,,ENT856383255038,474500
TXN-001282,CUS-0106,9959061922,2026-09-09 01:37,TRANSFER,debit,100000,Blessing O***e,Quick Fictional Bank,Transfer,successful,yes,yes,,,,,ENT427850915129,129500
TXN-003364,CUS-0271,9915845459,2026-09-09 02:49,ATM,debit,40000,Other bank ATM,,ATM withdrawal,successful,yes,,no,,,,ENT453646400906,491500
TXN-004158,CUS-0338,9965503781,2026-09-09 03:06,WEB,debit,4500,Lekki Luxury Stores,,Online card payment,successful,yes,,,,,,ENT728062319945,768100
TXN-006039,CUS-0489,9904477391,2026-09-09 03:06,POS,debit,22000,Mama Put Kitchen,,POS purchase,successful,yes,,,,,,ENT663309973570,145200
TXN-005982,CUS-0484,9979764044,2026-09-09 03:43,ATM,debit,10000,Other bank ATM,,ATM withdrawal,successful,yes,,no,,,,ENT615336110945,685000
TXN-005097,CUS-0413,9988958664,2026-09-09 03:44,POS,debit,22000,Bolt-like Rides (fictional),,POS purchase,successful,yes,,,,,,ENT160309710992,2530500
TXN-000952,CUS-0079,9971711243,2026-09-09 03:54,POS,debit,1500,StreamFlix (fictional),,POS purchase,successful,yes,,,,,,ENT571197768729,992000
TXN-005271,CUS-0427,9914290139,2026-09-09 03:58,POS,debit,45000,Bolt-like Rides (fictional),,POS purchase,successful,yes,,,,,,ENT453975332273,737500
TXN-002986,CUS-0240,9926272745,2026-09-09 04:09,TRANSFER,debit,10000,Emmanuel S***u,Sample Savings Bank,Transfer,successful,yes,yes,,,,,ENT194672633536,625800
TXN-000091,CUS-0008,9971475136,2026-09-09 04:14,TRANSFER,debit,10000,Obinna O*****o,Quick Fictional Bank,Transfer,successful,yes,yes,,,,,ENT254799308571,1215700
TXN-003594,CUS-0291,9978065578,2026-09-09 04:18,ATM,debit,10000,Other bank ATM,,ATM withdrawal,successful,yes,,no,,,,ENT957410679987,416600
TXN-004999,CUS-0405,9968853106,2026-09-09 05:01,WEB,debit,2500,StreamFlix (fictional),,Online card payment,successful,yes,,,,,,ENT648390185741,522700
TXN-003900,CUS-0316,9928767202,2026-09-09 05:18,POS,debit,45000,Mama Put Kitchen,,POS purchase,successful,yes,,,,,,ENT220410929543,1554000
TXN-004623,CUS-0375,9951549033,2026-09-09 05:25,TRANSFER,debit,20000,Musa G***a,Quick Fictional Bank,Transfer,successful,yes,yes,,,,,ENT192792049230,676200
TXN-002521,CUS-0205,9904236164,2026-09-09 05:28,USSD,debit,1000,Airtime (fictional network),,Airtime purchase,successful,yes,,,,,,ENT101610875374,325700
TXN-003836,CUS-0311,9977866026,2026-09-09 05:34,USSD,debit,5000,Airtime (fictional network),,Airtime purchase,successful,yes,,,,,,ENT285019743694,431100
TXN-002076,CUS-0169,9984249158,2026-09-09 05:51,WEB,debit,15000,StreamFlix (fictional),,Online card payment,successful,yes,,,,,,ENT532672270237,575200
TXN-000256,CUS-0021,9964529128,2026-09-09 06:04,TRANSFER,debit,20000,Grace O***o,Demo Microfinance Bank,Transfer,successful,yes,yes,,,,,ENT241261896519,204000
TXN-004979,CUS-0403,9978555237,2026-09-09 06:14,ATM,debit,10000,ENTIN ATM,,ATM withdrawal,successful,yes,,yes,,,,ENT843314492317,2880500
TXN-001675,CUS-0137,9965386482,2026-09-09 06:17,POS,debit,1500,StreamFlix (fictional),,POS purchase,successful,yes,,,,,,ENT358093764839,154000
TXN-002741,CUS-0222,9943397743,2026-09-09 06:23,USSD,debit,2000,Airtime (fictional network),,Airtime purchase,successful,yes,,,,,,ENT908026389359,1195700
TXN-002527,CUS-0205,9904236164,2026-09-09 06:31,TRANSFER,debit,20000,Usman O*****o,Quick Fictional Bank,Transfer,successful,yes,yes,,,,,ENT176750011871,305700
TXN-004161,CUS-0338,9965503781,2026-09-09 06:55,USSD,debit,1000,Airtime (fictional network),,Airtime purchase,successful,yes,,,,,,ENT247522224170,767100
TXN-002526,CUS-0205,9904236164,2026-09-09 07:06,USSD,debit,5000,Airtime (fictional network),,Airtime purchase,successful,yes,,,,,,ENT349050522111,300700
TXN-001809,CUS-0148,9929634769,2026-09-09 07:15,POS,debit,45000,Pharmacy Plus (fictional),,POS purchase,successful,yes,,,,,,ENT287896695933,426700
TXN-001686,CUS-0138,9902372961,2026-09-09 07:50,ATM,debit,40000,ENTIN ATM,,ATM withdrawal,successful,yes,,yes,,,,ENT741039101156,948200
TXN-005885,CUS-0476,9990474627,2026-09-09 07:56,TRANSFER,debit,100000,Chinedu F*****a,Fictional Trust Bank,Transfer,successful,yes,yes,,,,,ENT218771806718,3060300
TXN-000946,CUS-0078,9938696953,2026-09-09 08:16,TRANSFER,debit,10000,Daniel F*****a,Fictional Trust Bank,Transfer,successful,yes,yes,,,,,ENT838071628981,2683700
TXN-004018,CUS-0326,9996550219,2026-09-09 08:37,TRANSFER,debit,10000,Sani O*u,Quick Fictional Bank,Transfer,successful,yes,yes,,,,,ENT159901641174,418200
TXN-002488,CUS-0202,9914950549,2026-09-09 09:08,TRANSFER,debit,50000,Gerald O******i,Sample Savings Bank,Transfer,successful,yes,yes,,,,,ENT787137768755,2474500
TXN-003339,CUS-0269,9936756441,2026-09-09 09:26,TRANSFER,debit,10000,Chioma O******e,Quick Fictional Bank,Transfer,successful,yes,yes,,,,,ENT896214514215,3182000
TXN-000003,CUS-0001,9913998698,2026-09-09 09:43,TRANSFER,debit,5000,Kelechi N***u,Quick Fictional Bank,Transfer,successful,yes,yes,,,,,ENT233456015079,301000
TXN-001049,CUS-0087,9967779214,2026-09-09 10:21,POS,debit,12500,QuickBuy Online (fictional),,POS purchase,successful,yes,,,,,,ENT601763572465,1409000
TXN-005647,CUS-0457,9951470242,2026-09-09 10:36,ATM,debit,20000,ENTIN ATM,,ATM withdrawal,successful,yes,,yes,,,,ENT857838212664,55000
TXN-004412,CUS-0358,9954026859,2026-09-09 10:57,ATM,debit,40000,ENTIN ATM,,ATM withdrawal,successful,yes,,yes,,,,ENT299000293759,271200
TXN-004306,CUS-0350,9941377678,2026-09-09 11:35,ATM,debit,20000,ENTIN ATM,,ATM withdrawal,successful,yes,,yes,,,,ENT453190699565,1938900
TXN-004162,CUS-0338,9965503781,2026-09-09 11:42,POS,debit,22000,StreamFlix (fictional),,POS purchase,successful,yes,,,,,,ENT911807131465,745100
TXN-003816,CUS-0309,9907735405,2026-09-09 11:50,POS,debit,3500,Filling Station (fictional),,POS purchase,successful,yes,,,,,,ENT969388719006,1603800
TXN-004258,CUS-0346,9910643132,2026-09-09 11:53,ATM,debit,40000,Other bank ATM,,ATM withdrawal,successful,yes,,no,,,,ENT596061685194,685100
TXN-004380,CUS-0356,9916389373,2026-09-09 11:55,POS,debit,7800,Filling Station (fictional),,POS purchase,successful,yes,,,,,,ENT923400824642,170900
TXN-002505,CUS-0203,9911235217,2026-09-09 13:28,USSD,debit,1000,Airtime (fictional network),,Airtime purchase,successful,yes,,,,,,ENT365046121579,181500
TXN-006181,CUS-0499,9952647161,2026-09-09 14:28,USSD,debit,1000,Airtime (fictional network),,Airtime purchase,successful,yes,,,,,,ENT734330184839,237600
TXN-002085,CUS-0170,9942564933,2026-09-09 14:35,TRANSFER,debit,10000,Emmanuel I***s,Quick Fictional Bank,Transfer,successful,yes,yes,,,,,ENT773776455764,514100
TXN-006102,CUS-0493,9914772348,2026-09-09 14:46,POS,debit,22000,Filling Station (fictional),,POS purchase,successful,yes,,,,,,ENT162686310808,1176200
TXN-000536,CUS-0044,9933042845,2026-09-09 14:49,POS,debit,1500,StreamFlix (fictional),,POS purchase,successful,yes,,,,,,ENT557000026039,1011600
TXN-003045,CUS-0245,9974242558,2026-09-09 15:38,POS,debit,12500,Mama Put Kitchen,,POS purchase,successful,yes,,,,,,ENT527656439661,3687700
TXN-000800,CUS-0066,9915141363,2026-09-09 15:51,TRANSFER,debit,5000,Blessing A***n,Placeholder Bank,Transfer,successful,yes,yes,,,,,ENT193164181806,2783700
TXN-002944,CUS-0238,9937467651,2026-09-09 16:37,TRANSFER,debit,10000,Femi O*i,Placeholder Bank,Transfer,successful,yes,yes,,,,,ENT148526325594,186400
TXN-001495,CUS-0122,9920453316,2026-09-09 16:43,POS,debit,3500,Lekki Luxury Stores,,POS purchase,successful,yes,,,,,,ENT160839703229,2636200
TXN-000464,CUS-0039,9960824456,2026-09-09 17:51,POS,debit,7800,Filling Station (fictional),,POS purchase,successful,yes,,,,,,ENT910662994119,190300
TXN-005917,CUS-0479,9976613626,2026-09-09 18:10,WEB,debit,9900,Lekki Luxury Stores,,Online card payment,successful,yes,,,,,,ENT380300396809,1087600
TXN-005076,CUS-0411,9993781137,2026-09-09 18:27,TRANSFER,debit,20000,Bello O******e,Fictional Trust Bank,Transfer,successful,yes,yes,,,,,ENT204587148933,836500
TXN-001617,CUS-0132,9913900264,2026-09-09 18:37,TRANSFER,debit,20000,Ngozi A*****o,Quick Fictional Bank,Transfer,successful,yes,yes,,,,,ENT618058667506,2667000
TXN-004425,CUS-0359,9954494020,2026-09-09 19:00,POS,debit,7800,Pharmacy Plus (fictional),,POS purchase,successful,yes,,,,,,ENT150012688574,1002200
TXN-002940,CUS-0237,9969336506,2026-09-09 19:09,TRANSFER,debit,5000,Titilayo O******i,Sample Savings Bank,Transfer,successful,yes,yes,,,,,ENT346844812821,497400
TXN-001895,CUS-0155,9924565054,2026-09-09 19:16,WEB,debit,4500,QuickBuy Online (fictional),,Online card payment,successful,yes,,,,,,ENT657069819982,535600
TXN-005738,CUS-0464,9998523750,2026-09-09 19:17,TRANSFER,debit,50000,Kelechi O***e,Quick Fictional Bank,Transfer,successful,yes,yes,,,,,ENT705439736341,242000
TXN-003021,CUS-0243,9951135288,2026-09-09 19:23,USSD,debit,500,Airtime (fictional network),,Airtime purchase,successful,yes,,,,,,ENT364546610748,280000
TXN-001309,CUS-0108,9976125398,2026-09-09 19:26,POS,debit,12500,StreamFlix (fictional),,POS purchase,successful,yes,,,,,,ENT653609543253,81000
TXN-001125,CUS-0093,9969795168,2026-09-09 19:31,POS,debit,22000,QuickBuy Online (fictional),,POS purchase,successful,yes,,,,,,ENT669148497950,2780000
TXN-002568,CUS-0208,9908562995,2026-09-09 19:57,USSD,debit,1000,Airtime (fictional network),,Airtime purchase,successful,yes,,,,,,ENT840415119667,2795700
TXN-000235,CUS-0020,9969256663,2026-09-09 20:03,TRANSFER,debit,50000,Grace A***n,Fictional Trust Bank,Transfer,successful,yes,yes,,,,,ENT572969181938,3620200
TXN-004618,CUS-0375,9951549033,2026-09-09 20:14,USSD,debit,5000,Airtime (fictional network),,Airtime purchase,successful,yes,,,,,,ENT442304393322,671200
TXN-004728,CUS-0383,9903971634,2026-09-09 20:15,POS,debit,1500,Market Stall POS,,POS purchase,successful,yes,,,,,,ENT216531026088,1102000
TXN-003660,CUS-0296,9904810740,2026-09-09 20:40,TRANSFER,debit,5000,Nkechi O******i,Placeholder Bank,Transfer,successful,yes,yes,,,,,ENT126369950449,213000
TXN-003768,CUS-0305,9912573853,2026-09-09 21:05,TRANSFER,debit,10000,Aisha O*****o,Sample Savings Bank,Transfer,successful,yes,yes,,,,,ENT244944685198,245000
TXN-001376,CUS-0113,9918118331,2026-09-09 21:16,ATM,debit,40000,Other bank ATM,,ATM withdrawal,successful,yes,,no,,,,ENT716572961865,2062500
TXN-003471,CUS-0280,9952498676,2026-09-09 21:24,TRANSFER,debit,100000,Emmanuel A*****a,Demo Microfinance Bank,Transfer,successful,yes,yes,,,,,ENT482478653623,1175800
TXN-002653,CUS-0215,9948992789,2026-09-09 21:25,USSD,debit,2000,Airtime (fictional network),,Airtime purchase,successful,yes,,,,,,ENT253733530881,190200
TXN-005904,CUS-0478,9926098818,2026-09-09 21:33,USSD,debit,5000,Airtime (fictional network),,Airtime purchase,successful,yes,,,,,,ENT685905631133,3677700
TXN-003603,CUS-0291,9978065578,2026-09-09 21:35,TRANSFER,debit,5000,Femi M**a,Demo Microfinance Bank,Transfer,successful,yes,yes,,,,,ENT747139242869,411600
TXN-003669,CUS-0297,9929017205,2026-09-09 22:46,POS,debit,3500,QuickBuy Online (fictional),,POS purchase,successful,yes,,,,,,ENT504235133020,1164500
TXN-001052,CUS-0087,9967779214,2026-09-09 23:04,TRANSFER,debit,35000,Ibrahim I***s,Fictional Trust Bank,Transfer,successful,yes,yes,,,,,ENT138977034880,1374000
TXN-003075,CUS-0248,9955864605,2026-09-09 23:06,TRANSFER,debit,5000,Patience L***l,Placeholder Bank,Transfer,successful,yes,yes,,,,,ENT852842614172,565000
TXN-003239,CUS-0261,9911168312,2026-09-09 23:24,ATM,debit,40000,Other bank ATM,,ATM withdrawal,successful,yes,,no,,,,ENT849804793591,875200
TXN-002506,CUS-0203,9911235217,2026-09-09 23:28,POS,debit,45000,QuickBuy Online (fictional),,POS purchase,successful,yes,,,,,,ENT748054352340,136500
TXN-002126,CUS-0173,9937785973,2026-09-09 23:50,TRANSFER,debit,10000,Mercy O*u,Sample Savings Bank,Transfer,successful,yes,yes,,,,,ENT608991897270,907000
TXN-006151,CUS-0497,9975222469,2026-09-09 23:56,TRANSFER,debit,10000,Tunde O*****e,Fictional Trust Bank,Transfer,successful,yes,yes,,,,,ENT858123069359,68500
TXN-002619,CUS-0213,9943848714,2026-09-09 23:57,POS,debit,22000,Bolt-like Rides (fictional),,POS purchase,successful,yes,,,,,,ENT569145112406,757500
TXN-005678,CUS-0460,9955245029,2026-09-10 00:03,ATM,debit,40000,Other bank ATM,,ATM withdrawal,successful,yes,,no,,,,ENT201400214646,476200
TXN-001201,CUS-0099,9936708878,2026-09-10 00:15,ATM,debit,40000,ENTIN ATM,,ATM withdrawal,successful,yes,,yes,,,,ENT171910423687,2717300
TXN-004030,CUS-0327,9985785371,2026-09-10 00:22,POS,debit,45000,Pharmacy Plus (fictional),,POS purchase,successful,yes,,,,,,ENT334059025756,1269700
TXN-000774,CUS-0064,9901461338,2026-09-10 00:29,ATM,debit,10000,ENTIN ATM,,ATM withdrawal,successful,yes,,yes,,,,ENT504086433759,545000
TXN-003098,CUS-0250,9922213933,2026-09-10 01:09,ATM,debit,20000,ENTIN ATM,,ATM withdrawal,successful,yes,,yes,,,,ENT683185917991,542500
TXN-001512,CUS-0124,9949138114,2026-09-10 01:18,WEB,debit,2500,StreamFlix (fictional),,Online card payment,successful,yes,,,,,,ENT573158213699,257000
TXN-001054,CUS-0087,9967779214,2026-09-10 01:22,POS,debit,7800,Filling Station (fictional),,POS purchase,successful,yes,,,,,,ENT125306247885,1366200
TXN-000777,CUS-0064,9901461338,2026-09-10 02:38,TRANSFER,debit,20000,Joy O****r,Placeholder Bank,Transfer,successful,yes,yes,,,,,ENT279273005151,525000
TXN-003237,CUS-0261,9911168312,2026-09-10 03:08,POS,debit,3500,Filling Station (fictional),,POS purchase,successful,yes,,,,,,ENT925530140808,871700
TXN-000691,CUS-0057,9939955156,2026-09-10 03:10,POS,debit,22000,QuickBuy Online (fictional),,POS purchase,successful,yes,,,,,,ENT799186231270,1051000
TXN-000671,CUS-0055,9915202994,2026-09-10 03:15,POS,debit,45000,Market Stall POS,,POS purchase,successful,yes,,,,,,ENT879443088430,1139000
TXN-003050,CUS-0246,9985384634,2026-09-10 03:26,USSD,debit,2000,Airtime (fictional network),,Airtime purchase,successful,yes,,,,,,ENT751769247732,2641800
TXN-001261,CUS-0104,9910528659,2026-09-10 04:06,ATM,debit,20000,ENTIN ATM,,ATM withdrawal,successful,yes,,yes,,,,ENT500697473931,775500
TXN-004753,CUS-0385,9986616742,2026-09-10 04:42,TRANSFER,debit,5000,Ogechi O*i,Placeholder Bank,Transfer,successful,yes,yes,,,,,ENT215446524327,2670700
TXN-002718,CUS-0220,9986070448,2026-09-10 05:06,USSD,debit,500,Airtime (fictional network),,Airtime purchase,successful,yes,,,,,,ENT382117455340,345100
TXN-002639,CUS-0214,9980024371,2026-09-10 05:18,POS,debit,1500,Market Stall POS,,POS purchase,successful,yes,,,,,,ENT641879820228,982400
TXN-004171,CUS-0339,9994674369,2026-09-10 05:21,USSD,debit,500,Airtime (fictional network),,Airtime purchase,successful,yes,,,,,,ENT466655583963,757000
TXN-000335,CUS-0028,9955696327,2026-09-10 05:57,TRANSFER,debit,5000,Nkechi A***n,Sample Savings Bank,Transfer,successful,yes,yes,,,,,ENT245782455646,314700
TXN-004076,CUS-0331,9925736997,2026-09-10 06:06,ATM,debit,10000,Other bank ATM,,ATM withdrawal,successful,yes,,no,,,,ENT631550953389,177500
TXN-004486,CUS-0364,9924622145,2026-09-10 06:14,TRANSFER,debit,35000,Nnamdi B****y,Placeholder Bank,Transfer,successful,yes,yes,,,,,ENT596177483556,1055500
TXN-004954,CUS-0401,9916928668,2026-09-10 06:16,POS,debit,1500,Market Stall POS,,POS purchase,successful,yes,,,,,,ENT955802458803,169700
TXN-001580,CUS-0129,9901919652,2026-09-10 06:22,ATM,debit,20000,Other bank ATM,,ATM withdrawal,successful,yes,,no,,,,ENT538251458509,225500
TXN-002574,CUS-0209,9986925245,2026-09-10 06:24,ATM,debit,10000,ENTIN ATM,,ATM withdrawal,successful,yes,,yes,,,,ENT922779241213,681000
TXN-003296,CUS-0266,9911157896,2026-09-10 06:59,TRANSFER,debit,50000,Ikenna E****m,Placeholder Bank,Transfer,successful,yes,yes,,,,,ENT502746650740,1142500
TXN-001721,CUS-0141,9922386162,2026-09-10 07:01,TRANSFER,debit,20000,Kunle F*****a,Sample Savings Bank,Transfer,successful,yes,yes,,,,,ENT619451669133,106100
TXN-005729,CUS-0464,9998523750,2026-09-10 07:02,TRANSFER,debit,35000,Aminu A*******i,Sample Savings Bank,Transfer,successful,yes,yes,,,,,ENT390755400208,207000
TXN-003760,CUS-0304,9919484159,2026-09-10 07:08,USSD,debit,2000,Airtime (fictional network),,Airtime purchase,successful,yes,,,,,,ENT202476283451,1078500
TXN-002183,CUS-0178,9914176590,2026-09-10 07:16,TRANSFER,debit,10000,Tunde A***u,Sample Savings Bank,Transfer,successful,yes,yes,,,,,ENT696176199293,440900
TXN-002063,CUS-0168,9989354914,2026-09-10 07:21,TRANSFER,debit,10000,Aisha B****e,Demo Microfinance Bank,Transfer,successful,yes,yes,,,,,ENT362122549387,2712200
TXN-004009,CUS-0325,9991958539,2026-09-10 08:36,USSD,debit,500,Airtime (fictional network),,Airtime purchase,successful,yes,,,,,,ENT557441371161,1323500
TXN-004734,CUS-0384,9978462464,2026-09-10 08:48,USSD,debit,500,Airtime (fictional network),,Airtime purchase,successful,yes,,,,,,ENT397889065639,508000
TXN-006021,CUS-0487,9989218380,2026-09-10 08:57,TRANSFER,debit,20000,Bello A*******i,Demo Microfinance Bank,Transfer,successful,yes,yes,,,,,ENT849956971849,1121700
TXN-005848,CUS-0473,9956177643,2026-09-10 09:21,ATM,debit,40000,Other bank ATM,,ATM withdrawal,successful,yes,,no,,,,ENT730992925974,164900
TXN-001550,CUS-0127,9911211684,2026-09-10 09:25,USSD,debit,5000,Airtime (fictional network),,Airtime purchase,successful,yes,,,,,,ENT678998997181,523500
TXN-000504,CUS-0042,9938560739,2026-09-10 09:53,POS,debit,12500,Pharmacy Plus (fictional),,POS purchase,successful,yes,,,,,,ENT678276360665,2590200
TXN-000095,CUS-0008,9971475136,2026-09-10 10:01,ATM,debit,20000,Other bank ATM,,ATM withdrawal,successful,yes,,no,,,,ENT243224593441,1195700
TXN-000972,CUS-0081,9908238613,2026-09-10 11:12,TRANSFER,debit,35000,Aminu U**h,Quick Fictional Bank,Transfer,successful,yes,yes,,,,,ENT680662302900,2890000
TXN-002301,CUS-0187,9956885470,2026-09-10 11:33,POS,debit,12500,Market Stall POS,,POS purchase,successful,yes,,,,,,ENT783646568540,2637500
TXN-004122,CUS-0335,9937290469,2026-09-10 11:38,TRANSFER,debit,20000,Rukayya A***u,Demo Microfinance Bank,Transfer,successful,yes,yes,,,,,ENT701621968420,1492000
TXN-005351,CUS-0434,9998934709,2026-09-10 11:43,TRANSFER,debit,20000,Femi N*******u,Sample Savings Bank,Transfer,successful,yes,yes,,,,,ENT946591867225,412700
TXN-003888,CUS-0315,9960596727,2026-09-10 11:54,TRANSFER,debit,100000,Gerald O******e,Quick Fictional Bank,Transfer,successful,yes,yes,,,,,ENT619714039575,1056500
TXN-004426,CUS-0359,9954494020,2026-09-10 12:11,POS,debit,1500,Market Stall POS,,POS purchase,successful,yes,,,,,,ENT371732943857,1000700
TXN-004654,CUS-0377,9956948792,2026-09-10 12:15,TRANSFER,debit,35000,Yemisi U**r,Fictional Trust Bank,Transfer,successful,yes,yes,,,,,ENT646252429105,485500
TXN-002666,CUS-0216,9903471072,2026-09-10 12:18,POS,debit,12500,StreamFlix (fictional),,POS purchase,successful,yes,,,,,,ENT828013551934,2851000
TXN-005205,CUS-0422,9981759426,2026-09-10 12:18,TRANSFER,debit,20000,Uche O****e,Placeholder Bank,Transfer,successful,yes,yes,,,,,ENT670836061433,1099500
TXN-002999,CUS-0241,9968320519,2026-09-10 12:27,POS,debit,45000,QuickBuy Online (fictional),,POS purchase,successful,yes,,,,,,ENT978374384217,454500
TXN-002849,CUS-0230,9946252003,2026-09-10 12:29,WEB,debit,4500,Lekki Luxury Stores,,Online card payment,successful,yes,,,,,,ENT948178735441,298000
TXN-001169,CUS-0097,9961807567,2026-09-10 12:34,WEB,debit,4500,QuickBuy Online (fictional),,Online card payment,successful,yes,,,,,,ENT987996042416,2576700
TXN-003761,CUS-0304,9919484159,2026-09-10 12:40,ATM,debit,20000,Other bank ATM,,ATM withdrawal,successful,yes,,no,,,,ENT609683933313,1058500
TXN-000162,CUS-0014,9922264686,2026-09-10 12:42,POS,debit,7800,Mama Put Kitchen,,POS purchase,successful,yes,,,,,,ENT317187434786,198900
TXN-002195,CUS-0179,9929958470,2026-09-10 12:57,TRANSFER,debit,50000,Godwin A*******i,Fictional Trust Bank,Transfer,successful,yes,yes,,,,,ENT697700999756,191000
TXN-002053,CUS-0168,9989354914,2026-09-10 13:18,POS,debit,3500,Lekki Luxury Stores,,POS purchase,successful,yes,,,,,,ENT994524970799,2708700
TXN-004634,CUS-0376,9965266631,2026-09-10 13:22,WEB,debit,4500,StreamFlix (fictional),,Online card payment,successful,yes,,,,,,ENT750692958451,509300
TXN-000668,CUS-0055,9915202994,2026-09-10 13:33,POS,debit,22000,Market Stall POS,,POS purchase,successful,yes,,,,,,ENT366023970666,1117000
TXN-005626,CUS-0456,9972514839,2026-09-10 13:53,TRANSFER,debit,10000,Folake O*****o,Sample Savings Bank,Transfer,successful,yes,yes,,,,,ENT868315557281,716700
TXN-002299,CUS-0187,9956885470,2026-09-10 13:55,WEB,debit,9900,QuickBuy Online (fictional),,Online card payment,successful,yes,,,,,,ENT583169173012,2627600
TXN-006096,CUS-0493,9914772348,2026-09-10 14:07,POS,debit,12500,StreamFlix (fictional),,POS purchase,successful,yes,,,,,,ENT528172138919,1163700
TXN-005115,CUS-0414,9977024396,2026-09-10 14:23,POS,debit,22000,Bolt-like Rides (fictional),,POS purchase,successful,yes,,,,,,ENT577388440855,2708500
TXN-004146,CUS-0337,9928921183,2026-09-10 14:26,POS,debit,12500,Market Stall POS,,POS purchase,successful,yes,,,,,,ENT946685373738,3047000
TXN-001793,CUS-0147,9900546598,2026-09-10 14:27,POS,debit,1500,Mama Put Kitchen,,POS purchase,successful,yes,,,,,,ENT563063961402,1596200
TXN-005635,CUS-0456,9972514839,2026-09-10 14:30,USSD,debit,5000,Airtime (fictional network),,Airtime purchase,successful,yes,,,,,,ENT483071653453,711700
TXN-000788,CUS-0065,9977605538,2026-09-10 14:37,TRANSFER,debit,10000,Grace U**h,Quick Fictional Bank,Transfer,successful,yes,yes,,,,,ENT278342249740,1243200
TXN-005825,CUS-0471,9943902366,2026-09-10 14:44,POS,debit,45000,QuickBuy Online (fictional),,POS purchase,successful,yes,,,,,,ENT920570688397,45000
TXN-001259,CUS-0104,9910528659,2026-09-10 15:05,ATM,debit,40000,Other bank ATM,,ATM withdrawal,successful,yes,,no,,,,ENT984827205338,735500
TXN-000186,CUS-0016,9982141621,2026-09-10 15:57,POS,debit,1500,Lekki Luxury Stores,,POS purchase,successful,yes,,,,,,ENT774524553726,485500
TXN-000897,CUS-0074,9981299914,2026-09-10 15:58,USSD,debit,1000,Airtime (fictional network),,Airtime purchase,successful,yes,,,,,,ENT553127088280,202500
TXN-001300,CUS-0107,9961387303,2026-09-10 16:22,TRANSFER,debit,50000,Aminu O******i,Fictional Trust Bank,Transfer,successful,yes,yes,,,,,ENT610062773072,388100
TXN-001618,CUS-0132,9913900264,2026-09-10 16:34,WEB,debit,9900,StreamFlix (fictional),,Online card payment,successful,yes,,,,,,ENT492359940631,2657100
TXN-001321,CUS-0109,9926445274,2026-09-10 16:45,POS,debit,12500,Pharmacy Plus (fictional),,POS purchase,successful,yes,,,,,,ENT630080464291,429500
TXN-005391,CUS-0437,9935652556,2026-09-10 17:10,TRANSFER,debit,35000,Ikenna O******e,Placeholder Bank,Transfer,successful,yes,yes,,,,,ENT880435570058,1202700
TXN-005407,CUS-0438,9912614443,2026-09-10 17:57,TRANSFER,debit,5000,Blessing N***u,Fictional Trust Bank,Transfer,successful,yes,yes,,,,,ENT551033801386,3183200
TXN-004854,CUS-0393,9978315160,2026-09-10 18:03,ATM,debit,20000,Other bank ATM,,ATM withdrawal,successful,yes,,no,,,,ENT621372538252,487500
TXN-005380,CUS-0436,9957764503,2026-09-10 18:36,POS,debit,45000,StreamFlix (fictional),,POS purchase,successful,yes,,,,,,ENT682035077508,1556400
TXN-001246,CUS-0103,9949574415,2026-09-10 18:41,USSD,debit,1000,Airtime (fictional network),,Airtime purchase,successful,yes,,,,,,ENT782674179314,617000
TXN-005797,CUS-0469,9968933238,2026-09-10 18:56,TRANSFER,debit,20000,Grace B****y,Placeholder Bank,Transfer,successful,yes,yes,,,,,ENT226397480625,400900
TXN-002704,CUS-0219,9930963627,2026-09-10 19:22,ATM,debit,20000,ENTIN ATM,,ATM withdrawal,successful,yes,,yes,,,,ENT107739085926,29700
TXN-005300,CUS-0430,9922159393,2026-09-10 19:33,USSD,debit,5000,Airtime (fictional network),,Airtime purchase,successful,yes,,,,,,ENT508087399325,105700
TXN-004930,CUS-0399,9942983565,2026-09-10 20:03,TRANSFER,debit,35000,Ikenna O*u,Placeholder Bank,Transfer,successful,yes,yes,,,,,ENT324645026484,506600
TXN-001741,CUS-0143,9964197110,2026-09-10 20:17,TRANSFER,debit,100000,Yusuf D*****a,Quick Fictional Bank,Transfer,successful,yes,yes,,,,,ENT600364694842,1475200
TXN-001124,CUS-0093,9969795168,2026-09-10 20:21,POS,debit,1500,StreamFlix (fictional),,POS purchase,successful,yes,,,,,,ENT491279482296,2778500
TXN-001409,CUS-0116,9962245900,2026-09-10 20:40,POS,debit,7800,ShopRite-like Store (fictional),,POS purchase,successful,yes,,,,,,ENT715998313585,1629300
TXN-003143,CUS-0253,9919879915,2026-09-10 20:45,POS,debit,7800,Filling Station (fictional),,POS purchase,successful,yes,,,,,,ENT225918807756,293900
TXN-003210,CUS-0259,9978482991,2026-09-10 20:52,TRANSFER,debit,100000,Esther I*e,Sample Savings Bank,Transfer,successful,yes,yes,,,,,ENT214937327168,304000
TXN-004823,CUS-0391,9920137304,2026-09-10 21:29,TRANSFER,debit,50000,Funke N***u,Placeholder Bank,Transfer,successful,yes,yes,,,,,ENT783130590159,908000
TXN-004368,CUS-0355,9924902182,2026-09-10 21:46,ATM,debit,10000,ENTIN ATM,,ATM withdrawal,successful,yes,,yes,,,,ENT643799975121,185000
TXN-003971,CUS-0322,9949912955,2026-09-10 21:57,POS,debit,45000,Bolt-like Rides (fictional),,POS purchase,successful,yes,,,,,,ENT655605725857,2608700
TXN-003202,CUS-0258,9911119929,2026-09-10 21:58,POS,debit,1500,Lekki Luxury Stores,,POS purchase,successful,yes,,,,,,ENT774276332557,1651700
TXN-003281,CUS-0265,9913982658,2026-09-10 22:04,POS,debit,7800,StreamFlix (fictional),,POS purchase,successful,yes,,,,,,ENT238165612760,466700
TXN-003283,CUS-0265,9913982658,2026-09-10 22:09,ATM,debit,40000,ENTIN ATM,,ATM withdrawal,successful,yes,,yes,,,,ENT177357233644,426700
TXN-002167,CUS-0177,9940024094,2026-09-10 23:16,ATM,debit,20000,ENTIN ATM,,ATM withdrawal,successful,yes,,yes,,,,ENT207445554941,519200
TXN-006108,CUS-0494,9961232402,2026-09-10 23:44,ATM,debit,20000,ENTIN ATM,,ATM withdrawal,successful,yes,,yes,,,,ENT200979722662,391500
TXN-001692,CUS-0138,9902372961,2026-09-11 00:14,WEB,debit,4500,Lekki Luxury Stores,,Online card payment,successful,yes,,,,,,ENT631037396411,943700
TXN-005782,CUS-0468,9916264223,2026-09-11 00:48,TRANSFER,debit,50000,Aminu C****u,Placeholder Bank,Transfer,successful,yes,yes,,,,,ENT552623766546,1461000
TXN-003624,CUS-0293,9928185458,2026-09-11 00:51,TRANSFER,debit,35000,Grace O*****o,Sample Savings Bank,Transfer,successful,yes,yes,,,,,ENT622686901406,640600
TXN-005543,CUS-0449,9921814877,2026-09-11 01:19,POS,debit,12500,ShopRite-like Store (fictional),,POS purchase,successful,yes,,,,,,ENT827398707036,533700
TXN-004666,CUS-0378,9920862512,2026-09-11 01:23,POS,debit,12500,Lekki Luxury Stores,,POS purchase,successful,yes,,,,,,ENT201434564398,3018200
TXN-002101,CUS-0171,9983851534,2026-09-11 01:57,TRANSFER,debit,10000,Kunle B***o,Placeholder Bank,Transfer,successful,yes,yes,,,,,ENT535817669958,884800
TXN-002754,CUS-0223,9973866346,2026-09-11 02:31,TRANSFER,debit,50000,Adaeze U**h,Quick Fictional Bank,Transfer,successful,yes,yes,,,,,ENT475988870249,19700
TXN-006045,CUS-0489,9904477391,2026-09-11 02:53,WEB,debit,4500,QuickBuy Online (fictional),,Online card payment,successful,yes,,,,,,ENT106419824749,140700
TXN-002635,CUS-0214,9980024371,2026-09-11 02:57,ATM,debit,10000,Other bank ATM,,ATM withdrawal,successful,yes,,no,,,,ENT321096726466,972400
TXN-001435,CUS-0118,9975049979,2026-09-11 03:32,ATM,debit,20000,ENTIN ATM,,ATM withdrawal,successful,yes,,yes,,,,ENT692254438406,450500
TXN-001629,CUS-0133,9965679951,2026-09-11 03:41,ATM,debit,10000,Other bank ATM,,ATM withdrawal,successful,yes,,no,,,,ENT889621422955,185000
TXN-004144,CUS-0337,9928921183,2026-09-11 03:48,POS,debit,3500,Filling Station (fictional),,POS purchase,successful,yes,,,,,,ENT423749927730,3043500
TXN-003056,CUS-0246,9985384634,2026-09-11 04:08,TRANSFER,debit,35000,Seun C****u,Sample Savings Bank,Transfer,successful,yes,yes,,,,,ENT419641171901,2606800
TXN-002509,CUS-0204,9937567822,2026-09-11 04:16,POS,debit,45000,Mama Put Kitchen,,POS purchase,successful,yes,,,,,,ENT558142795452,498600
TXN-002625,CUS-0213,9943848714,2026-09-11 04:24,ATM,debit,20000,ENTIN ATM,,ATM withdrawal,successful,yes,,yes,,,,ENT283728448475,737500
TXN-003192,CUS-0257,9903889054,2026-09-11 04:25,TRANSFER,debit,35000,Nkechi E****g,Quick Fictional Bank,Transfer,successful,yes,yes,,,,,ENT535810057460,1123200
TXN-000214,CUS-0018,9946450604,2026-09-11 04:57,POS,debit,3500,ShopRite-like Store (fictional),,POS purchase,successful,yes,,,,,,ENT476189329395,174000
TXN-005434,CUS-0440,9953918603,2026-09-11 05:05,POS,debit,3500,Lekki Luxury Stores,,POS purchase,successful,yes,,,,,,ENT395646156025,519600
TXN-001962,CUS-0160,9945997181,2026-09-11 05:21,TRANSFER,debit,35000,Patience I***s,Fictional Trust Bank,Transfer,successful,yes,yes,,,,,ENT170577177666,401500
TXN-001865,CUS-0153,9979262701,2026-09-11 05:35,ATM,debit,20000,Other bank ATM,,ATM withdrawal,successful,yes,,no,,,,ENT477850378203,400500
TXN-001110,CUS-0092,9995444615,2026-09-11 05:58,WEB,debit,2500,Lekki Luxury Stores,,Online card payment,successful,yes,,,,,,ENT901031516268,1593200
TXN-005552,CUS-0450,9931478410,2026-09-11 06:28,WEB,debit,4500,StreamFlix (fictional),,Online card payment,successful,yes,,,,,,ENT451117828008,415500
TXN-005368,CUS-0435,9996618422,2026-09-11 06:46,POS,debit,45000,QuickBuy Online (fictional),,POS purchase,successful,yes,,,,,,ENT102910773689,222000
TXN-005244,CUS-0425,9940818369,2026-09-11 06:47,TRANSFER,debit,35000,Obinna C****u,Quick Fictional Bank,Transfer,successful,yes,yes,,,,,ENT721424962659,472500
TXN-000333,CUS-0028,9955696327,2026-09-11 07:13,TRANSFER,debit,20000,Ese B***o,Sample Savings Bank,Transfer,successful,yes,yes,,,,,ENT979446998562,294700
TXN-004338,CUS-0352,9911574849,2026-09-11 07:13,USSD,debit,1000,Airtime (fictional network),,Airtime purchase,successful,yes,,,,,,ENT212547862947,1324000
TXN-003158,CUS-0254,9910485144,2026-09-11 07:18,ATM,debit,20000,Other bank ATM,,ATM withdrawal,successful,yes,,no,,,,ENT398745798557,2028700
TXN-004522,CUS-0367,9951406955,2026-09-11 07:46,TRANSFER,debit,100000,Segun A*****a,Demo Microfinance Bank,Transfer,successful,yes,yes,,,,,ENT570498464836,2786200
TXN-003059,CUS-0247,9956338649,2026-09-11 07:59,POS,debit,12500,Mama Put Kitchen,,POS purchase,successful,yes,,,,,,ENT941796341501,195700
TXN-005964,CUS-0483,9956134913,2026-09-11 08:03,POS,debit,45000,QuickBuy Online (fictional),,POS purchase,successful,yes,,,,,,ENT704925856189,109500
TXN-003556,CUS-0287,9969449775,2026-09-11 08:12,TRANSFER,debit,10000,Joy S**e,Quick Fictional Bank,Transfer,successful,yes,yes,,,,,ENT673259546848,294500
TXN-005590,CUS-0453,9912705740,2026-09-11 08:57,WEB,debit,2500,Bolt-like Rides (fictional),,Online card payment,successful,yes,,,,,,ENT184392597005,1102700
TXN-003844,CUS-0311,9977866026,2026-09-11 09:07,TRANSFER,debit,100000,Aisha L***l,Fictional Trust Bank,Transfer,successful,yes,yes,,,,,ENT425833922998,331100
TXN-006116,CUS-0494,9961232402,2026-09-11 09:25,ATM,debit,40000,ENTIN ATM,,ATM withdrawal,successful,yes,,yes,,,,ENT813306126633,351500
TXN-003448,CUS-0278,9932946850,2026-09-11 09:48,TRANSFER,debit,35000,Ikenna A*****i,Quick Fictional Bank,Transfer,successful,yes,yes,,,,,ENT869992397378,1311700
TXN-000457,CUS-0038,9928667534,2026-09-11 10:00,TRANSFER,debit,5000,Funke B****y,Placeholder Bank,Transfer,successful,yes,yes,,,,,ENT458211140770,314000
TXN-004931,CUS-0399,9942983565,2026-09-11 10:18,TRANSFER,debit,100000,Titilayo U**r,Sample Savings Bank,Transfer,successful,yes,yes,,,,,ENT175171409722,406600
TXN-004189,CUS-0341,9911918995,2026-09-11 10:27,POS,debit,3500,Lekki Luxury Stores,,POS purchase,successful,yes,,,,,,ENT151306014744,245700
TXN-000202,CUS-0017,9946001304,2026-09-11 10:56,USSD,debit,2000,Airtime (fictional network),,Airtime purchase,successful,yes,,,,,,ENT251089801114,240000
TXN-004151,CUS-0337,9928921183,2026-09-11 11:42,TRANSFER,debit,20000,Wale O******i,Sample Savings Bank,Transfer,successful,yes,yes,,,,,ENT563603350742,3023500
TXN-003117,CUS-0251,9972251933,2026-09-11 11:56,TRANSFER,debit,100000,Chinedu A*****i,Placeholder Bank,Transfer,successful,yes,yes,,,,,ENT487251479960,136000
TXN-005428,CUS-0440,9953918603,2026-09-11 11:58,POS,debit,1500,StreamFlix (fictional),,POS purchase,successful,yes,,,,,,ENT879483414298,518100
TXN-005439,CUS-0441,9989912305,2026-09-11 12:17,ATM,debit,40000,Other bank ATM,,ATM withdrawal,successful,yes,,no,,,,ENT339193404612,191000
TXN-006076,CUS-0491,9971365877,2026-09-11 12:19,TRANSFER,debit,20000,Idara O*****o,Demo Microfinance Bank,Transfer,successful,yes,yes,,,,,ENT213092888951,1039200
TXN-005575,CUS-0452,9921145268,2026-09-11 12:20,TRANSFER,debit,20000,Victor O******i,Placeholder Bank,Transfer,successful,yes,yes,,,,,ENT781779078942,498200
TXN-001530,CUS-0125,9939285100,2026-09-11 12:27,POS,debit,45000,Mama Put Kitchen,,POS purchase,successful,yes,,,,,,ENT265510547900,990000
TXN-004816,CUS-0390,9910397222,2026-09-11 12:49,POS,debit,3500,Mama Put Kitchen,,POS purchase,successful,yes,,,,,,ENT878907503982,571500
TXN-002964,CUS-0239,9963646907,2026-09-11 12:53,TRANSFER,debit,10000,Emeka A*****o,Quick Fictional Bank,Transfer,successful,yes,yes,,,,,ENT956177503254,432500
TXN-002159,CUS-0176,9948340783,2026-09-11 13:33,USSD,debit,500,Airtime (fictional network),,Airtime purchase,successful,yes,,,,,,ENT569700121009,299000
TXN-005000,CUS-0405,9968853106,2026-09-11 13:46,USSD,debit,2000,Airtime (fictional network),,Airtime purchase,successful,yes,,,,,,ENT774447048601,520700
TXN-000822,CUS-0068,9934217233,2026-09-11 14:11,USSD,debit,500,Airtime (fictional network),,Airtime purchase,successful,yes,,,,,,ENT725174713915,679000
TXN-004423,CUS-0359,9954494020,2026-09-11 15:26,USSD,debit,500,Airtime (fictional network),,Airtime purchase,successful,yes,,,,,,ENT777093732265,1000200
TXN-002436,CUS-0198,9908529541,2026-09-11 15:33,TRANSFER,debit,10000,Maryam A*******i,Quick Fictional Bank,Transfer,successful,yes,yes,,,,,ENT787153261497,267000
TXN-003723,CUS-0301,9969065643,2026-09-11 16:18,TRANSFER,debit,5000,Precious A*****i,Demo Microfinance Bank,Transfer,successful,yes,yes,,,,,ENT316502152421,316000
TXN-002495,CUS-0203,9911235217,2026-09-11 16:35,POS,debit,22000,Market Stall POS,,POS purchase,successful,yes,,,,,,ENT429317914331,114500
TXN-004952,CUS-0401,9916928668,2026-09-11 17:02,TRANSFER,debit,10000,Grace O******e,Placeholder Bank,Transfer,successful,yes,yes,,,,,ENT727129247464,159700
TXN-000968,CUS-0080,9903022502,2026-09-11 17:05,WEB,debit,2500,StreamFlix (fictional),,Online card payment,successful,yes,,,,,,ENT415130349189,140100
TXN-005882,CUS-0476,9990474627,2026-09-11 17:13,ATM,debit,20000,ENTIN ATM,,ATM withdrawal,successful,yes,,yes,,,,ENT584786652509,3040300
TXN-004719,CUS-0383,9903971634,2026-09-11 17:14,TRANSFER,debit,5000,Bello A*****i,Demo Microfinance Bank,Transfer,successful,yes,yes,,,,,ENT431919665802,1097000
TXN-003769,CUS-0305,9912573853,2026-09-11 17:29,POS,debit,7800,Market Stall POS,,POS purchase,successful,yes,,,,,,ENT305728880319,237200
TXN-005366,CUS-0435,9996618422,2026-09-11 18:20,USSD,debit,500,Airtime (fictional network),,Airtime purchase,successful,yes,,,,,,ENT290030840268,221500
TXN-004307,CUS-0350,9941377678,2026-09-11 18:40,ATM,debit,10000,Other bank ATM,,ATM withdrawal,successful,yes,,no,,,,ENT535677875500,1928900
TXN-000541,CUS-0045,9921430490,2026-09-11 18:43,USSD,debit,5000,Airtime (fictional network),,Airtime purchase,successful,yes,,,,,,ENT820590541700,3675500
TXN-005183,CUS-0420,9939184404,2026-09-11 19:18,POS,debit,3500,ShopRite-like Store (fictional),,POS purchase,successful,yes,,,,,,ENT482933848863,1079500
TXN-003700,CUS-0299,9903987204,2026-09-11 19:24,POS,debit,12500,Bolt-like Rides (fictional),,POS purchase,successful,yes,,,,,,ENT619631539118,235200
TXN-003639,CUS-0294,9981044386,2026-09-11 19:40,WEB,debit,15000,StreamFlix (fictional),,Online card payment,successful,yes,,,,,,ENT107307852500,2487500
TXN-002881,CUS-0233,9907462096,2026-09-11 19:46,POS,debit,3500,ShopRite-like Store (fictional),,POS purchase,successful,yes,,,,,,ENT239888994839,1250000
TXN-006081,CUS-0492,9909587010,2026-09-11 19:54,USSD,debit,5000,Airtime (fictional network),,Airtime purchase,successful,yes,,,,,,ENT526261640055,2062700
TXN-001829,CUS-0150,9986703642,2026-09-11 20:07,POS,debit,7800,Filling Station (fictional),,POS purchase,successful,yes,,,,,,ENT846407216958,1628700
TXN-000009,CUS-0001,9913998698,2026-09-11 20:09,WEB,debit,4500,QuickBuy Online (fictional),,Online card payment,successful,yes,,,,,,ENT639367092917,296500
TXN-006066,CUS-0491,9971365877,2026-09-11 20:41,USSD,debit,2000,Airtime (fictional network),,Airtime purchase,successful,yes,,,,,,ENT912105241440,1037200
TXN-001927,CUS-0158,9916441320,2026-09-11 21:01,POS,debit,12500,Filling Station (fictional),,POS purchase,successful,yes,,,,,,ENT542191253109,1571500
TXN-003588,CUS-0290,9927406438,2026-09-11 21:20,ATM,debit,40000,ENTIN ATM,,ATM withdrawal,successful,yes,,yes,,,,ENT949724257103,1019400
TXN-003332,CUS-0269,9936756441,2026-09-11 21:22,POS,debit,22000,Filling Station (fictional),,POS purchase,successful,yes,,,,,,ENT636035761411,3160000
TXN-005443,CUS-0441,9989912305,2026-09-11 21:25,POS,debit,45000,Filling Station (fictional),,POS purchase,successful,yes,,,,,,ENT357527997423,146000
TXN-006055,CUS-0490,9997818827,2026-09-11 21:29,TRANSFER,debit,20000,Kunle N***i,Placeholder Bank,Transfer,successful,yes,yes,,,,,ENT377720685207,939500
TXN-005927,CUS-0480,9952051483,2026-09-11 21:39,USSD,debit,5000,Airtime (fictional network),,Airtime purchase,successful,yes,,,,,,ENT179927607315,3698900
TXN-001343,CUS-0110,9951521657,2026-09-11 21:40,WEB,debit,9900,StreamFlix (fictional),,Online card payment,successful,yes,,,,,,ENT588695826581,2612600
TXN-005656,CUS-0458,9904367085,2026-09-11 22:34,POS,debit,22000,Market Stall POS,,POS purchase,successful,yes,,,,,,ENT686304102105,234900
TXN-000581,CUS-0048,9972987112,2026-09-11 22:35,POS,debit,7800,Filling Station (fictional),,POS purchase,successful,yes,,,,,,ENT899206043597,3122200
TXN-000215,CUS-0018,9946450604,2026-09-11 23:32,USSD,debit,2000,Airtime (fictional network),,Airtime purchase,successful,yes,,,,,,ENT123395669825,172000
TXN-001790,CUS-0147,9900546598,2026-09-11 23:49,ATM,debit,20000,Other bank ATM,,ATM withdrawal,successful,yes,,no,,,,ENT609586079901,1576200
TXN-005958,CUS-0482,9931572769,2026-09-11 23:54,ATM,debit,10000,Other bank ATM,,ATM withdrawal,successful,yes,,no,,,,ENT358288048435,847000
TXN-000373,CUS-0031,9984951838,2026-09-12 00:14,POS,debit,12500,Bolt-like Rides (fictional),,POS purchase,successful,yes,,,,,,ENT566298267110,502600
TXN-004355,CUS-0354,9973080669,2026-09-12 00:15,POS,debit,45000,Pharmacy Plus (fictional),,POS purchase,successful,yes,,,,,,ENT911496873759,82200
TXN-003272,CUS-0264,9910453125,2026-09-12 00:32,POS,debit,1500,Bolt-like Rides (fictional),,POS purchase,successful,yes,,,,,,ENT502367343648,138500
TXN-004751,CUS-0385,9986616742,2026-09-12 00:33,POS,debit,7800,Lekki Luxury Stores,,POS purchase,successful,yes,,,,,,ENT638597334069,2662900
TXN-006085,CUS-0492,9909587010,2026-09-12 01:04,USSD,debit,1000,Airtime (fictional network),,Airtime purchase,successful,yes,,,,,,ENT683128681920,2061700
TXN-001071,CUS-0089,9995292074,2026-09-12 01:08,USSD,debit,1000,Airtime (fictional network),,Airtime purchase,successful,yes,,,,,,ENT758350782169,1246300
TXN-003765,CUS-0305,9912573853,2026-09-12 01:13,ATM,debit,40000,ENTIN ATM,,ATM withdrawal,successful,yes,,yes,,,,ENT205008864127,197200
TXN-001874,CUS-0154,9973621841,2026-09-12 01:29,POS,debit,22000,StreamFlix (fictional),,POS purchase,successful,yes,,,,,,ENT719967359190,528000
TXN-001220,CUS-0101,9971745143,2026-09-12 01:31,ATM,debit,20000,Other bank ATM,,ATM withdrawal,successful,yes,,no,,,,ENT373745051420,2531500
TXN-003438,CUS-0277,9900602652,2026-09-12 01:40,TRANSFER,debit,20000,Chiamaka O*****e,Placeholder Bank,Transfer,successful,yes,yes,,,,,ENT955423832649,969500
TXN-005187,CUS-0420,9939184404,2026-09-12 01:44,TRANSFER,debit,50000,Joy S***u,Quick Fictional Bank,Transfer,successful,yes,yes,,,,,ENT158602789667,1029500
TXN-005930,CUS-0480,9952051483,2026-09-12 01:46,POS,debit,45000,Pharmacy Plus (fictional),,POS purchase,successful,yes,,,,,,ENT877538750073,3653900
TXN-006185,CUS-0500,9934447608,2026-09-12 02:00,USSD,debit,2000,Airtime (fictional network),,Airtime purchase,successful,yes,,,,,,ENT355715541806,884700
TXN-000222,CUS-0019,9953801291,2026-09-12 03:05,WEB,debit,9900,StreamFlix (fictional),,Online card payment,successful,yes,,,,,,ENT516856746767,431800
TXN-004531,CUS-0367,9951406955,2026-09-12 03:28,TRANSFER,debit,50000,Ibrahim L***l,Placeholder Bank,Transfer,successful,yes,yes,,,,,ENT841978331419,2736200
TXN-000751,CUS-0062,9913785222,2026-09-12 04:18,TRANSFER,debit,50000,Usman A*****i,Sample Savings Bank,Transfer,successful,yes,yes,,,,,ENT122846738808,1508200
TXN-004904,CUS-0397,9939504343,2026-09-12 04:43,WEB,debit,2500,QuickBuy Online (fictional),,Online card payment,successful,yes,,,,,,ENT791604762017,2520400
TXN-000533,CUS-0044,9933042845,2026-09-12 04:56,ATM,debit,20000,Other bank ATM,,ATM withdrawal,successful,yes,,no,,,,ENT699641750346,991600
TXN-002952,CUS-0238,9937467651,2026-09-12 04:59,POS,debit,3500,Market Stall POS,,POS purchase,successful,yes,,,,,,ENT842671222896,182900
TXN-004599,CUS-0373,9932052387,2026-09-12 05:06,POS,debit,3500,Market Stall POS,,POS purchase,successful,yes,,,,,,ENT826249536330,377200
TXN-001428,CUS-0117,9925219607,2026-09-12 06:02,USSD,debit,2000,Airtime (fictional network),,Airtime purchase,successful,yes,,,,,,ENT745117991118,690200
TXN-001390,CUS-0114,9944317367,2026-09-12 06:05,TRANSFER,debit,50000,Sani O******e,Fictional Trust Bank,Transfer,successful,yes,yes,,,,,ENT984684227010,267000
TXN-004299,CUS-0349,9918348045,2026-09-12 06:06,POS,debit,3500,Lekki Luxury Stores,,POS purchase,successful,yes,,,,,,ENT321208734507,471500
TXN-001540,CUS-0126,9983579996,2026-09-12 06:38,USSD,debit,500,Airtime (fictional network),,Airtime purchase,successful,yes,,,,,,ENT688424849116,1109000
TXN-003540,CUS-0286,9930900140,2026-09-12 06:43,POS,debit,45000,Filling Station (fictional),,POS purchase,successful,yes,,,,,,ENT195798719333,2522000
TXN-002579,CUS-0209,9986925245,2026-09-12 06:44,TRANSFER,debit,50000,Bello B****e,Quick Fictional Bank,Transfer,successful,yes,yes,,,,,ENT627070417289,631000
TXN-000734,CUS-0061,9923524013,2026-09-12 06:51,TRANSFER,debit,20000,Grace E**t,Demo Microfinance Bank,Transfer,successful,yes,yes,,,,,ENT280029804476,2653000
TXN-003980,CUS-0323,9954538030,2026-09-12 06:58,TRANSFER,debit,50000,Ikenna M**a,Fictional Trust Bank,Transfer,successful,yes,yes,,,,,ENT412069690414,1131300
TXN-005414,CUS-0438,9912614443,2026-09-12 07:36,TRANSFER,debit,5000,Ifeanyi A*****a,Placeholder Bank,Transfer,successful,yes,yes,,,,,ENT253703631032,3178200
TXN-001100,CUS-0091,9981013315,2026-09-12 07:43,POS,debit,45000,Mama Put Kitchen,,POS purchase,successful,yes,,,,,,ENT926636786425,1162500
TXN-000391,CUS-0033,9940720754,2026-09-12 07:58,POS,debit,7800,Bolt-like Rides (fictional),,POS purchase,successful,yes,,,,,,ENT972229534981,1561200
TXN-002594,CUS-0210,9911316159,2026-09-12 08:08,ATM,debit,20000,ENTIN ATM,,ATM withdrawal,successful,yes,,yes,,,,ENT474113846269,2107500
TXN-001162,CUS-0096,9991804418,2026-09-12 08:10,TRANSFER,debit,50000,Chinedu B****y,Demo Microfinance Bank,Transfer,successful,yes,yes,,,,,ENT401542923625,430000
TXN-005369,CUS-0435,9996618422,2026-09-12 08:40,ATM,debit,20000,Other bank ATM,,ATM withdrawal,successful,yes,,no,,,,ENT529090328765,201500
TXN-000828,CUS-0069,9935953494,2026-09-12 09:11,TRANSFER,debit,20000,Hauwa N***i,Demo Microfinance Bank,Transfer,successful,yes,yes,,,,,ENT698543650154,2040700
TXN-004143,CUS-0337,9928921183,2026-09-12 10:06,TRANSFER,debit,10000,Efe S**e,Demo Microfinance Bank,Transfer,successful,yes,yes,,,,,ENT389479554808,3013500
TXN-002652,CUS-0215,9948992789,2026-09-12 10:12,POS,debit,3500,Lekki Luxury Stores,,POS purchase,successful,yes,,,,,,ENT272998219151,186700
TXN-004830,CUS-0391,9920137304,2026-09-12 10:28,ATM,debit,40000,Other bank ATM,,ATM withdrawal,successful,yes,,no,,,,ENT866481605520,868000
TXN-001929,CUS-0158,9916441320,2026-09-12 10:54,ATM,debit,10000,Other bank ATM,,ATM withdrawal,successful,yes,,no,,,,ENT875614313161,1561500
TXN-005823,CUS-0471,9943902366,2026-09-12 10:55,TRANSFER,debit,20000,Lola E****g,Fictional Trust Bank,Transfer,successful,yes,yes,,,,,ENT401941834349,25000
TXN-003085,CUS-0249,9911871482,2026-09-12 11:11,POS,debit,12500,Market Stall POS,,POS purchase,successful,yes,,,,,,ENT290904392119,314000
TXN-002424,CUS-0197,9999876763,2026-09-12 11:31,ATM,debit,20000,Other bank ATM,,ATM withdrawal,successful,yes,,no,,,,ENT186245970341,1055500
TXN-003691,CUS-0298,9994675331,2026-09-12 11:35,POS,debit,12500,Pharmacy Plus (fictional),,POS purchase,successful,yes,,,,,,ENT462907106711,1692500
TXN-001337,CUS-0110,9951521657,2026-09-12 12:16,POS,debit,7800,QuickBuy Online (fictional),,POS purchase,successful,yes,,,,,,ENT647988231391,2604800
TXN-005170,CUS-0419,9947242692,2026-09-12 12:29,POS,debit,45000,QuickBuy Online (fictional),,POS purchase,successful,yes,,,,,,ENT236937467749,1084400
TXN-003099,CUS-0250,9922213933,2026-09-12 13:15,TRANSFER,debit,10000,Emmanuel O******i,Quick Fictional Bank,Transfer,successful,yes,yes,,,,,ENT843055722740,532500
TXN-002545,CUS-0207,9954079211,2026-09-12 13:32,TRANSFER,debit,20000,Bello U**h,Quick Fictional Bank,Transfer,successful,yes,yes,,,,,ENT532153044397,456700
TXN-002250,CUS-0183,9902993351,2026-09-12 14:00,POS,debit,3500,StreamFlix (fictional),,POS purchase,successful,yes,,,,,,ENT683925987696,2383000
TXN-004821,CUS-0391,9920137304,2026-09-12 14:10,POS,debit,3500,Pharmacy Plus (fictional),,POS purchase,successful,yes,,,,,,ENT465185289604,864500
TXN-000558,CUS-0046,9968179223,2026-09-12 14:56,WEB,debit,2500,StreamFlix (fictional),,Online card payment,successful,yes,,,,,,ENT765460282179,941200
TXN-000041,CUS-0003,9944729405,2026-09-12 15:02,POS,debit,22000,ShopRite-like Store (fictional),,POS purchase,successful,yes,,,,,,ENT948044270689,419100
TXN-005127,CUS-0415,9933680819,2026-09-12 15:17,USSD,debit,2000,Airtime (fictional network),,Airtime purchase,successful,yes,,,,,,ENT227782413229,452000
TXN-003363,CUS-0271,9915845459,2026-09-12 15:51,ATM,debit,10000,Other bank ATM,,ATM withdrawal,successful,yes,,no,,,,ENT412448545625,481500
TXN-002130,CUS-0173,9937785973,2026-09-12 16:04,ATM,debit,20000,ENTIN ATM,,ATM withdrawal,successful,yes,,yes,,,,ENT676861196258,887000
TXN-003618,CUS-0293,9928185458,2026-09-12 16:31,POS,debit,45000,StreamFlix (fictional),,POS purchase,successful,yes,,,,,,ENT677996350390,595600
TXN-002146,CUS-0175,9903136249,2026-09-12 16:42,TRANSFER,debit,20000,Mercy O*****o,Fictional Trust Bank,Transfer,successful,yes,yes,,,,,ENT464638806610,451000
TXN-000633,CUS-0052,9965013327,2026-09-12 16:45,TRANSFER,debit,5000,Bisola L***l,Placeholder Bank,Transfer,successful,yes,yes,,,,,ENT873829313237,2451900
TXN-003814,CUS-0309,9907735405,2026-09-12 16:52,POS,debit,22000,StreamFlix (fictional),,POS purchase,successful,yes,,,,,,ENT961337246593,1581800
TXN-001846,CUS-0151,9923911317,2026-09-12 17:20,TRANSFER,debit,35000,Tunde N***i,Fictional Trust Bank,Transfer,successful,yes,yes,,,,,ENT386032404707,994500
TXN-000718,CUS-0059,9990421631,2026-09-12 17:27,USSD,debit,500,Airtime (fictional network),,Airtime purchase,successful,yes,,,,,,ENT562930045445,1397000
TXN-001659,CUS-0136,9972130516,2026-09-12 17:35,POS,debit,22000,Market Stall POS,,POS purchase,successful,yes,,,,,,ENT264936096410,411000
TXN-000711,CUS-0059,9990421631,2026-09-12 18:08,USSD,debit,5000,Airtime (fictional network),,Airtime purchase,successful,yes,,,,,,ENT411755351451,1392000
TXN-000154,CUS-0013,9918603208,2026-09-12 18:14,POS,debit,12500,Mama Put Kitchen,,POS purchase,successful,yes,,,,,,ENT852833583316,1100500
TXN-003612,CUS-0292,9969206472,2026-09-12 18:18,POS,debit,3500,Market Stall POS,,POS purchase,successful,yes,,,,,,ENT650748330034,843100
TXN-000961,CUS-0080,9903022502,2026-09-12 18:41,ATM,debit,10000,Other bank ATM,,ATM withdrawal,successful,yes,,no,,,,ENT835043227506,130100
TXN-005331,CUS-0432,9901762982,2026-09-12 18:51,USSD,debit,1000,Airtime (fictional network),,Airtime purchase,successful,yes,,,,,,ENT814804730334,1029500
TXN-003858,CUS-0313,9946277869,2026-09-12 18:52,POS,debit,45000,Lekki Luxury Stores,,POS purchase,successful,yes,,,,,,ENT286896772889,2374500
TXN-005898,CUS-0477,9950606428,2026-09-12 19:22,POS,debit,3500,StreamFlix (fictional),,POS purchase,successful,yes,,,,,,ENT886759845032,88000
TXN-005773,CUS-0467,9930828759,2026-09-12 19:31,TRANSFER,debit,20000,Nnamdi O******e,Demo Microfinance Bank,Transfer,successful,yes,yes,,,,,ENT981562384432,2830700
TXN-000528,CUS-0044,9933042845,2026-09-12 20:22,POS,debit,3500,Pharmacy Plus (fictional),,POS purchase,successful,yes,,,,,,ENT337051614256,988100
TXN-002458,CUS-0200,9967769593,2026-09-12 20:27,ATM,debit,20000,Other bank ATM,,ATM withdrawal,successful,yes,,no,,,,ENT723371897106,2633500
TXN-003771,CUS-0305,9912573853,2026-09-12 20:30,ATM,debit,10000,ENTIN ATM,,ATM withdrawal,successful,yes,,yes,,,,ENT513252558176,187200
TXN-001531,CUS-0125,9939285100,2026-09-12 20:32,USSD,debit,1000,Airtime (fictional network),,Airtime purchase,successful,yes,,,,,,ENT611461729894,989000
TXN-000688,CUS-0057,9939955156,2026-09-12 20:57,ATM,debit,40000,ENTIN ATM,,ATM withdrawal,successful,yes,,yes,,,,ENT332494755208,1011000
TXN-001500,CUS-0123,9961205593,2026-09-12 21:02,TRANSFER,debit,50000,Adebayo O*i,Fictional Trust Bank,Transfer,successful,yes,yes,,,,,ENT155517533324,360200
TXN-005769,CUS-0467,9930828759,2026-09-12 21:04,POS,debit,12500,ShopRite-like Store (fictional),,POS purchase,successful,yes,,,,,,ENT310436351186,2818200
TXN-005448,CUS-0441,9989912305,2026-09-12 21:05,TRANSFER,debit,5000,Ngozi I**e,Sample Savings Bank,Transfer,successful,yes,yes,,,,,ENT804807077691,141000
TXN-003890,CUS-0315,9960596727,2026-09-12 21:21,ATM,debit,10000,Other bank ATM,,ATM withdrawal,successful,yes,,no,,,,ENT949689831766,1046500
TXN-004059,CUS-0330,9955477122,2026-09-12 22:23,POS,debit,3500,Lekki Luxury Stores,,POS purchase,successful,yes,,,,,,ENT847782984508,2732400
TXN-003929,CUS-0319,9964510647,2026-09-12 22:47,USSD,debit,2000,Airtime (fictional network),,Airtime purchase,successful,yes,,,,,,ENT899821616278,1151700
TXN-002590,CUS-0210,9911316159,2026-09-12 22:49,POS,debit,7800,ShopRite-like Store (fictional),,POS purchase,successful,yes,,,,,,ENT956659461740,2099700
TXN-003225,CUS-0260,9952562853,2026-09-12 23:11,TRANSFER,debit,35000,Amaka I***s,Placeholder Bank,Transfer,successful,yes,yes,,,,,ENT812638440593,187900
TXN-001696,CUS-0139,9928539598,2026-09-12 23:17,POS,debit,12500,Lekki Luxury Stores,,POS purchase,successful,yes,,,,,,ENT197270602512,3216200
TXN-004863,CUS-0394,9948693005,2026-09-12 23:19,POS,debit,3500,Market Stall POS,,POS purchase,successful,yes,,,,,,ENT661540217874,476700
TXN-001402,CUS-0115,9926627973,2026-09-12 23:23,TRANSFER,debit,50000,Efe I**e,Placeholder Bank,Transfer,successful,yes,yes,,,,,ENT384697577949,1519200
TXN-005530,CUS-0448,9949863391,2026-09-12 23:37,WEB,debit,2500,StreamFlix (fictional),,Online card payment,successful,yes,,,,,,ENT368644694563,72200
TXN-005801,CUS-0470,9929794391,2026-09-13 00:04,WEB,debit,15000,Lekki Luxury Stores,,Online card payment,successful,yes,,,,,,ENT280722334778,524100
TXN-001806,CUS-0148,9929634769,2026-09-13 00:12,POS,debit,22000,QuickBuy Online (fictional),,POS purchase,successful,yes,,,,,,ENT241681980554,404700
TXN-002387,CUS-0194,9953387952,2026-09-13 00:38,TRANSFER,debit,35000,Grace Y***f,Sample Savings Bank,Transfer,successful,yes,yes,,,,,ENT371078097630,217500
TXN-001355,CUS-0111,9960169676,2026-09-13 00:43,TRANSFER,debit,10000,Kelechi E**m,Fictional Trust Bank,Transfer,successful,yes,yes,,,,,ENT716910296279,468600
TXN-003798,CUS-0308,9937456111,2026-09-13 00:54,POS,debit,7800,QuickBuy Online (fictional),,POS purchase,successful,yes,,,,,,ENT495347680160,1032700
TXN-001839,CUS-0151,9923911317,2026-09-13 00:55,TRANSFER,debit,35000,Lola U**r,Fictional Trust Bank,Transfer,successful,yes,yes,,,,,ENT510862278029,959500
TXN-005889,CUS-0476,9990474627,2026-09-13 01:14,POS,debit,3500,Market Stall POS,,POS purchase,successful,yes,,,,,,ENT703721574215,3036800
TXN-002046,CUS-0167,9922102298,2026-09-13 01:34,TRANSFER,debit,5000,Dayo E**t,Placeholder Bank,Transfer,successful,yes,yes,,,,,ENT417595853605,958000
TXN-004561,CUS-0370,9934238589,2026-09-13 01:42,WEB,debit,2500,Lekki Luxury Stores,,Online card payment,successful,yes,,,,,,ENT661178990447,1268700
TXN-002729,CUS-0221,9995401710,2026-09-13 02:16,TRANSFER,debit,35000,Ifeanyi G***a,Quick Fictional Bank,Transfer,successful,yes,yes,,,,,ENT812893742968,750200
TXN-004053,CUS-0329,9953759147,2026-09-13 02:16,POS,debit,22000,Lekki Luxury Stores,,POS purchase,successful,yes,,,,,,ENT699920658520,142000
TXN-000102,CUS-0009,9993319084,2026-09-13 02:26,POS,debit,7800,Lekki Luxury Stores,,POS purchase,successful,yes,,,,,,ENT300586482038,3154900
TXN-000599,CUS-0049,9996745219,2026-09-13 02:54,POS,debit,3500,Filling Station (fictional),,POS purchase,successful,yes,,,,,,ENT605537312082,2040500
TXN-004461,CUS-0362,9925256262,2026-09-13 03:04,WEB,debit,9900,Bolt-like Rides (fictional),,Online card payment,successful,yes,,,,,,ENT649972633495,545600
TXN-005314,CUS-0431,9985406888,2026-09-13 03:43,ATM,debit,20000,ENTIN ATM,,ATM withdrawal,successful,yes,,yes,,,,ENT926509433592,2617500
TXN-000775,CUS-0064,9901461338,2026-09-13 03:51,POS,debit,22000,QuickBuy Online (fictional),,POS purchase,successful,yes,,,,,,ENT361764351488,503000
TXN-000397,CUS-0033,9940720754,2026-09-13 04:11,WEB,debit,9900,StreamFlix (fictional),,Online card payment,successful,yes,,,,,,ENT168715593591,1551300
TXN-004449,CUS-0361,9980291368,2026-09-13 04:14,USSD,debit,1000,Airtime (fictional network),,Airtime purchase,successful,yes,,,,,,ENT980946880939,387400
TXN-004216,CUS-0343,9922438945,2026-09-13 04:28,ATM,debit,40000,ENTIN ATM,,ATM withdrawal,successful,yes,,yes,,,,ENT656058807303,390500
TXN-001307,CUS-0108,9976125398,2026-09-13 04:51,USSD,debit,500,Airtime (fictional network),,Airtime purchase,successful,yes,,,,,,ENT951139591623,80500
TXN-003479,CUS-0281,9984118790,2026-09-13 06:33,POS,debit,22000,QuickBuy Online (fictional),,POS purchase,successful,yes,,,,,,ENT227627036802,307000
TXN-003805,CUS-0308,9937456111,2026-09-13 06:33,TRANSFER,debit,5000,Godwin E**m,Demo Microfinance Bank,Transfer,successful,yes,yes,,,,,ENT159757867081,1027700
TXN-000832,CUS-0069,9935953494,2026-09-13 06:41,WEB,debit,4500,QuickBuy Online (fictional),,Online card payment,successful,yes,,,,,,ENT958610458903,2036200
TXN-002779,CUS-0225,9910257598,2026-09-13 06:53,USSD,debit,5000,Airtime (fictional network),,Airtime purchase,successful,yes,,,,,,ENT314615928426,995500
TXN-004490,CUS-0364,9924622145,2026-09-13 07:11,TRANSFER,debit,35000,Emeka C****u,Quick Fictional Bank,Transfer,successful,yes,yes,,,,,ENT807532273759,1020500
TXN-003144,CUS-0253,9919879915,2026-09-13 07:12,WEB,debit,2500,StreamFlix (fictional),,Online card payment,successful,yes,,,,,,ENT116396840560,291400
TXN-001344,CUS-0110,9951521657,2026-09-13 07:36,WEB,debit,15000,StreamFlix (fictional),,Online card payment,successful,yes,,,,,,ENT487426240837,2589800
TXN-003716,CUS-0301,9969065643,2026-09-13 08:32,TRANSFER,debit,100000,Victor O***o,Quick Fictional Bank,Transfer,successful,yes,yes,,,,,ENT182767048585,216000
TXN-004677,CUS-0379,9983308485,2026-09-13 08:59,TRANSFER,debit,20000,Uche B***o,Placeholder Bank,Transfer,successful,yes,yes,,,,,ENT639554028702,1494500
TXN-003679,CUS-0297,9929017205,2026-09-13 09:01,POS,debit,45000,Filling Station (fictional),,POS purchase,successful,yes,,,,,,ENT407275573604,1119500
TXN-005555,CUS-0450,9931478410,2026-09-13 09:16,POS,debit,12500,QuickBuy Online (fictional),,POS purchase,successful,yes,,,,,,ENT516213275291,403000
TXN-003609,CUS-0292,9969206472,2026-09-13 10:41,ATM,debit,40000,ENTIN ATM,,ATM withdrawal,successful,yes,,yes,,,,ENT678287120994,803100
TXN-000371,CUS-0031,9984951838,2026-09-13 11:14,TRANSFER,debit,20000,Bello A***n,Demo Microfinance Bank,Transfer,successful,yes,yes,,,,,ENT849492536260,482600
TXN-004742,CUS-0384,9978462464,2026-09-13 11:54,POS,debit,1500,Filling Station (fictional),,POS purchase,successful,yes,,,,,,ENT158289411691,506500
TXN-002925,CUS-0236,9941663809,2026-09-13 12:01,POS,debit,7800,Bolt-like Rides (fictional),,POS purchase,successful,yes,,,,,,ENT866865089748,1164400
TXN-000242,CUS-0020,9969256663,2026-09-13 12:14,WEB,debit,9900,Lekki Luxury Stores,,Online card payment,successful,yes,,,,,,ENT640922749498,3610300
TXN-005836,CUS-0472,9933859016,2026-09-13 12:17,USSD,debit,5000,Airtime (fictional network),,Airtime purchase,successful,yes,,,,,,ENT329656569501,1183200
TXN-003118,CUS-0251,9972251933,2026-09-13 12:24,ATM,debit,10000,Other bank ATM,,ATM withdrawal,successful,yes,,no,,,,ENT834526247871,126000
TXN-000240,CUS-0020,9969256663,2026-09-13 13:28,POS,debit,22000,StreamFlix (fictional),,POS purchase,successful,yes,,,,,,ENT129789881980,3588300
TXN-001132,CUS-0094,9962528456,2026-09-13 13:41,POS,debit,3500,QuickBuy Online (fictional),,POS purchase,successful,yes,,,,,,ENT836245379499,64700
TXN-004712,CUS-0382,9965825920,2026-09-13 13:44,WEB,debit,15000,Bolt-like Rides (fictional),,Online card payment,successful,yes,,,,,,ENT633267431633,1280200
TXN-001418,CUS-0117,9925219607,2026-09-13 13:57,TRANSFER,debit,100000,Yemisi E****m,Sample Savings Bank,Transfer,successful,yes,yes,,,,,ENT689928686222,590200
TXN-000820,CUS-0068,9934217233,2026-09-13 14:08,POS,debit,22000,Pharmacy Plus (fictional),,POS purchase,successful,yes,,,,,,ENT899355920962,657000
TXN-003791,CUS-0307,9938909584,2026-09-13 14:36,TRANSFER,debit,100000,Yusuf N***u,Placeholder Bank,Transfer,successful,yes,yes,,,,,ENT499931871004,2992000
TXN-006121,CUS-0495,9921089129,2026-09-13 14:45,USSD,debit,500,Airtime (fictional network),,Airtime purchase,successful,yes,,,,,,ENT216772255404,1638500
TXN-002839,CUS-0230,9946252003,2026-09-13 14:50,TRANSFER,debit,100000,Fatima D*****a,Sample Savings Bank,Transfer,successful,yes,yes,,,,,ENT248107451337,198000
TXN-000300,CUS-0025,9948452630,2026-09-13 15:17,POS,debit,12500,Mama Put Kitchen,,POS purchase,successful,yes,,,,,,ENT940180720827,659700
TXN-002737,CUS-0222,9943397743,2026-09-13 15:20,TRANSFER,debit,10000,Folake S****i,Placeholder Bank,Transfer,successful,yes,yes,,,,,ENT178092554273,1185700
TXN-004495,CUS-0365,9966800555,2026-09-13 16:18,WEB,debit,4500,Bolt-like Rides (fictional),,Online card payment,successful,yes,,,,,,ENT465971724532,1256000
TXN-003562,CUS-0288,9972097656,2026-09-13 16:49,POS,debit,1500,Lekki Luxury Stores,,POS purchase,successful,yes,,,,,,ENT707087324869,3082500
TXN-000980,CUS-0081,9908238613,2026-09-13 16:51,USSD,debit,500,Airtime (fictional network),,Airtime purchase,successful,yes,,,,,,ENT326931106897,2889500
TXN-002792,CUS-0226,9909301930,2026-09-13 16:53,WEB,debit,2500,StreamFlix (fictional),,Online card payment,successful,yes,,,,,,ENT694875834833,378800
TXN-000913,CUS-0076,9970950601,2026-09-13 17:01,WEB,debit,4500,Bolt-like Rides (fictional),,Online card payment,successful,yes,,,,,,ENT658757411948,133500
TXN-002105,CUS-0172,9933836620,2026-09-13 18:05,WEB,debit,2500,StreamFlix (fictional),,Online card payment,successful,yes,,,,,,ENT621824274134,797900
TXN-000079,CUS-0007,9977876804,2026-09-13 18:08,USSD,debit,1000,Airtime (fictional network),,Airtime purchase,successful,yes,,,,,,ENT738448479994,775100
TXN-004726,CUS-0383,9903971634,2026-09-13 18:14,TRANSFER,debit,100000,Titilayo U**r,Demo Microfinance Bank,Transfer,successful,yes,yes,,,,,ENT363749600611,997000
TXN-002307,CUS-0188,9925691517,2026-09-13 18:21,WEB,debit,2500,StreamFlix (fictional),,Online card payment,successful,yes,,,,,,ENT725311703390,1624700
TXN-006131,CUS-0495,9921089129,2026-09-13 18:26,ATM,debit,20000,Other bank ATM,,ATM withdrawal,successful,yes,,no,,,,ENT833126824346,1618500
TXN-003659,CUS-0296,9904810740,2026-09-13 18:32,TRANSFER,debit,100000,Maryam B****e,Demo Microfinance Bank,Transfer,successful,yes,yes,,,,,ENT453073132961,113000
TXN-000999,CUS-0083,9950496570,2026-09-13 18:53,ATM,debit,10000,ENTIN ATM,,ATM withdrawal,successful,yes,,yes,,,,ENT379919589830,172000
TXN-005010,CUS-0406,9986833881,2026-09-13 18:54,USSD,debit,500,Airtime (fictional network),,Airtime purchase,successful,yes,,,,,,ENT299390686119,518000
TXN-000188,CUS-0016,9982141621,2026-09-13 19:03,USSD,debit,5000,Airtime (fictional network),,Airtime purchase,successful,yes,,,,,,ENT479747784125,480500
TXN-000729,CUS-0060,9906424829,2026-09-13 19:06,WEB,debit,9900,Bolt-like Rides (fictional),,Online card payment,successful,yes,,,,,,ENT836213370463,2550100
TXN-003205,CUS-0258,9911119929,2026-09-13 19:15,TRANSFER,debit,10000,Folake O******i,Quick Fictional Bank,Transfer,successful,yes,yes,,,,,ENT361062418146,1641700
TXN-002350,CUS-0192,9988642115,2026-09-13 19:16,POS,debit,3500,ShopRite-like Store (fictional),,POS purchase,successful,yes,,,,,,ENT396632055144,1122200
TXN-005721,CUS-0463,9930718439,2026-09-13 19:20,TRANSFER,debit,100000,Fatima O*u,Quick Fictional Bank,Transfer,successful,yes,yes,,,,,ENT170492628952,671200
TXN-001144,CUS-0095,9966981433,2026-09-13 19:27,TRANSFER,debit,35000,Abubakar O***o,Demo Microfinance Bank,Transfer,successful,yes,yes,,,,,ENT946430833242,528200
TXN-000680,CUS-0056,9998286408,2026-09-13 19:41,ATM,debit,20000,Other bank ATM,,ATM withdrawal,successful,yes,,no,,,,ENT143165252714,1172500
TXN-001587,CUS-0130,9970533656,2026-09-13 19:42,ATM,debit,20000,ENTIN ATM,,ATM withdrawal,successful,yes,,yes,,,,ENT351134658040,543500
TXN-000602,CUS-0049,9996745219,2026-09-13 19:57,POS,debit,45000,Market Stall POS,,POS purchase,successful,yes,,,,,,ENT123605172549,1995500
TXN-003398,CUS-0274,9955297955,2026-09-13 20:01,TRANSFER,debit,20000,Samuel O*****e,Sample Savings Bank,Transfer,successful,yes,yes,,,,,ENT152033025263,235200
TXN-002007,CUS-0164,9963544644,2026-09-13 20:04,WEB,debit,4500,Lekki Luxury Stores,,Online card payment,successful,yes,,,,,,ENT445309833066,945900
TXN-003676,CUS-0297,9929017205,2026-09-13 20:15,POS,debit,12500,Pharmacy Plus (fictional),,POS purchase,successful,yes,,,,,,ENT213041737897,1107000
TXN-001103,CUS-0091,9981013315,2026-09-13 20:16,POS,debit,3500,Pharmacy Plus (fictional),,POS purchase,successful,yes,,,,,,ENT230154855916,1159000
TXN-000324,CUS-0027,9935795111,2026-09-13 20:17,TRANSFER,debit,10000,Tunde F*****a,Quick Fictional Bank,Transfer,successful,yes,yes,,,,,ENT225778536717,1142100
TXN-001980,CUS-0162,9936876480,2026-09-13 20:33,TRANSFER,debit,100000,Grace O*i,Demo Microfinance Bank,Transfer,successful,yes,yes,,,,,ENT862013978972,733400
TXN-005209,CUS-0422,9981759426,2026-09-13 20:34,POS,debit,3500,Bolt-like Rides (fictional),,POS purchase,successful,yes,,,,,,ENT231281067351,1096000
TXN-000872,CUS-0072,9904030042,2026-09-13 20:36,POS,debit,12500,Lekki Luxury Stores,,POS purchase,successful,yes,,,,,,ENT186855472744,2816000
TXN-001173,CUS-0097,9961807567,2026-09-13 20:58,WEB,debit,15000,StreamFlix (fictional),,Online card payment,successful,yes,,,,,,ENT988700526941,2561700
TXN-000016,CUS-0002,9917075364,2026-09-13 21:01,USSD,debit,1000,Airtime (fictional network),,Airtime purchase,successful,yes,,,,,,ENT696011561495,1419500
TXN-003576,CUS-0289,9944712177,2026-09-13 21:24,POS,debit,12500,Pharmacy Plus (fictional),,POS purchase,successful,yes,,,,,,ENT239615005952,2036000
TXN-001994,CUS-0163,9985476677,2026-09-13 21:27,ATM,debit,40000,ENTIN ATM,,ATM withdrawal,successful,yes,,yes,,,,ENT375939118655,193500
TXN-002221,CUS-0181,9983508472,2026-09-13 21:38,ATM,debit,40000,ENTIN ATM,,ATM withdrawal,successful,yes,,yes,,,,ENT158566635415,329300
TXN-005567,CUS-0451,9961219558,2026-09-13 21:47,TRANSFER,debit,35000,Ronke A*****o,Quick Fictional Bank,Transfer,successful,yes,yes,,,,,ENT139441592731,1113000
TXN-002343,CUS-0191,9904355683,2026-09-13 22:33,WEB,debit,15000,QuickBuy Online (fictional),,Online card payment,successful,yes,,,,,,ENT875708585135,90200
TXN-004283,CUS-0348,9968101700,2026-09-13 22:43,TRANSFER,debit,50000,Bisola E**m,Fictional Trust Bank,Transfer,successful,yes,yes,,,,,ENT117642197000,1992000
TXN-005565,CUS-0451,9961219558,2026-09-13 22:56,USSD,debit,500,Airtime (fictional network),,Airtime purchase,successful,yes,,,,,,ENT689822504487,1112500
TXN-005284,CUS-0428,9988816041,2026-09-13 23:19,POS,debit,1500,Market Stall POS,,POS purchase,successful,yes,,,,,,ENT355227922837,406800
TXN-003169,CUS-0255,9927357934,2026-09-13 23:24,USSD,debit,1000,Airtime (fictional network),,Airtime purchase,successful,yes,,,,,,ENT103074030092,1152300
TXN-004722,CUS-0383,9903971634,2026-09-13 23:30,POS,debit,7800,Mama Put Kitchen,,POS purchase,successful,yes,,,,,,ENT503088188892,989200
TXN-002372,CUS-0193,9961766752,2026-09-13 23:33,ATM,debit,20000,ENTIN ATM,,ATM withdrawal,successful,yes,,yes,,,,ENT805369337942,273000
TXN-004348,CUS-0353,9939159099,2026-09-14 00:04,POS,debit,12500,Mama Put Kitchen,,POS purchase,successful,yes,,,,,,ENT662138410052,530600
TXN-004857,CUS-0393,9978315160,2026-09-14 00:05,POS,debit,3500,Mama Put Kitchen,,POS purchase,successful,yes,,,,,,ENT189142333101,484000
TXN-001585,CUS-0130,9970533656,2026-09-14 00:14,TRANSFER,debit,10000,Funke N***i,Quick Fictional Bank,Transfer,successful,yes,yes,,,,,ENT572759681075,533500
TXN-005583,CUS-0452,9921145268,2026-09-14 00:17,ATM,debit,10000,ENTIN ATM,,ATM withdrawal,successful,yes,,yes,,,,ENT359156312449,488200
TXN-003652,CUS-0295,9991259758,2026-09-14 00:53,USSD,debit,5000,Airtime (fictional network),,Airtime purchase,successful,yes,,,,,,ENT652550066522,769500
TXN-001369,CUS-0112,9942365966,2026-09-14 01:12,WEB,debit,2500,QuickBuy Online (fictional),,Online card payment,successful,yes,,,,,,ENT171196888438,474500
TXN-001831,CUS-0150,9986703642,2026-09-14 01:41,ATM,debit,40000,ENTIN ATM,,ATM withdrawal,successful,yes,,yes,,,,ENT405307850959,1588700
TXN-001000,CUS-0083,9950496570,2026-09-14 01:46,POS,debit,1500,Filling Station (fictional),,POS purchase,successful,yes,,,,,,ENT273103557971,170500
TXN-003106,CUS-0250,9922213933,2026-09-14 02:16,USSD,debit,2000,Airtime (fictional network),,Airtime purchase,successful,yes,,,,,,ENT544415998037,530500
TXN-003598,CUS-0291,9978065578,2026-09-14 02:29,WEB,debit,9900,StreamFlix (fictional),,Online card payment,successful,yes,,,,,,ENT402664463928,401700
TXN-004902,CUS-0397,9939504343,2026-09-14 02:43,ATM,debit,40000,ENTIN ATM,,ATM withdrawal,successful,yes,,yes,,,,ENT840674294480,2480400
TXN-000859,CUS-0071,9903048877,2026-09-14 03:17,WEB,debit,2500,StreamFlix (fictional),,Online card payment,successful,yes,,,,,,ENT647248798055,414500
TXN-003322,CUS-0268,9995728062,2026-09-14 03:17,TRANSFER,debit,20000,Chioma O*****e,Quick Fictional Bank,Transfer,successful,yes,yes,,,,,ENT638294903934,1034700
TXN-003288,CUS-0265,9913982658,2026-09-14 03:32,ATM,debit,40000,Other bank ATM,,ATM withdrawal,successful,yes,,no,,,,ENT895874895084,386700
TXN-005455,CUS-0442,9996044337,2026-09-14 03:41,POS,debit,22000,Pharmacy Plus (fictional),,POS purchase,successful,yes,,,,,,ENT612574136466,3644600
TXN-000220,CUS-0019,9953801291,2026-09-14 03:42,POS,debit,7800,QuickBuy Online (fictional),,POS purchase,successful,yes,,,,,,ENT400097078873,424000
TXN-000716,CUS-0059,9990421631,2026-09-14 03:54,USSD,debit,2000,Airtime (fictional network),,Airtime purchase,successful,yes,,,,,,ENT349862922133,1390000
TXN-001069,CUS-0089,9995292074,2026-09-14 03:56,POS,debit,45000,Bolt-like Rides (fictional),,POS purchase,successful,yes,,,,,,ENT771131408974,1201300
TXN-004239,CUS-0345,9954456726,2026-09-14 04:54,TRANSFER,debit,100000,Tope E**m,Placeholder Bank,Transfer,successful,yes,yes,,,,,ENT851677901580,184600
TXN-000701,CUS-0058,9980156464,2026-09-14 04:57,USSD,debit,2000,Airtime (fictional network),,Airtime purchase,successful,yes,,,,,,ENT109029076773,810800
TXN-001119,CUS-0093,9969795168,2026-09-14 05:15,TRANSFER,debit,10000,Grace O*****o,Quick Fictional Bank,Transfer,successful,yes,yes,,,,,ENT734848171426,2768500
TXN-005386,CUS-0436,9957764503,2026-09-14 05:25,POS,debit,22000,Pharmacy Plus (fictional),,POS purchase,successful,yes,,,,,,ENT454239303064,1534400
TXN-006109,CUS-0494,9961232402,2026-09-14 05:54,USSD,debit,1000,Airtime (fictional network),,Airtime purchase,successful,yes,,,,,,ENT644835240991,350500
TXN-005459,CUS-0442,9996044337,2026-09-14 06:06,POS,debit,3500,QuickBuy Online (fictional),,POS purchase,successful,yes,,,,,,ENT511149144121,3641100
TXN-003465,CUS-0280,9952498676,2026-09-14 07:44,POS,debit,12500,StreamFlix (fictional),,POS purchase,successful,yes,,,,,,ENT779377732718,1163300
TXN-005479,CUS-0444,9984434096,2026-09-14 08:18,POS,debit,7800,Mama Put Kitchen,,POS purchase,successful,yes,,,,,,ENT108271212723,422700
TXN-000656,CUS-0054,9918621076,2026-09-14 08:34,POS,debit,7800,Lekki Luxury Stores,,POS purchase,successful,yes,,,,,,ENT665263085585,419100
TXN-000311,CUS-0026,9905154382,2026-09-14 08:41,POS,debit,7800,Bolt-like Rides (fictional),,POS purchase,successful,yes,,,,,,ENT161783211841,457900
TXN-001892,CUS-0155,9924565054,2026-09-14 09:04,TRANSFER,debit,35000,Daniel S***u,Fictional Trust Bank,Transfer,successful,yes,yes,,,,,ENT369734289552,500600
TXN-004992,CUS-0404,9918022090,2026-09-14 09:12,TRANSFER,debit,35000,Halima O******n,Quick Fictional Bank,Transfer,successful,yes,yes,,,,,ENT131119985238,681200
TXN-001352,CUS-0111,9960169676,2026-09-14 09:45,POS,debit,45000,ShopRite-like Store (fictional),,POS purchase,successful,yes,,,,,,ENT951977702653,423600
TXN-000384,CUS-0032,9941968982,2026-09-14 10:18,POS,debit,1500,Bolt-like Rides (fictional),,POS purchase,successful,yes,,,,,,ENT716134901475,2551300
TXN-005246,CUS-0425,9940818369,2026-09-14 11:02,POS,debit,7800,Market Stall POS,,POS purchase,successful,yes,,,,,,ENT155100484062,464700
TXN-002048,CUS-0167,9922102298,2026-09-14 11:06,TRANSFER,debit,5000,Patience L***l,Quick Fictional Bank,Transfer,successful,yes,yes,,,,,ENT753771801077,953000
TXN-005913,CUS-0478,9926098818,2026-09-14 11:13,USSD,debit,2000,Airtime (fictional network),,Airtime purchase,successful,yes,,,,,,ENT784441566203,3675700
TXN-000050,CUS-0004,9989768469,2026-09-14 11:30,POS,debit,45000,Mama Put Kitchen,,POS purchase,successful,yes,,,,,,ENT445022665569,1030000
TXN-005004,CUS-0405,9968853106,2026-09-14 11:45,USSD,debit,5000,Airtime (fictional network),,Airtime purchase,successful,yes,,,,,,ENT846722474252,515700
TXN-001992,CUS-0163,9985476677,2026-09-14 11:46,ATM,debit,20000,ENTIN ATM,,ATM withdrawal,successful,yes,,yes,,,,ENT730603796123,173500
TXN-000182,CUS-0016,9982141621,2026-09-14 11:47,POS,debit,45000,StreamFlix (fictional),,POS purchase,successful,yes,,,,,,ENT238476951102,435500
TXN-002227,CUS-0181,9983508472,2026-09-14 12:11,TRANSFER,debit,100000,Patience D*****a,Fictional Trust Bank,Transfer,successful,yes,yes,,,,,ENT507251372849,229300
TXN-004456,CUS-0362,9925256262,2026-09-14 12:33,USSD,debit,5000,Airtime (fictional network),,Airtime purchase,successful,yes,,,,,,ENT604782483102,540600
TXN-003320,CUS-0268,9995728062,2026-09-14 12:53,TRANSFER,debit,20000,Ronke O****r,Placeholder Bank,Transfer,successful,yes,yes,,,,,ENT498031910145,1014700
TXN-006028,CUS-0488,9947422699,2026-09-14 12:57,TRANSFER,debit,10000,Chinedu O******i,Sample Savings Bank,Transfer,successful,yes,yes,,,,,ENT741198730233,350000
TXN-000664,CUS-0055,9915202994,2026-09-14 12:58,TRANSFER,debit,50000,Ibrahim E****g,Sample Savings Bank,Transfer,successful,yes,yes,,,,,ENT403596431086,1067000
TXN-002995,CUS-0241,9968320519,2026-09-14 13:34,USSD,debit,1000,Airtime (fictional network),,Airtime purchase,successful,yes,,,,,,ENT544819938914,453500
TXN-001731,CUS-0142,9986367800,2026-09-14 13:42,POS,debit,12500,QuickBuy Online (fictional),,POS purchase,successful,yes,,,,,,ENT932771683274,1014000
TXN-003415,CUS-0275,9916289439,2026-09-14 13:52,USSD,debit,5000,Airtime (fictional network),,Airtime purchase,successful,yes,,,,,,ENT920851954150,347000
TXN-006173,CUS-0499,9952647161,2026-09-14 14:29,POS,debit,45000,Lekki Luxury Stores,,POS purchase,successful,yes,,,,,,ENT958185135089,192600
TXN-005017,CUS-0407,9927834375,2026-09-14 15:04,USSD,debit,2000,Airtime (fictional network),,Airtime purchase,successful,yes,,,,,,ENT622124350347,460500
TXN-000035,CUS-0003,9944729405,2026-09-14 15:06,POS,debit,45000,QuickBuy Online (fictional),,POS purchase,successful,yes,,,,,,ENT933955397381,374100
TXN-004267,CUS-0347,9910644250,2026-09-14 15:27,TRANSFER,debit,35000,Obinna I*e,Sample Savings Bank,Transfer,successful,yes,yes,,,,,ENT568983648306,656200
TXN-001044,CUS-0087,9967779214,2026-09-14 15:45,POS,debit,45000,StreamFlix (fictional),,POS purchase,successful,yes,,,,,,ENT461723824366,1321200
TXN-000870,CUS-0072,9904030042,2026-09-14 16:13,POS,debit,22000,Pharmacy Plus (fictional),,POS purchase,successful,yes,,,,,,ENT113121819854,2794000
TXN-003421,CUS-0276,9997590170,2026-09-14 16:17,TRANSFER,debit,50000,Ronke G***a,Fictional Trust Bank,Transfer,successful,yes,yes,,,,,ENT142157752933,184500
TXN-000869,CUS-0072,9904030042,2026-09-14 16:22,TRANSFER,debit,20000,Aminu E**t,Demo Microfinance Bank,Transfer,successful,yes,yes,,,,,ENT536593930449,2774000
TXN-001136,CUS-0094,9962528456,2026-09-14 16:39,WEB,debit,4500,QuickBuy Online (fictional),,Online card payment,successful,yes,,,,,,ENT163430518712,60200
TXN-002546,CUS-0207,9954079211,2026-09-14 17:06,TRANSFER,debit,35000,Chioma S****i,Demo Microfinance Bank,Transfer,successful,yes,yes,,,,,ENT575568954344,421700
TXN-000018,CUS-0002,9917075364,2026-09-14 17:18,ATM,debit,40000,Other bank ATM,,ATM withdrawal,successful,yes,,no,,,,ENT799249152581,1379500
TXN-004395,CUS-0357,9982452077,2026-09-14 17:23,TRANSFER,debit,20000,Funke I*e,Fictional Trust Bank,Transfer,successful,yes,yes,,,,,ENT289206384636,821700
TXN-005071,CUS-0411,9993781137,2026-09-14 18:00,TRANSFER,debit,35000,Amaka O******e,Fictional Trust Bank,Transfer,successful,yes,yes,,,,,ENT692257194730,801500
TXN-002073,CUS-0169,9984249158,2026-09-14 18:28,ATM,debit,20000,ENTIN ATM,,ATM withdrawal,successful,yes,,yes,,,,ENT795729296934,555200
TXN-002247,CUS-0183,9902993351,2026-09-14 18:38,WEB,debit,2500,QuickBuy Online (fictional),,Online card payment,successful,yes,,,,,,ENT372257525226,2380500
TXN-001920,CUS-0157,9984980730,2026-09-14 18:47,POS,debit,12500,ShopRite-like Store (fictional),,POS purchase,successful,yes,,,,,,ENT628101203216,2018500
TXN-000981,CUS-0081,9908238613,2026-09-14 18:58,TRANSFER,debit,5000,Funke O***e,Sample Savings Bank,Transfer,successful,yes,yes,,,,,ENT898936949859,2884500
TXN-001595,CUS-0130,9970533656,2026-09-14 19:03,ATM,debit,40000,ENTIN ATM,,ATM withdrawal,successful,yes,,yes,,,,ENT622289984725,493500
TXN-005651,CUS-0458,9904367085,2026-09-14 19:10,POS,debit,45000,Filling Station (fictional),,POS purchase,successful,yes,,,,,,ENT401034574792,189900
TXN-004052,CUS-0329,9953759147,2026-09-14 19:49,WEB,debit,9900,Lekki Luxury Stores,,Online card payment,successful,yes,,,,,,ENT803799259275,132100
TXN-001120,CUS-0093,9969795168,2026-09-14 20:24,TRANSFER,debit,35000,Sani S**e,Placeholder Bank,Transfer,successful,yes,yes,,,,,ENT953351830824,2733500
TXN-002753,CUS-0223,9973866346,2026-09-14 20:49,TRANSFER,debit,35000,Ifeanyi A*****e,Fictional Trust Bank,Transfer,successful,yes,yes,,,,,ENT707161486211,484700
TXN-003720,CUS-0301,9969065643,2026-09-14 20:53,POS,debit,22000,Lekki Luxury Stores,,POS purchase,successful,yes,,,,,,ENT265756352710,194000
TXN-005002,CUS-0405,9968853106,2026-09-14 21:05,USSD,debit,500,Airtime (fictional network),,Airtime purchase,successful,yes,,,,,,ENT163972682483,515200
TXN-000170,CUS-0015,9984133017,2026-09-14 21:11,POS,debit,1500,Bolt-like Rides (fictional),,POS purchase,successful,yes,,,,,,ENT532294504032,2648500
TXN-001555,CUS-0127,9911211684,2026-09-14 21:29,USSD,debit,2000,Airtime (fictional network),,Airtime purchase,successful,yes,,,,,,ENT922471798013,521500
TXN-003450,CUS-0278,9932946850,2026-09-14 22:20,USSD,debit,500,Airtime (fictional network),,Airtime purchase,successful,yes,,,,,,ENT563821782661,1311200
TXN-001897,CUS-0155,9924565054,2026-09-14 23:02,POS,debit,45000,StreamFlix (fictional),,POS purchase,successful,yes,,,,,,ENT207744994466,455600
TXN-000173,CUS-0015,9984133017,2026-09-14 23:08,TRANSFER,debit,10000,Efe S***u,Demo Microfinance Bank,Transfer,successful,yes,yes,,,,,ENT697586488295,2638500
TXN-000203,CUS-0017,9946001304,2026-09-14 23:26,POS,debit,1500,QuickBuy Online (fictional),,POS purchase,successful,yes,,,,,,ENT565475543266,238500
TXN-001622,CUS-0132,9913900264,2026-09-14 23:36,TRANSFER,debit,100000,Ngozi A*****a,Placeholder Bank,Transfer,successful,yes,yes,,,,,ENT264049378583,2557100
TXN-001538,CUS-0126,9983579996,2026-09-14 23:37,TRANSFER,debit,20000,Kunle O******n,Quick Fictional Bank,Transfer,successful,yes,yes,,,,,ENT270164152606,1089000
TXN-001195,CUS-0099,9936708878,2026-09-14 23:48,USSD,debit,2000,Airtime (fictional network),,Airtime purchase,successful,yes,,,,,,ENT257032899860,2715300
TXN-002900,CUS-0234,9902167309,2026-09-14 23:48,POS,debit,12500,ShopRite-like Store (fictional),,POS purchase,successful,yes,,,,,,ENT283666575518,3612500
TXN-003923,CUS-0318,9973536623,2026-09-15 00:14,TRANSFER,debit,100000,Lola Y***f,Placeholder Bank,Transfer,successful,yes,yes,,,,,ENT557713033158,1477500
TXN-000786,CUS-0065,9977605538,2026-09-15 00:58,POS,debit,45000,Mama Put Kitchen,,POS purchase,successful,yes,,,,,,ENT293773098501,1198200
TXN-005598,CUS-0453,9912705740,2026-09-15 01:07,POS,debit,22000,Pharmacy Plus (fictional),,POS purchase,successful,yes,,,,,,ENT848524446050,1080700
TXN-005475,CUS-0444,9984434096,2026-09-15 01:09,ATM,debit,20000,ENTIN ATM,,ATM withdrawal,successful,yes,,yes,,,,ENT203199259252,402700
TXN-000918,CUS-0076,9970950601,2026-09-15 01:32,ATM,debit,40000,ENTIN ATM,,ATM withdrawal,successful,yes,,yes,,,,ENT937589203130,93500
TXN-001726,CUS-0142,9986367800,2026-09-15 01:51,POS,debit,12500,StreamFlix (fictional),,POS purchase,successful,yes,,,,,,ENT537042978685,1001500
TXN-001210,CUS-0100,9919172290,2026-09-15 02:38,ATM,debit,20000,ENTIN ATM,,ATM withdrawal,successful,yes,,yes,,,,ENT507281915569,2434700
TXN-000955,CUS-0079,9971711243,2026-09-15 02:39,TRANSFER,debit,20000,Yemisi A***n,Demo Microfinance Bank,Transfer,successful,yes,yes,,,,,ENT141728477466,972000
TXN-002910,CUS-0235,9953911045,2026-09-15 03:00,ATM,debit,40000,ENTIN ATM,,ATM withdrawal,successful,yes,,yes,,,,ENT790425782094,572500
TXN-004312,CUS-0350,9941377678,2026-09-15 03:52,POS,debit,12500,Pharmacy Plus (fictional),,POS purchase,successful,yes,,,,,,ENT784232237048,1916400
TXN-002627,CUS-0213,9943848714,2026-09-15 04:20,USSD,debit,500,Airtime (fictional network),,Airtime purchase,successful,yes,,,,,,ENT314403744108,737000
TXN-003088,CUS-0249,9911871482,2026-09-15 04:41,TRANSFER,debit,100000,Adaeze O*******i,Fictional Trust Bank,Transfer,successful,yes,yes,,,,,ENT661784077674,214000
TXN-004444,CUS-0361,9980291368,2026-09-15 05:05,WEB,debit,2500,StreamFlix (fictional),,Online card payment,successful,yes,,,,,,ENT934892469773,384900
TXN-005515,CUS-0447,9988158943,2026-09-15 05:08,ATM,debit,40000,Other bank ATM,,ATM withdrawal,successful,yes,,no,,,,ENT264099396858,70200
TXN-004047,CUS-0329,9953759147,2026-09-15 05:21,USSD,debit,1000,Airtime (fictional network),,Airtime purchase,successful,yes,,,,,,ENT905768481153,131100
TXN-003629,CUS-0294,9981044386,2026-09-15 05:26,USSD,debit,1000,Airtime (fictional network),,Airtime purchase,successful,yes,,,,,,ENT274782544686,2486500
TXN-000056,CUS-0005,9919672731,2026-09-15 05:59,WEB,debit,2500,Bolt-like Rides (fictional),,Online card payment,successful,yes,,,,,,ENT902810101942,1151000
TXN-003595,CUS-0291,9978065578,2026-09-15 06:07,TRANSFER,debit,10000,Segun C****u,Sample Savings Bank,Transfer,successful,yes,yes,,,,,ENT519998566664,391700
TXN-004192,CUS-0341,9911918995,2026-09-15 06:25,TRANSFER,debit,50000,Ifeanyi E**m,Fictional Trust Bank,Transfer,successful,yes,yes,,,,,ENT834805311311,195700
TXN-001283,CUS-0106,9959061922,2026-09-15 06:55,WEB,debit,2500,Lekki Luxury Stores,,Online card payment,successful,yes,,,,,,ENT177827234374,127000
TXN-005924,CUS-0479,9976613626,2026-09-15 07:02,POS,debit,3500,StreamFlix (fictional),,POS purchase,successful,yes,,,,,,ENT415411751710,1084100
TXN-002519,CUS-0205,9904236164,2026-09-15 07:31,ATM,debit,10000,ENTIN ATM,,ATM withdrawal,successful,yes,,yes,,,,ENT534260773762,290700
TXN-005979,CUS-0484,9979764044,2026-09-15 07:34,ATM,debit,20000,Other bank ATM,,ATM withdrawal,successful,yes,,no,,,,ENT846754176739,665000
TXN-004720,CUS-0383,9903971634,2026-09-15 07:53,WEB,debit,2500,StreamFlix (fictional),,Online card payment,successful,yes,,,,,,ENT987132687457,986700
TXN-004498,CUS-0365,9966800555,2026-09-15 08:10,POS,debit,1500,Filling Station (fictional),,POS purchase,successful,yes,,,,,,ENT945556619877,1254500
TXN-006051,CUS-0490,9997818827,2026-09-15 08:13,POS,debit,45000,QuickBuy Online (fictional),,POS purchase,successful,yes,,,,,,ENT800146835282,894500
TXN-003852,CUS-0312,9975337207,2026-09-15 08:18,WEB,debit,9900,QuickBuy Online (fictional),,Online card payment,successful,yes,,,,,,ENT409780173068,1205600
TXN-004342,CUS-0353,9939159099,2026-09-15 08:30,POS,debit,45000,Lekki Luxury Stores,,POS purchase,successful,yes,,,,,,ENT569106147792,485600
TXN-003048,CUS-0246,9985384634,2026-09-15 08:55,POS,debit,45000,Market Stall POS,,POS purchase,successful,yes,,,,,,ENT774185397616,2561800
TXN-000973,CUS-0081,9908238613,2026-09-15 09:04,TRANSFER,debit,50000,Chinedu O*******i,Quick Fictional Bank,Transfer,successful,yes,yes,,,,,ENT743811125624,2834500
TXN-000478,CUS-0040,9954177588,2026-09-15 09:33,USSD,debit,2000,Airtime (fictional network),,Airtime purchase,successful,yes,,,,,,ENT484402255352,616000
TXN-003326,CUS-0268,9995728062,2026-09-15 09:51,POS,debit,12500,QuickBuy Online (fictional),,POS purchase,successful,yes,,,,,,ENT799243276633,1002200
TXN-004118,CUS-0335,9937290469,2026-09-15 10:07,USSD,debit,500,Airtime (fictional network),,Airtime purchase,successful,yes,,,,,,ENT694499189339,1491500
TXN-001096,CUS-0091,9981013315,2026-09-15 11:44,USSD,debit,5000,Airtime (fictional network),,Airtime purchase,successful,yes,,,,,,ENT643285692688,1154000
TXN-001770,CUS-0145,9912117405,2026-09-15 11:46,ATM,debit,20000,ENTIN ATM,,ATM withdrawal,successful,yes,,yes,,,,ENT353554083533,1149700
TXN-001140,CUS-0094,9962528456,2026-09-15 11:47,ATM,debit,20000,ENTIN ATM,,ATM withdrawal,successful,yes,,yes,,,,ENT989210824877,40200
TXN-005449,CUS-0441,9989912305,2026-09-15 11:47,POS,debit,45000,QuickBuy Online (fictional),,POS purchase,successful,yes,,,,,,ENT255933143344,96000
TXN-002503,CUS-0203,9911235217,2026-09-15 12:09,TRANSFER,debit,35000,Idara O*****o,Sample Savings Bank,Transfer,successful,yes,yes,,,,,ENT722400364017,79500
TXN-S36,CUS-0036,9926978043,2026-09-15 13:26,TRANSFER,debit,35000,Uju N********u,Sample Savings Bank,Transfer,pending,yes,no,,,,,ENT380508183818,1467000
TXN-002764,CUS-0224,9958085404,2026-09-15 13:31,POS,debit,3500,Market Stall POS,,POS purchase,successful,yes,,,,,,ENT953727608271,2568000
TXN-000804,CUS-0067,9964668631,2026-09-15 13:34,POS,debit,1500,Bolt-like Rides (fictional),,POS purchase,successful,yes,,,,,,ENT664946197314,1066000
TXN-004926,CUS-0399,9942983565,2026-09-15 14:07,USSD,debit,1000,Airtime (fictional network),,Airtime purchase,successful,yes,,,,,,ENT201072435348,405600
TXN-000120,CUS-0010,9928379298,2026-09-15 14:21,USSD,debit,1000,Airtime (fictional network),,Airtime purchase,successful,yes,,,,,,ENT362625218016,449000
TXN-003128,CUS-0252,9937906660,2026-09-15 14:21,POS,debit,45000,Pharmacy Plus (fictional),,POS purchase,successful,yes,,,,,,ENT601676878793,1496300
TXN-004330,CUS-0352,9911574849,2026-09-15 14:37,POS,debit,3500,Market Stall POS,,POS purchase,successful,yes,,,,,,ENT945796617488,1320500
TXN-002396,CUS-0195,9911125736,2026-09-15 14:38,TRANSFER,debit,50000,Samuel I**e,Placeholder Bank,Transfer,successful,yes,yes,,,,,ENT729748199785,2437200
TXN-002501,CUS-0203,9911235217,2026-09-15 14:48,ATM,debit,40000,ENTIN ATM,,ATM withdrawal,successful,yes,,yes,,,,ENT340656109453,39500
TXN-002725,CUS-0221,9995401710,2026-09-15 15:08,TRANSFER,debit,20000,Funke M**a,Fictional Trust Bank,Transfer,successful,yes,yes,,,,,ENT672312095491,730200
TXN-005603,CUS-0454,9915943156,2026-09-15 15:21,USSD,debit,2000,Airtime (fictional network),,Airtime purchase,successful,yes,,,,,,ENT562261856306,2488500
TXN-004266,CUS-0347,9910644250,2026-09-15 15:54,POS,debit,3500,ShopRite-like Store (fictional),,POS purchase,successful,yes,,,,,,ENT114121901084,652700
TXN-005176,CUS-0419,9947242692,2026-09-15 16:19,TRANSFER,debit,10000,Adebayo I***s,Quick Fictional Bank,Transfer,successful,yes,yes,,,,,ENT948200121776,1074400
TXN-003970,CUS-0322,9949912955,2026-09-15 16:39,ATM,debit,40000,Other bank ATM,,ATM withdrawal,successful,yes,,no,,,,ENT857418829538,2568700
TXN-001965,CUS-0161,9950062013,2026-09-15 16:40,USSD,debit,500,Airtime (fictional network),,Airtime purchase,successful,yes,,,,,,ENT997889301707,2398000
TXN-003090,CUS-0249,9911871482,2026-09-15 16:47,USSD,debit,5000,Airtime (fictional network),,Airtime purchase,successful,yes,,,,,,ENT179483132228,209000
TXN-000209,CUS-0018,9946450604,2026-09-15 16:48,POS,debit,1500,StreamFlix (fictional),,POS purchase,successful,yes,,,,,,ENT361102924340,170500
TXN-003089,CUS-0249,9911871482,2026-09-15 16:54,POS,debit,3500,Mama Put Kitchen,,POS purchase,successful,yes,,,,,,ENT462326098129,205500
TXN-005972,CUS-0483,9956134913,2026-09-15 17:26,USSD,debit,5000,Airtime (fictional network),,Airtime purchase,successful,yes,,,,,,ENT507069408554,104500
TXN-002742,CUS-0222,9943397743,2026-09-15 17:28,ATM,debit,20000,Other bank ATM,,ATM withdrawal,successful,yes,,no,,,,ENT190745993817,1165700
TXN-000033,CUS-0003,9944729405,2026-09-15 17:52,WEB,debit,4500,StreamFlix (fictional),,Online card payment,successful,yes,,,,,,ENT540944865557,369600
TXN-006123,CUS-0495,9921089129,2026-09-15 18:20,ATM,debit,40000,ENTIN ATM,,ATM withdrawal,successful,yes,,yes,,,,ENT999689174056,1578500
TXN-000916,CUS-0076,9970950601,2026-09-15 18:22,USSD,debit,2000,Airtime (fictional network),,Airtime purchase,successful,yes,,,,,,ENT711770971954,91500
TXN-000882,CUS-0073,9929770579,2026-09-15 18:43,ATM,debit,40000,Other bank ATM,,ATM withdrawal,successful,yes,,no,,,,ENT956476067434,1184700
TXN-005784,CUS-0468,9916264223,2026-09-15 19:41,POS,debit,7800,Market Stall POS,,POS purchase,successful,yes,,,,,,ENT277232579921,1453200
TXN-002772,CUS-0224,9958085404,2026-09-15 20:09,USSD,debit,500,Airtime (fictional network),,Airtime purchase,successful,yes,,,,,,ENT373326683699,2567500
TXN-002124,CUS-0173,9937785973,2026-09-15 20:33,WEB,debit,15000,QuickBuy Online (fictional),,Online card payment,successful,yes,,,,,,ENT883440003987,872000
TXN-001251,CUS-0103,9949574415,2026-09-15 21:20,USSD,debit,1000,Airtime (fictional network),,Airtime purchase,successful,yes,,,,,,ENT109321325528,616000
TXN-002535,CUS-0206,9960946297,2026-09-15 21:36,TRANSFER,debit,100000,Folake O******e,Fictional Trust Bank,Transfer,successful,yes,yes,,,,,ENT299590122026,1088500
TXN-004779,CUS-0387,9916279824,2026-09-15 21:37,WEB,debit,9900,Bolt-like Rides (fictional),,Online card payment,successful,yes,,,,,,ENT588115625504,2450300
TXN-005858,CUS-0474,9967078673,2026-09-15 21:45,POS,debit,1500,StreamFlix (fictional),,POS purchase,successful,yes,,,,,,ENT388082532470,254500
TXN-002144,CUS-0175,9903136249,2026-09-15 22:23,POS,debit,45000,Bolt-like Rides (fictional),,POS purchase,successful,yes,,,,,,ENT365545408271,406000
TXN-004929,CUS-0399,9942983565,2026-09-15 22:34,POS,debit,22000,Market Stall POS,,POS purchase,successful,yes,,,,,,ENT883553852079,383600
TXN-005135,CUS-0416,9968703649,2026-09-15 22:34,USSD,debit,5000,Airtime (fictional network),,Airtime purchase,successful,yes,,,,,,ENT834279511976,253100
TXN-004181,CUS-0340,9968650702,2026-09-15 22:42,POS,debit,45000,Pharmacy Plus (fictional),,POS purchase,successful,yes,,,,,,ENT353709850986,583200
TXN-002141,CUS-0174,9904061872,2026-09-15 23:19,POS,debit,22000,Pharmacy Plus (fictional),,POS purchase,successful,yes,,,,,,ENT715399831156,3705300
TXN-002262,CUS-0184,9912799315,2026-09-15 23:21,POS,debit,1500,Bolt-like Rides (fictional),,POS purchase,successful,yes,,,,,,ENT945757327460,1457100
TXN-000127,CUS-0011,9983601610,2026-09-15 23:49,POS,debit,45000,Filling Station (fictional),,POS purchase,successful,yes,,,,,,ENT312738864660,175000
TXN-000482,CUS-0040,9954177588,2026-09-15 23:49,POS,debit,12500,Lekki Luxury Stores,,POS purchase,successful,yes,,,,,,ENT612404057989,603500
TXN-005775,CUS-0467,9930828759,2026-09-16 00:22,POS,debit,45000,ShopRite-like Store (fictional),,POS purchase,successful,yes,,,,,,ENT399256749212,2773200
TXN-001775,CUS-0146,9915789794,2026-09-16 00:57,POS,debit,12500,Market Stall POS,,POS purchase,successful,yes,,,,,,ENT672848606070,460500
TXN-005787,CUS-0468,9916264223,2026-09-16 00:59,USSD,debit,5000,Airtime (fictional network),,Airtime purchase,successful,yes,,,,,,ENT426720100485,1448200
TXN-006040,CUS-0489,9904477391,2026-09-16 01:07,ATM,debit,40000,ENTIN ATM,,ATM withdrawal,successful,yes,,yes,,,,ENT621523265057,100700
TXN-004948,CUS-0401,9916928668,2026-09-16 01:08,POS,debit,7800,Filling Station (fictional),,POS purchase,successful,yes,,,,,,ENT526220700069,151900
TXN-002608,CUS-0212,9951055574,2026-09-16 01:20,POS,debit,3500,Market Stall POS,,POS purchase,successful,yes,,,,,,ENT152887911222,138500
TXN-000614,CUS-0050,9988645732,2026-09-16 01:31,USSD,debit,500,Airtime (fictional network),,Airtime purchase,successful,yes,,,,,,ENT573701330496,352700
TXN-001413,CUS-0116,9962245900,2026-09-16 01:31,ATM,debit,10000,ENTIN ATM,,ATM withdrawal,successful,yes,,yes,,,,ENT222249348655,1619300
TXN-002749,CUS-0223,9973866346,2026-09-16 01:36,USSD,debit,500,Airtime (fictional network),,Airtime purchase,successful,yes,,,,,,ENT989484607509,484200
TXN-001439,CUS-0118,9975049979,2026-09-16 01:40,WEB,debit,9900,QuickBuy Online (fictional),,Online card payment,successful,yes,,,,,,ENT572221069965,440600
TXN-004373,CUS-0355,9924902182,2026-09-16 02:06,POS,debit,3500,Lekki Luxury Stores,,POS purchase,successful,yes,,,,,,ENT949614932333,181500
TXN-000543,CUS-0045,9921430490,2026-09-16 02:26,TRANSFER,debit,35000,Folake O*****o,Sample Savings Bank,Transfer,successful,yes,yes,,,,,ENT109378374460,3640500
TXN-006157,CUS-0497,9975222469,2026-09-16 03:13,ATM,debit,40000,Other bank ATM,,ATM withdrawal,successful,yes,,no,,,,ENT896743583707,28500
TXN-005089,CUS-0412,9954372850,2026-09-16 04:09,POS,debit,3500,Lekki Luxury Stores,,POS purchase,successful,yes,,,,,,ENT502951460849,466200
TXN-002667,CUS-0216,9903471072,2026-09-16 04:35,ATM,debit,40000,ENTIN ATM,,ATM withdrawal,successful,yes,,yes,,,,ENT453165418197,2811000
TXN-004078,CUS-0331,9925736997,2026-09-16 04:37,POS,debit,22000,Bolt-like Rides (fictional),,POS purchase,successful,yes,,,,,,ENT552863648094,155500
TXN-005217,CUS-0423,9996846104,2026-09-16 04:48,WEB,debit,15000,Bolt-like Rides (fictional),,Online card payment,successful,yes,,,,,,ENT635919839171,2671700
TXN-001654,CUS-0135,9907512280,2026-09-16 05:37,ATM,debit,20000,Other bank ATM,,ATM withdrawal,successful,yes,,no,,,,ENT205928957134,807500
TXN-005037,CUS-0408,9988225489,2026-09-16 05:39,POS,debit,1500,QuickBuy Online (fictional),,POS purchase,successful,yes,,,,,,ENT519667039939,488700
TXN-002631,CUS-0214,9980024371,2026-09-16 05:40,WEB,debit,9900,Lekki Luxury Stores,,Online card payment,successful,yes,,,,,,ENT183499856773,962500
TXN-000407,CUS-0034,9918847918,2026-09-16 06:27,TRANSFER,debit,50000,Titilayo O***e,Placeholder Bank,Transfer,successful,yes,yes,,,,,ENT278741390699,118700
TXN-005034,CUS-0408,9988225489,2026-09-16 06:31,POS,debit,1500,Pharmacy Plus (fictional),,POS purchase,successful,yes,,,,,,ENT663143631962,487200
TXN-001197,CUS-0099,9936708878,2026-09-16 07:00,WEB,debit,2500,Bolt-like Rides (fictional),,Online card payment,successful,yes,,,,,,ENT197102000313,2712800
TXN-005774,CUS-0467,9930828759,2026-09-16 07:04,USSD,debit,5000,Airtime (fictional network),,Airtime purchase,successful,yes,,,,,,ENT896192495701,2768200
TXN-002767,CUS-0224,9958085404,2026-09-16 07:18,POS,debit,1500,Market Stall POS,,POS purchase,successful,yes,,,,,,ENT279406087139,2566000
TXN-002119,CUS-0173,9937785973,2026-09-16 07:36,POS,debit,22000,Filling Station (fictional),,POS purchase,successful,yes,,,,,,ENT749289888770,850000
TXN-000745,CUS-0062,9913785222,2026-09-16 07:46,POS,debit,22000,StreamFlix (fictional),,POS purchase,successful,yes,,,,,,ENT506676177915,1486200
TXN-002467,CUS-0200,9967769593,2026-09-16 07:51,USSD,debit,1000,Airtime (fictional network),,Airtime purchase,successful,yes,,,,,,ENT273116092043,2632500
TXN-004445,CUS-0361,9980291368,2026-09-16 08:02,POS,debit,1500,Lekki Luxury Stores,,POS purchase,successful,yes,,,,,,ENT637269347042,383400
TXN-003287,CUS-0265,9913982658,2026-09-16 08:22,POS,debit,45000,Lekki Luxury Stores,,POS purchase,successful,yes,,,,,,ENT317584530347,341700
TXN-005695,CUS-0461,9906704957,2026-09-16 08:23,POS,debit,7800,Filling Station (fictional),,POS purchase,successful,yes,,,,,,ENT520275779849,128200
TXN-001720,CUS-0141,9922386162,2026-09-16 08:38,USSD,debit,5000,Airtime (fictional network),,Airtime purchase,successful,yes,,,,,,ENT636287690031,101100
TXN-001473,CUS-0121,9910108102,2026-09-16 08:45,POS,debit,7800,Bolt-like Rides (fictional),,POS purchase,successful,yes,,,,,,ENT662875846613,973200
TXN-003804,CUS-0308,9937456111,2026-09-16 08:49,TRANSFER,debit,50000,Hadiza E**t,Demo Microfinance Bank,Transfer,successful,yes,yes,,,,,ENT991271850805,977700
TXN-001935,CUS-0158,9916441320,2026-09-16 08:54,WEB,debit,9900,Bolt-like Rides (fictional),,Online card payment,successful,yes,,,,,,ENT255227980222,1551600
TXN-001709,CUS-0140,9975216214,2026-09-16 09:07,USSD,debit,5000,Airtime (fictional network),,Airtime purchase,successful,yes,,,,,,ENT669590607334,1087500
TXN-002708,CUS-0219,9930963627,2026-09-16 09:11,ATM,debit,40000,ENTIN ATM,,ATM withdrawal,successful,yes,,yes,,,,ENT218887314849,489700
TXN-006180,CUS-0499,9952647161,2026-09-16 09:25,ATM,debit,10000,ENTIN ATM,,ATM withdrawal,successful,yes,,yes,,,,ENT229489326499,182600
TXN-002602,CUS-0211,9909502592,2026-09-16 09:43,POS,debit,7800,StreamFlix (fictional),,POS purchase,successful,yes,,,,,,ENT506757770190,245200
TXN-003044,CUS-0245,9974242558,2026-09-16 10:15,POS,debit,45000,Market Stall POS,,POS purchase,successful,yes,,,,,,ENT390583395755,3642700
TXN-004974,CUS-0403,9978555237,2026-09-16 10:27,USSD,debit,1000,Airtime (fictional network),,Airtime purchase,successful,yes,,,,,,ENT200127999126,2879500
TXN-006029,CUS-0488,9947422699,2026-09-16 10:50,ATM,debit,20000,ENTIN ATM,,ATM withdrawal,successful,yes,,yes,,,,ENT835401028785,330000
TXN-001045,CUS-0087,9967779214,2026-09-16 10:53,ATM,debit,10000,ENTIN ATM,,ATM withdrawal,successful,yes,,yes,,,,ENT849496031579,1311200
TXN-003891,CUS-0315,9960596727,2026-09-16 10:54,POS,debit,12500,Filling Station (fictional),,POS purchase,successful,yes,,,,,,ENT967361425269,1034000
TXN-005342,CUS-0433,9973633995,2026-09-16 10:56,USSD,debit,5000,Airtime (fictional network),,Airtime purchase,successful,yes,,,,,,ENT599079092078,1133000
TXN-001613,CUS-0132,9913900264,2026-09-16 11:06,POS,debit,1500,Mama Put Kitchen,,POS purchase,successful,yes,,,,,,ENT771092068509,2555600
TXN-001021,CUS-0085,9920987695,2026-09-16 11:41,ATM,debit,40000,ENTIN ATM,,ATM withdrawal,successful,yes,,yes,,,,ENT649008671857,759700
TXN-005304,CUS-0430,9922159393,2026-09-16 11:43,TRANSFER,debit,20000,Aisha A*****o,Quick Fictional Bank,Transfer,successful,yes,yes,,,,,ENT852010632714,85700
TXN-004679,CUS-0379,9983308485,2026-09-16 11:52,POS,debit,1500,Filling Station (fictional),,POS purchase,successful,yes,,,,,,ENT651281270737,1493000
TXN-001807,CUS-0148,9929634769,2026-09-16 12:03,USSD,debit,500,Airtime (fictional network),,Airtime purchase,successful,yes,,,,,,ENT902507605641,404200
TXN-005144,CUS-0417,9965144969,2026-09-16 12:03,TRANSFER,debit,10000,Ifeanyi A*****e,Quick Fictional Bank,Transfer,successful,yes,yes,,,,,ENT843874176770,767000
TXN-001808,CUS-0148,9929634769,2026-09-16 12:14,TRANSFER,debit,5000,Bisola E****m,Demo Microfinance Bank,Transfer,successful,yes,yes,,,,,ENT483327844237,399200
TXN-003633,CUS-0294,9981044386,2026-09-16 12:43,WEB,debit,2500,Bolt-like Rides (fictional),,Online card payment,successful,yes,,,,,,ENT580069146525,2484000
TXN-004202,CUS-0342,9945277907,2026-09-16 12:47,USSD,debit,1000,Airtime (fictional network),,Airtime purchase,successful,yes,,,,,,ENT350081906962,1060500
TXN-000341,CUS-0029,9914497660,2026-09-16 13:10,POS,debit,1500,Bolt-like Rides (fictional),,POS purchase,successful,yes,,,,,,ENT557672473235,951100
TXN-005357,CUS-0434,9998934709,2026-09-16 13:18,ATM,debit,40000,ENTIN ATM,,ATM withdrawal,successful,yes,,yes,,,,ENT883831255272,372700
TXN-S04,CUS-0004,9989768469,2026-09-16 13:26,TRANSFER,debit,60000,Aminu Y***f,Sample Savings Bank,Family support,reversal_pending,yes,no,,scheduled,2026-09-19 13:26,,ENT758177064499,970000
TXN-003425,CUS-0276,9997590170,2026-09-16 13:47,ATM,debit,10000,ENTIN ATM,,ATM withdrawal,successful,yes,,yes,,,,ENT535611084627,174500
TXN-002996,CUS-0241,9968320519,2026-09-16 14:41,POS,debit,7800,QuickBuy Online (fictional),,POS purchase,successful,yes,,,,,,ENT475177420737,445700
TXN-005869,CUS-0475,9942169114,2026-09-16 16:11,POS,debit,3500,Lekki Luxury Stores,,POS purchase,successful,yes,,,,,,ENT994022360490,391600
TXN-003779,CUS-0306,9912755790,2026-09-16 16:19,USSD,debit,2000,Airtime (fictional network),,Airtime purchase,successful,yes,,,,,,ENT733993354443,372000
TXN-002985,CUS-0240,9926272745,2026-09-16 16:22,WEB,debit,9900,Bolt-like Rides (fictional),,Online card payment,successful,yes,,,,,,ENT325919601066,615900
TXN-001087,CUS-0090,9945011459,2026-09-16 16:38,POS,debit,22000,Lekki Luxury Stores,,POS purchase,successful,yes,,,,,,ENT327362708561,361200
TXN-004332,CUS-0352,9911574849,2026-09-16 17:01,POS,debit,12500,Lekki Luxury Stores,,POS purchase,successful,yes,,,,,,ENT990804641503,1308000
TXN-000040,CUS-0003,9944729405,2026-09-16 17:03,POS,debit,45000,Pharmacy Plus (fictional),,POS purchase,successful,yes,,,,,,ENT377299233725,324600
TXN-005278,CUS-0428,9988816041,2026-09-16 17:03,POS,debit,1500,Bolt-like Rides (fictional),,POS purchase,successful,yes,,,,,,ENT168308520825,405300
TXN-004539,CUS-0368,9940190302,2026-09-16 17:04,POS,debit,7800,Pharmacy Plus (fictional),,POS purchase,successful,yes,,,,,,ENT789799698840,1293500
TXN-004464,CUS-0362,9925256262,2026-09-16 17:16,WEB,debit,15000,QuickBuy Online (fictional),,Online card payment,successful,yes,,,,,,ENT879227541700,525600
TXN-001422,CUS-0117,9925219607,2026-09-16 17:35,TRANSFER,debit,50000,Uche L***l,Demo Microfinance Bank,Transfer,successful,yes,yes,,,,,ENT533476430049,540200
TXN-004001,CUS-0325,9991958539,2026-09-16 17:51,POS,debit,7800,ShopRite-like Store (fictional),,POS purchase,successful,yes,,,,,,ENT381005835229,1315700
TXN-002428,CUS-0198,9908529541,2026-09-16 18:21,POS,debit,7800,Pharmacy Plus (fictional),,POS purchase,successful,yes,,,,,,ENT696073055512,259200
TXN-002442,CUS-0199,9916644726,2026-09-16 18:41,USSD,debit,500,Airtime (fictional network),,Airtime purchase,successful,yes,,,,,,ENT610318225184,767000
TXN-001988,CUS-0162,9936876480,2026-09-16 18:48,POS,debit,1500,Market Stall POS,,POS purchase,successful,yes,,,,,,ENT765011694562,731900
TXN-004188,CUS-0341,9911918995,2026-09-16 18:50,ATM,debit,10000,ENTIN ATM,,ATM withdrawal,successful,yes,,yes,,,,ENT489381110235,185700
TXN-000369,CUS-0031,9984951838,2026-09-16 18:57,ATM,debit,10000,Other bank ATM,,ATM withdrawal,successful,yes,,no,,,,ENT724222496164,472600
TXN-001883,CUS-0154,9973621841,2026-09-16 19:14,POS,debit,45000,ShopRite-like Store (fictional),,POS purchase,successful,yes,,,,,,ENT916178066958,483000
TXN-002481,CUS-0202,9914950549,2026-09-16 19:52,TRANSFER,debit,20000,Halima D*****a,Quick Fictional Bank,Transfer,successful,yes,yes,,,,,ENT446221010195,2454500
TXN-000912,CUS-0076,9970950601,2026-09-16 20:28,TRANSFER,debit,10000,Tunde S***u,Fictional Trust Bank,Transfer,successful,yes,yes,,,,,ENT458176397704,81500
TXN-004214,CUS-0343,9922438945,2026-09-16 20:29,USSD,debit,2000,Airtime (fictional network),,Airtime purchase,successful,yes,,,,,,ENT265733977254,388500
TXN-005358,CUS-0434,9998934709,2026-09-16 20:41,USSD,debit,1000,Airtime (fictional network),,Airtime purchase,successful,yes,,,,,,ENT478561915503,371700
TXN-001577,CUS-0129,9901919652,2026-09-16 20:43,TRANSFER,debit,20000,Hauwa B****e,Sample Savings Bank,Transfer,successful,yes,yes,,,,,ENT935079480061,205500
TXN-001256,CUS-0104,9910528659,2026-09-16 21:43,POS,debit,3500,Filling Station (fictional),,POS purchase,successful,yes,,,,,,ENT892090609072,732000
TXN-003686,CUS-0298,9994675331,2026-09-16 22:08,POS,debit,3500,Filling Station (fictional),,POS purchase,successful,yes,,,,,,ENT506452074039,1689000
TXN-003704,CUS-0300,9986118151,2026-09-16 23:13,WEB,debit,2500,StreamFlix (fictional),,Online card payment,successful,yes,,,,,,ENT705849536903,494500
TXN-004315,CUS-0350,9941377678,2026-09-16 23:51,WEB,debit,4500,StreamFlix (fictional),,Online card payment,successful,yes,,,,,,ENT116182003656,1911900
TXN-002768,CUS-0224,9958085404,2026-09-17 00:24,TRANSFER,debit,5000,Mercy O******e,Fictional Trust Bank,Transfer,successful,yes,yes,,,,,ENT522625246303,2561000
TXN-004092,CUS-0333,9934134297,2026-09-17 00:36,ATM,debit,10000,Other bank ATM,,ATM withdrawal,successful,yes,,no,,,,ENT175552470572,261000
TXN-002588,CUS-0210,9911316159,2026-09-17 01:05,POS,debit,1500,ShopRite-like Store (fictional),,POS purchase,successful,yes,,,,,,ENT999715405003,2098200
TXN-003190,CUS-0257,9903889054,2026-09-17 01:26,POS,debit,1500,StreamFlix (fictional),,POS purchase,successful,yes,,,,,,ENT789084900657,1121700
TXN-001415,CUS-0116,9962245900,2026-09-17 01:34,POS,debit,45000,Market Stall POS,,POS purchase,successful,yes,,,,,,ENT770961609499,1574300
TXN-002145,CUS-0175,9903136249,2026-09-17 02:15,WEB,debit,4500,Lekki Luxury Stores,,Online card payment,successful,yes,,,,,,ENT558211039332,401500
TXN-000611,CUS-0050,9988645732,2026-09-17 02:39,POS,debit,3500,Mama Put Kitchen,,POS purchase,successful,yes,,,,,,ENT226154325020,349200
TXN-005162,CUS-0418,9975201362,2026-09-17 03:15,USSD,debit,2000,Airtime (fictional network),,Airtime purchase,successful,yes,,,,,,ENT340926967335,3559800
TXN-005631,CUS-0456,9972514839,2026-09-17 03:22,USSD,debit,5000,Airtime (fictional network),,Airtime purchase,successful,yes,,,,,,ENT921624108219,706700
TXN-001811,CUS-0148,9929634769,2026-09-17 04:10,TRANSFER,debit,5000,Bello O*****e,Sample Savings Bank,Transfer,successful,yes,yes,,,,,ENT854468358232,394200
TXN-001592,CUS-0130,9970533656,2026-09-17 04:23,USSD,debit,500,Airtime (fictional network),,Airtime purchase,successful,yes,,,,,,ENT361960138901,493000
TXN-003125,CUS-0252,9937906660,2026-09-17 04:32,WEB,debit,4500,Bolt-like Rides (fictional),,Online card payment,successful,yes,,,,,,ENT102544037024,1491800
TXN-004528,CUS-0367,9951406955,2026-09-17 04:55,ATM,debit,40000,Other bank ATM,,ATM withdrawal,successful,yes,,no,,,,ENT106025893433,2696200
TXN-004831,CUS-0391,9920137304,2026-09-17 05:11,TRANSFER,debit,10000,Blessing O***e,Fictional Trust Bank,Transfer,successful,yes,yes,,,,,ENT978487133100,854500
TXN-000469,CUS-0039,9960824456,2026-09-17 05:49,POS,debit,22000,QuickBuy Online (fictional),,POS purchase,successful,yes,,,,,,ENT157850970433,168300
TXN-006058,CUS-0490,9997818827,2026-09-17 06:56,POS,debit,22000,Lekki Luxury Stores,,POS purchase,successful,yes,,,,,,ENT663348039599,872500
TXN-004706,CUS-0382,9965825920,2026-09-17 07:00,POS,debit,1500,Lekki Luxury Stores,,POS purchase,successful,yes,,,,,,ENT535990364661,1278700
TXN-003670,CUS-0297,9929017205,2026-09-17 07:38,TRANSFER,debit,50000,Hauwa O******e,Placeholder Bank,Transfer,successful,yes,yes,,,,,ENT129998403067,1057000
TXN-004813,CUS-0390,9910397222,2026-09-17 07:38,TRANSFER,debit,35000,Halima D*****a,Quick Fictional Bank,Transfer,successful,yes,yes,,,,,ENT461061129647,536500
TXN-002980,CUS-0240,9926272745,2026-09-17 07:44,POS,debit,1500,Filling Station (fictional),,POS purchase,successful,yes,,,,,,ENT990646944506,614400
TXN-001702,CUS-0139,9928539598,2026-09-17 07:48,USSD,debit,2000,Airtime (fictional network),,Airtime purchase,successful,yes,,,,,,ENT998586740279,3214200
TXN-001773,CUS-0146,9915789794,2026-09-17 08:18,TRANSFER,debit,50000,Emeka S***u,Demo Microfinance Bank,Transfer,successful,yes,yes,,,,,ENT764004489929,410500
TXN-003960,CUS-0321,9964528363,2026-09-17 08:18,ATM,debit,10000,ENTIN ATM,,ATM withdrawal,successful,yes,,yes,,,,ENT191580640768,530100
TXN-002920,CUS-0236,9941663809,2026-09-17 08:21,POS,debit,45000,StreamFlix (fictional),,POS purchase,successful,yes,,,,,,ENT387290264240,1119400
TXN-006188,CUS-0500,9934447608,2026-09-17 08:48,POS,debit,1500,Bolt-like Rides (fictional),,POS purchase,successful,yes,,,,,,ENT724720770057,883200
TXN-005894,CUS-0477,9950606428,2026-09-17 08:53,POS,debit,22000,Bolt-like Rides (fictional),,POS purchase,successful,yes,,,,,,ENT865751132705,66000
TXN-002675,CUS-0217,9923754061,2026-09-17 09:29,POS,debit,3500,Bolt-like Rides (fictional),,POS purchase,successful,yes,,,,,,ENT992103992039,888200
TXN-003013,CUS-0242,9902208747,2026-09-17 09:32,USSD,debit,1000,Airtime (fictional network),,Airtime purchase,successful,yes,,,,,,ENT403236159461,3599100
TXN-002184,CUS-0178,9914176590,2026-09-17 09:43,POS,debit,1500,Bolt-like Rides (fictional),,POS purchase,successful,yes,,,,,,ENT341942052400,439400
TXN-002755,CUS-0223,9973866346,2026-09-17 09:55,USSD,debit,1000,Airtime (fictional network),,Airtime purchase,successful,yes,,,,,,ENT994445906037,483200
TXN-000726,CUS-0060,9906424829,2026-09-17 10:27,ATM,debit,40000,ENTIN ATM,,ATM withdrawal,successful,yes,,yes,,,,ENT691567352950,2510100
TXN-001949,CUS-0159,9941946065,2026-09-17 10:35,ATM,debit,10000,ENTIN ATM,,ATM withdrawal,successful,yes,,yes,,,,ENT270051870439,1167600
TXN-002993,CUS-0241,9968320519,2026-09-17 10:35,WEB,debit,4500,StreamFlix (fictional),,Online card payment,successful,yes,,,,,,ENT460057211901,441200
TXN-005197,CUS-0421,9917263678,2026-09-17 11:14,TRANSFER,debit,50000,Abubakar O******i,Demo Microfinance Bank,Transfer,successful,yes,yes,,,,,ENT933228063811,200000
TXN-000416,CUS-0035,9955689832,2026-09-17 11:15,WEB,debit,2500,StreamFlix (fictional),,Online card payment,successful,yes,,,,,,ENT300034477739,2340700
TXN-006130,CUS-0495,9921089129,2026-09-17 11:25,POS,debit,12500,Market Stall POS,,POS purchase,successful,yes,,,,,,ENT132368012015,1566000
TXN-000815,CUS-0068,9934217233,2026-09-17 11:26,WEB,debit,4500,Lekki Luxury Stores,,Online card payment,successful,yes,,,,,,ENT674842956201,652500
TXN-005103,CUS-0413,9988958664,2026-09-17 11:32,ATM,debit,10000,Other bank ATM,,ATM withdrawal,successful,yes,,no,,,,ENT407190908275,2520500
TXN-003699,CUS-0299,9903987204,2026-09-17 11:42,TRANSFER,debit,20000,Segun G***a,Fictional Trust Bank,Transfer,successful,yes,yes,,,,,ENT317099641381,215200
TXN-004777,CUS-0387,9916279824,2026-09-17 11:46,POS,debit,3500,Filling Station (fictional),,POS purchase,successful,yes,,,,,,ENT433511626947,2446800
TXN-003131,CUS-0252,9937906660,2026-09-17 11:49,TRANSFER,debit,10000,Ikenna O*****o,Demo Microfinance Bank,Transfer,successful,yes,yes,,,,,ENT301627754456,1481800
TXN-001746,CUS-0143,9964197110,2026-09-17 11:57,POS,debit,22000,Pharmacy Plus (fictional),,POS purchase,successful,yes,,,,,,ENT483830574310,1453200
TXN-002860,CUS-0231,9987407604,2026-09-17 12:10,ATM,debit,40000,Other bank ATM,,ATM withdrawal,successful,yes,,no,,,,ENT226823186659,220500
TXN-000448,CUS-0037,9980700159,2026-09-17 12:17,POS,debit,22000,QuickBuy Online (fictional),,POS purchase,successful,yes,,,,,,ENT519696903637,1159600
TXN-002158,CUS-0176,9948340783,2026-09-17 12:20,ATM,debit,40000,ENTIN ATM,,ATM withdrawal,successful,yes,,yes,,,,ENT277282464707,259000
TXN-005200,CUS-0421,9917263678,2026-09-17 12:20,POS,debit,12500,ShopRite-like Store (fictional),,POS purchase,successful,yes,,,,,,ENT824044224268,187500
TXN-005073,CUS-0411,9993781137,2026-09-17 12:31,TRANSFER,debit,20000,Folake A*****a,Demo Microfinance Bank,Transfer,successful,yes,yes,,,,,ENT430047089267,781500
TXN-001338,CUS-0110,9951521657,2026-09-17 12:38,WEB,debit,4500,Lekki Luxury Stores,,Online card payment,successful,yes,,,,,,ENT847463553968,2585300
TXN-005182,CUS-0420,9939184404,2026-09-17 13:00,WEB,debit,4500,QuickBuy Online (fictional),,Online card payment,successful,yes,,,,,,ENT693579880689,1025000
TXN-002626,CUS-0213,9943848714,2026-09-17 13:18,USSD,debit,500,Airtime (fictional network),,Airtime purchase,successful,yes,,,,,,ENT364925613829,736500
TXN-S03,CUS-0003,9944729405,2026-09-17 13:26,TRANSFER,debit,30000,Ifeoma E*e,Fictional Trust Bank,School fees,reversed,yes,no,,completed,,2026-09-19 13:26,ENT130370936188,324600
TXN-000607,CUS-0050,9988645732,2026-09-17 13:29,POS,debit,7800,ShopRite-like Store (fictional),,POS purchase,successful,yes,,,,,,ENT364098535427,341400
TXN-001777,CUS-0146,9915789794,2026-09-17 14:00,TRANSFER,debit,100000,Folake D*****a,Sample Savings Bank,Transfer,successful,yes,yes,,,,,ENT486109140043,310500
TXN-000878,CUS-0073,9929770579,2026-09-17 14:06,TRANSFER,debit,10000,Maryam O*****o,Sample Savings Bank,Transfer,successful,yes,yes,,,,,ENT704879125807,1174700
TXN-003174,CUS-0256,9912443952,2026-09-17 14:42,USSD,debit,1000,Airtime (fictional network),,Airtime purchase,successful,yes,,,,,,ENT334671034163,1914500
TXN-004289,CUS-0348,9968101700,2026-09-17 14:48,POS,debit,7800,Bolt-like Rides (fictional),,POS purchase,successful,yes,,,,,,ENT274188317848,1984200
TXN-005517,CUS-0447,9988158943,2026-09-17 14:48,POS,debit,22000,ShopRite-like Store (fictional),,POS purchase,successful,yes,,,,,,ENT996622678149,48200
TXN-005481,CUS-0444,9984434096,2026-09-17 15:00,ATM,debit,10000,ENTIN ATM,,ATM withdrawal,successful,yes,,yes,,,,ENT122877424770,392700
TXN-003579,CUS-0289,9944712177,2026-09-17 15:45,USSD,debit,500,Airtime (fictional network),,Airtime purchase,successful,yes,,,,,,ENT552661172335,2035500
TXN-003776,CUS-0306,9912755790,2026-09-17 15:49,POS,debit,22000,QuickBuy Online (fictional),,POS purchase,successful,yes,,,,,,ENT606118181773,350000
TXN-002203,CUS-0179,9929958470,2026-09-17 15:52,TRANSFER,debit,5000,Emeka O*****o,Fictional Trust Bank,Transfer,successful,yes,yes,,,,,ENT905535198352,186000
TXN-000160,CUS-0014,9922264686,2026-09-17 16:02,TRANSFER,debit,20000,Efe A*******i,Sample Savings Bank,Transfer,successful,yes,yes,,,,,ENT688098796390,178900
TXN-003180,CUS-0256,9912443952,2026-09-17 16:09,POS,debit,12500,QuickBuy Online (fictional),,POS purchase,successful,yes,,,,,,ENT389293118649,1902000
TXN-000652,CUS-0054,9918621076,2026-09-17 16:51,POS,debit,45000,QuickBuy Online (fictional),,POS purchase,successful,yes,,,,,,ENT303716021139,374100
TXN-004389,CUS-0356,9916389373,2026-09-17 16:58,USSD,debit,5000,Airtime (fictional network),,Airtime purchase,successful,yes,,,,,,ENT165609032533,165900
TXN-004111,CUS-0334,9962266421,2026-09-17 17:24,WEB,debit,4500,Bolt-like Rides (fictional),,Online card payment,successful,yes,,,,,,ENT863792795339,1956000
TXN-000077,CUS-0007,9977876804,2026-09-17 17:53,ATM,debit,40000,ENTIN ATM,,ATM withdrawal,successful,yes,,yes,,,,ENT260303413678,735100
TXN-003586,CUS-0290,9927406438,2026-09-17 18:09,POS,debit,7800,Lekki Luxury Stores,,POS purchase,successful,yes,,,,,,ENT280602927230,1011600
TXN-005704,CUS-0462,9959698980,2026-09-17 18:55,WEB,debit,2500,Lekki Luxury Stores,,Online card payment,successful,yes,,,,,,ENT382848638603,477000
TXN-004386,CUS-0356,9916389373,2026-09-17 19:31,WEB,debit,9900,Lekki Luxury Stores,,Online card payment,successful,yes,,,,,,ENT532669549517,156000
TXN-003658,CUS-0296,9904810740,2026-09-17 20:20,ATM,debit,40000,Other bank ATM,,ATM withdrawal,successful,yes,,no,,,,ENT503902105131,73000
TXN-002828,CUS-0229,9993322503,2026-09-17 20:22,TRANSFER,debit,35000,Tunde O****r,Demo Microfinance Bank,Transfer,successful,yes,yes,,,,,ENT713547796741,554000
TXN-003637,CUS-0294,9981044386,2026-09-17 20:39,ATM,debit,40000,Other bank ATM,,ATM withdrawal,successful,yes,,no,,,,ENT986230516698,2444000
TXN-004405,CUS-0357,9982452077,2026-09-17 20:42,POS,debit,1500,Pharmacy Plus (fictional),,POS purchase,successful,yes,,,,,,ENT360364476320,820200
TXN-000824,CUS-0068,9934217233,2026-09-17 20:58,ATM,debit,10000,ENTIN ATM,,ATM withdrawal,successful,yes,,yes,,,,ENT125872886651,642500
TXN-000695,CUS-0057,9939955156,2026-09-17 21:05,ATM,debit,10000,Other bank ATM,,ATM withdrawal,successful,yes,,no,,,,ENT306065547612,1001000
TXN-001080,CUS-0090,9945011459,2026-09-17 21:07,WEB,debit,2500,Bolt-like Rides (fictional),,Online card payment,successful,yes,,,,,,ENT363016131632,358700
TXN-001469,CUS-0120,9939956816,2026-09-17 22:11,TRANSFER,debit,5000,Tope F*****a,Quick Fictional Bank,Transfer,successful,yes,yes,,,,,ENT890732351839,1293900
TXN-004273,CUS-0347,9910644250,2026-09-17 22:13,WEB,debit,15000,StreamFlix (fictional),,Online card payment,successful,yes,,,,,,ENT864585950592,637700
TXN-000630,CUS-0052,9965013327,2026-09-17 22:16,WEB,debit,15000,StreamFlix (fictional),,Online card payment,successful,yes,,,,,,ENT632057038273,2436900
TXN-002400,CUS-0195,9911125736,2026-09-17 22:27,POS,debit,3500,QuickBuy Online (fictional),,POS purchase,successful,yes,,,,,,ENT271045423877,2433700
TXN-003434,CUS-0277,9900602652,2026-09-17 22:31,POS,debit,3500,QuickBuy Online (fictional),,POS purchase,successful,yes,,,,,,ENT323258612843,966000
TXN-004422,CUS-0359,9954494020,2026-09-17 22:37,POS,debit,12500,ShopRite-like Store (fictional),,POS purchase,successful,yes,,,,,,ENT101455571801,987700
TXN-000322,CUS-0027,9935795111,2026-09-17 22:42,POS,debit,22000,Lekki Luxury Stores,,POS purchase,successful,yes,,,,,,ENT644153064209,1120100
TXN-002289,CUS-0186,9978728285,2026-09-17 22:44,POS,debit,1500,Pharmacy Plus (fictional),,POS purchase,successful,yes,,,,,,ENT877869159337,2511500
TXN-006053,CUS-0490,9997818827,2026-09-17 22:57,WEB,debit,4500,QuickBuy Online (fictional),,Online card payment,successful,yes,,,,,,ENT548700267203,868000
TXN-000344,CUS-0029,9914497660,2026-09-17 22:58,POS,debit,3500,Filling Station (fictional),,POS purchase,successful,yes,,,,,,ENT701408192832,947600
TXN-003810,CUS-0309,9907735405,2026-09-17 22:58,TRANSFER,debit,50000,Hadiza B****e,Demo Microfinance Bank,Transfer,successful,yes,yes,,,,,ENT872742722002,1531800
TXN-002556,CUS-0207,9954079211,2026-09-17 23:01,TRANSFER,debit,35000,Idara O***e,Placeholder Bank,Transfer,successful,yes,yes,,,,,ENT603207009288,386700
TXN-001190,CUS-0098,9958025797,2026-09-17 23:10,WEB,debit,9900,Lekki Luxury Stores,,Online card payment,successful,yes,,,,,,ENT108759841273,1060300
TXN-005334,CUS-0432,9901762982,2026-09-17 23:27,POS,debit,12500,StreamFlix (fictional),,POS purchase,successful,yes,,,,,,ENT410323612438,1017000
TXN-004648,CUS-0377,9956948792,2026-09-17 23:37,POS,debit,22000,QuickBuy Online (fictional),,POS purchase,successful,yes,,,,,,ENT505002913854,463500
TXN-000547,CUS-0045,9921430490,2026-09-17 23:56,USSD,debit,2000,Airtime (fictional network),,Airtime purchase,successful,yes,,,,,,ENT345125773413,3638500
TXN-002478,CUS-0201,9915856052,2026-09-17 23:59,POS,debit,22000,QuickBuy Online (fictional),,POS purchase,successful,yes,,,,,,ENT128901300421,1321000
TXN-001278,CUS-0105,9972234888,2026-09-18 00:04,POS,debit,22000,Market Stall POS,,POS purchase,successful,yes,,,,,,ENT981755091552,520600
TXN-000468,CUS-0039,9960824456,2026-09-18 00:38,TRANSFER,debit,10000,Emmanuel B****e,Fictional Trust Bank,Transfer,successful,yes,yes,,,,,ENT285130372236,158300
TXN-001020,CUS-0085,9920987695,2026-09-18 00:59,TRANSFER,debit,5000,Obinna N***i,Quick Fictional Bank,Transfer,successful,yes,yes,,,,,ENT302449876828,754700
TXN-005733,CUS-0464,9998523750,2026-09-18 01:04,TRANSFER,debit,20000,Gerald E****g,Demo Microfinance Bank,Transfer,successful,yes,yes,,,,,ENT185418382538,187000
TXN-001035,CUS-0086,9907016929,2026-09-18 01:25,TRANSFER,debit,100000,Wale A***u,Quick Fictional Bank,Transfer,successful,yes,yes,,,,,ENT453899772833,207500
TXN-000857,CUS-0071,9903048877,2026-09-18 01:26,USSD,debit,5000,Airtime (fictional network),,Airtime purchase,successful,yes,,,,,,ENT222211041178,409500
TXN-000985,CUS-0082,9942764129,2026-09-18 01:39,USSD,debit,5000,Airtime (fictional network),,Airtime purchase,successful,yes,,,,,,ENT332464078068,724000
TXN-000681,CUS-0056,9998286408,2026-09-18 01:57,ATM,debit,40000,ENTIN ATM,,ATM withdrawal,successful,yes,,yes,,,,ENT303260726296,1132500
TXN-002534,CUS-0206,9960946297,2026-09-18 02:04,TRANSFER,debit,10000,Bukola E****m,Sample Savings Bank,Transfer,successful,yes,yes,,,,,ENT456878403510,1078500
TXN-000229,CUS-0019,9953801291,2026-09-18 02:48,POS,debit,22000,Filling Station (fictional),,POS purchase,successful,yes,,,,,,ENT123496206112,402000
TXN-001937,CUS-0158,9916441320,2026-09-18 02:49,ATM,debit,10000,Other bank ATM,,ATM withdrawal,successful,yes,,no,,,,ENT657945676510,1541600
TXN-001265,CUS-0104,9910528659,2026-09-18 02:56,POS,debit,7800,Bolt-like Rides (fictional),,POS purchase,successful,yes,,,,,,ENT632294364170,724200
TXN-003356,CUS-0271,9915845459,2026-09-18 02:57,ATM,debit,40000,Other bank ATM,,ATM withdrawal,successful,yes,,no,,,,ENT152764970618,441500
TXN-000646,CUS-0053,9916354011,2026-09-18 03:35,POS,debit,1500,Mama Put Kitchen,,POS purchase,successful,yes,,,,,,ENT167612585729,2647000
TXN-001492,CUS-0122,9920453316,2026-09-18 03:42,USSD,debit,500,Airtime (fictional network),,Airtime purchase,successful,yes,,,,,,ENT989322825111,2635700
TXN-004406,CUS-0357,9982452077,2026-09-18 03:56,USSD,debit,1000,Airtime (fictional network),,Airtime purchase,successful,yes,,,,,,ENT894117324882,819200
TXN-004987,CUS-0404,9918022090,2026-09-18 03:57,WEB,debit,4500,QuickBuy Online (fictional),,Online card payment,successful,yes,,,,,,ENT285586139637,676700
TXN-003459,CUS-0279,9955326148,2026-09-18 04:13,POS,debit,22000,Mama Put Kitchen,,POS purchase,successful,yes,,,,,,ENT776960961138,465000
TXN-001187,CUS-0098,9958025797,2026-09-18 04:26,POS,debit,12500,Bolt-like Rides (fictional),,POS purchase,successful,yes,,,,,,ENT399975136094,1047800
TXN-004235,CUS-0344,9972087668,2026-09-18 04:32,POS,debit,7800,Bolt-like Rides (fictional),,POS purchase,successful,yes,,,,,,ENT675801359440,165700
TXN-003270,CUS-0264,9910453125,2026-09-18 04:41,POS,debit,1500,Mama Put Kitchen,,POS purchase,successful,yes,,,,,,ENT353890435240,137000
TXN-000505,CUS-0042,9938560739,2026-09-18 04:53,POS,debit,1500,Market Stall POS,,POS purchase,successful,yes,,,,,,ENT821716891288,2588700
TXN-000797,CUS-0066,9915141363,2026-09-18 05:13,ATM,debit,10000,ENTIN ATM,,ATM withdrawal,successful,yes,,yes,,,,ENT140298281021,2773700
TXN-003406,CUS-0275,9916289439,2026-09-18 05:20,TRANSFER,debit,10000,Wale E**m,Quick Fictional Bank,Transfer,successful,yes,yes,,,,,ENT276309926329,337000
TXN-006059,CUS-0490,9997818827,2026-09-18 05:31,POS,debit,7800,StreamFlix (fictional),,POS purchase,successful,yes,,,,,,ENT847138900930,860200
TXN-002305,CUS-0188,9925691517,2026-09-18 05:33,POS,debit,22000,QuickBuy Online (fictional),,POS purchase,successful,yes,,,,,,ENT635909078233,1602700
TXN-001763,CUS-0145,9912117405,2026-09-18 06:09,TRANSFER,debit,35000,Joy O*******i,Quick Fictional Bank,Transfer,successful,yes,yes,,,,,ENT329797114556,1114700
TXN-000493,CUS-0041,9902520161,2026-09-18 06:13,POS,debit,22000,Lekki Luxury Stores,,POS purchase,successful,yes,,,,,,ENT361255129843,1506200
TXN-002176,CUS-0177,9940024094,2026-09-18 06:33,POS,debit,12500,Lekki Luxury Stores,,POS purchase,successful,yes,,,,,,ENT360475216780,506700
TXN-003016,CUS-0243,9951135288,2026-09-18 06:39,ATM,debit,10000,ENTIN ATM,,ATM withdrawal,successful,yes,,yes,,,,ENT539296730798,270000
TXN-005954,CUS-0482,9931572769,2026-09-18 06:57,WEB,debit,9900,StreamFlix (fictional),,Online card payment,successful,yes,,,,,,ENT537854336404,837100
TXN-004747,CUS-0385,9986616742,2026-09-18 07:09,POS,debit,3500,QuickBuy Online (fictional),,POS purchase,successful,yes,,,,,,ENT610001571234,2659400
TXN-004037,CUS-0328,9932477086,2026-09-18 07:17,USSD,debit,2000,Airtime (fictional network),,Airtime purchase,successful,yes,,,,,,ENT761187032008,2802200
TXN-004463,CUS-0362,9925256262,2026-09-18 07:23,WEB,debit,4500,StreamFlix (fictional),,Online card payment,successful,yes,,,,,,ENT656321554283,521100
TXN-001915,CUS-0157,9984980730,2026-09-18 07:46,POS,debit,7800,Bolt-like Rides (fictional),,POS purchase,successful,yes,,,,,,ENT113096992811,2010700
TXN-005123,CUS-0415,9933680819,2026-09-18 07:52,TRANSFER,debit,20000,Tunde E**m,Placeholder Bank,Transfer,successful,yes,yes,,,,,ENT534566113531,432000
TXN-003866,CUS-0313,9946277869,2026-09-18 08:06,TRANSFER,debit,50000,Chioma Y***f,Placeholder Bank,Transfer,successful,yes,yes,,,,,ENT305138198720,2324500
TXN-005928,CUS-0480,9952051483,2026-09-18 08:12,ATM,debit,20000,Other bank ATM,,ATM withdrawal,successful,yes,,no,,,,ENT643281120293,3633900
TXN-003477,CUS-0281,9984118790,2026-09-18 08:35,WEB,debit,9900,QuickBuy Online (fictional),,Online card payment,successful,yes,,,,,,ENT539381822500,297100
TXN-004497,CUS-0365,9966800555,2026-09-18 08:59,TRANSFER,debit,20000,Hadiza E****m,Demo Microfinance Bank,Transfer,successful,yes,yes,,,,,ENT475649181900,1234500
TXN-005072,CUS-0411,9993781137,2026-09-18 09:02,TRANSFER,debit,35000,Femi B****e,Demo Microfinance Bank,Transfer,successful,yes,yes,,,,,ENT492009975726,746500
TXN-004562,CUS-0370,9934238589,2026-09-18 10:07,TRANSFER,debit,20000,Efe N***u,Quick Fictional Bank,Transfer,successful,yes,yes,,,,,ENT252847331107,1248700
TXN-005779,CUS-0468,9916264223,2026-09-18 10:09,USSD,debit,2000,Airtime (fictional network),,Airtime purchase,successful,yes,,,,,,ENT883227899677,1446200
TXN-S31D,CUS-0031,9984951838,2026-09-18 10:26,TRANSFER,debit,20000,Nneka C****u,Fictional Trust Bank,Upkeep,successful,yes,yes,,,,,ENT920305833838,452600
TXN-006114,CUS-0494,9961232402,2026-09-18 10:42,TRANSFER,debit,10000,Grace O*****o,Fictional Trust Bank,Transfer,successful,yes,yes,,,,,ENT493165476285,340500
TXN-001154,CUS-0095,9966981433,2026-09-18 10:45,TRANSFER,debit,20000,Blessing E**m,Sample Savings Bank,Transfer,successful,yes,yes,,,,,ENT971454234798,508200
TXN-001919,CUS-0157,9984980730,2026-09-18 10:56,TRANSFER,debit,50000,Dayo I*e,Demo Microfinance Bank,Transfer,successful,yes,yes,,,,,ENT242148439039,1960700
TXN-005270,CUS-0427,9914290139,2026-09-18 10:57,TRANSFER,debit,10000,Gerald A***n,Placeholder Bank,Transfer,successful,yes,yes,,,,,ENT284876191067,727500
TXN-004707,CUS-0382,9965825920,2026-09-18 11:33,TRANSFER,debit,50000,Chiamaka O******i,Demo Microfinance Bank,Transfer,successful,yes,yes,,,,,ENT914327372127,1228700
TXN-005896,CUS-0477,9950606428,2026-09-18 11:51,ATM,debit,10000,Other bank ATM,,ATM withdrawal,successful,yes,,no,,,,ENT962193970900,56000
TXN-001648,CUS-0135,9907512280,2026-09-18 12:10,POS,debit,1500,QuickBuy Online (fictional),,POS purchase,successful,yes,,,,,,ENT621571121706,806000
TXN-001174,CUS-0097,9961807567,2026-09-18 12:22,TRANSFER,debit,35000,Ese O******e,Fictional Trust Bank,Transfer,successful,yes,yes,,,,,ENT749157175120,2526700
TXN-004051,CUS-0329,9953759147,2026-09-18 12:54,WEB,debit,15000,StreamFlix (fictional),,Online card payment,successful,yes,,,,,,ENT271526205310,116100
TXN-000758,CUS-0063,9948085347,2026-09-18 13:57,POS,debit,7800,StreamFlix (fictional),,POS purchase,successful,yes,,,,,,ENT799996724646,265700
TXN-005883,CUS-0476,9990474627,2026-09-18 14:15,TRANSFER,debit,100000,Adaeze A*****a,Demo Microfinance Bank,Transfer,successful,yes,yes,,,,,ENT147254973739,2936800
TXN-004732,CUS-0384,9978462464,2026-09-18 14:23,POS,debit,45000,Market Stall POS,,POS purchase,successful,yes,,,,,,ENT835871020166,461500
TXN-001503,CUS-0123,9961205593,2026-09-18 15:18,TRANSFER,debit,100000,Segun O******i,Sample Savings Bank,Transfer,successful,yes,yes,,,,,ENT600683886845,260200
TXN-002315,CUS-0189,9908672820,2026-09-18 15:21,USSD,debit,2000,Airtime (fictional network),,Airtime purchase,successful,yes,,,,,,ENT496381275064,269700
TXN-003204,CUS-0258,9911119929,2026-09-18 15:38,POS,debit,45000,QuickBuy Online (fictional),,POS purchase,successful,yes,,,,,,ENT182975417144,1596700
TXN-000370,CUS-0031,9984951838,2026-09-18 15:40,USSD,debit,1000,Airtime (fictional network),,Airtime purchase,successful,yes,,,,,,ENT758176295656,451600
TXN-002858,CUS-0231,9987407604,2026-09-18 16:17,POS,debit,7800,Lekki Luxury Stores,,POS purchase,successful,yes,,,,,,ENT122407125540,212700
TXN-004465,CUS-0362,9925256262,2026-09-18 16:34,TRANSFER,debit,100000,Usman I**e,Demo Microfinance Bank,Transfer,successful,yes,yes,,,,,ENT569463872741,421100
TXN-000676,CUS-0056,9998286408,2026-09-18 16:57,POS,debit,3500,Mama Put Kitchen,,POS purchase,successful,yes,,,,,,ENT245390571208,1129000
TXN-000234,CUS-0020,9969256663,2026-09-18 17:02,TRANSFER,debit,5000,Rukayya O*u,Placeholder Bank,Transfer,successful,yes,yes,,,,,ENT833755708623,3583300
TXN-003256,CUS-0263,9950345134,2026-09-18 17:04,POS,debit,45000,Lekki Luxury Stores,,POS purchase,successful,yes,,,,,,ENT492630457663,179500
TXN-006115,CUS-0494,9961232402,2026-09-18 17:09,TRANSFER,debit,20000,Ngozi S****i,Placeholder Bank,Transfer,successful,yes,yes,,,,,ENT756846330051,320500
TXN-004475,CUS-0363,9914265763,2026-09-18 17:28,TRANSFER,debit,5000,Adebayo O******i,Demo Microfinance Bank,Transfer,successful,yes,yes,,,,,ENT836936420199,2624100
TXN-000355,CUS-0030,9925996775,2026-09-18 17:43,TRANSFER,debit,10000,Tunde O*******i,Demo Microfinance Bank,Transfer,successful,yes,yes,,,,,ENT584190908616,75000
TXN-003091,CUS-0249,9911871482,2026-09-18 17:44,POS,debit,12500,Lekki Luxury Stores,,POS purchase,successful,yes,,,,,,ENT404956076906,193000
TXN-003435,CUS-0277,9900602652,2026-09-18 17:52,POS,debit,3500,QuickBuy Online (fictional),,POS purchase,successful,yes,,,,,,ENT379568042601,962500
TXN-005470,CUS-0443,9932469947,2026-09-18 17:58,TRANSFER,debit,20000,Abubakar A*****i,Fictional Trust Bank,Transfer,successful,yes,yes,,,,,ENT901400897124,40500
TXN-003284,CUS-0265,9913982658,2026-09-18 18:40,TRANSFER,debit,5000,Amaka O*****o,Fictional Trust Bank,Transfer,successful,yes,yes,,,,,ENT206387936035,336700
TXN-005873,CUS-0475,9942169114,2026-09-18 18:44,ATM,debit,20000,ENTIN ATM,,ATM withdrawal,successful,yes,,yes,,,,ENT318527353801,371600
TXN-003427,CUS-0276,9997590170,2026-09-18 19:36,TRANSFER,debit,100000,Adebayo E****g,Demo Microfinance Bank,Transfer,successful,yes,yes,,,,,ENT754175964954,74500
TXN-004300,CUS-0349,9918348045,2026-09-18 19:38,ATM,debit,10000,ENTIN ATM,,ATM withdrawal,successful,yes,,yes,,,,ENT886603425874,461500
TXN-000063,CUS-0005,9919672731,2026-09-18 19:42,USSD,debit,2000,Airtime (fictional network),,Airtime purchase,successful,yes,,,,,,ENT218812808824,1149000
TXN-004906,CUS-0397,9939504343,2026-09-18 20:04,ATM,debit,40000,Other bank ATM,,ATM withdrawal,successful,yes,,no,,,,ENT848731908176,2440400
TXN-000920,CUS-0076,9970950601,2026-09-18 20:06,TRANSFER,debit,50000,Mercy S****i,Sample Savings Bank,Transfer,successful,yes,yes,,,,,ENT643747548384,31500
TXN-002496,CUS-0203,9911235217,2026-09-18 20:06,USSD,debit,5000,Airtime (fictional network),,Airtime purchase,successful,yes,,,,,,ENT577888777701,34500
TXN-003104,CUS-0250,9922213933,2026-09-18 20:10,TRANSFER,debit,5000,Ese N***i,Sample Savings Bank,Transfer,successful,yes,yes,,,,,ENT680878450681,525500
TXN-000490,CUS-0041,9902520161,2026-09-18 20:18,WEB,debit,15000,Lekki Luxury Stores,,Online card payment,successful,yes,,,,,,ENT275264443694,1491200
TXN-004867,CUS-0394,9948693005,2026-09-18 21:25,POS,debit,12500,Mama Put Kitchen,,POS purchase,successful,yes,,,,,,ENT761529512924,464200
TXN-000354,CUS-0030,9925996775,2026-09-18 21:26,ATM,debit,20000,ENTIN ATM,,ATM withdrawal,successful,yes,,yes,,,,ENT860144004484,55000
TXN-003746,CUS-0303,9914192446,2026-09-18 21:28,POS,debit,45000,Market Stall POS,,POS purchase,successful,yes,,,,,,ENT990530121868,2862500
TXN-001098,CUS-0091,9981013315,2026-09-18 21:57,ATM,debit,40000,Other bank ATM,,ATM withdrawal,successful,yes,,no,,,,ENT781164321720,1114000
TXN-003747,CUS-0303,9914192446,2026-09-18 22:01,POS,debit,7800,Pharmacy Plus (fictional),,POS purchase,successful,yes,,,,,,ENT739917393668,2854700
TXN-005719,CUS-0463,9930718439,2026-09-18 22:35,POS,debit,45000,QuickBuy Online (fictional),,POS purchase,successful,yes,,,,,,ENT590789880118,626200
TXN-004937,CUS-0400,9927020003,2026-09-18 22:41,POS,debit,45000,Mama Put Kitchen,,POS purchase,successful,yes,,,,,,ENT332493579882,320000
TXN-001975,CUS-0161,9950062013,2026-09-18 22:50,USSD,debit,2000,Airtime (fictional network),,Airtime purchase,successful,yes,,,,,,ENT393809855439,2396000
TXN-005597,CUS-0453,9912705740,2026-09-18 23:07,POS,debit,45000,Mama Put Kitchen,,POS purchase,successful,yes,,,,,,ENT351086913188,1035700
TXN-002684,CUS-0218,9910818187,2026-09-19 00:03,ATM,debit,40000,ENTIN ATM,,ATM withdrawal,successful,yes,,yes,,,,ENT380159141797,1174500
TXN-002408,CUS-0196,9967074401,2026-09-19 00:37,TRANSFER,debit,10000,Hauwa O****r,Fictional Trust Bank,Transfer,successful,yes,yes,,,,,ENT389730687237,245000
TXN-002354,CUS-0192,9988642115,2026-09-19 00:42,POS,debit,7800,Pharmacy Plus (fictional),,POS purchase,successful,yes,,,,,,ENT131091859278,1114400
TXN-001476,CUS-0121,9910108102,2026-09-19 00:43,WEB,debit,9900,Bolt-like Rides (fictional),,Online card payment,successful,yes,,,,,,ENT102282451411,963300
TXN-004356,CUS-0354,9973080669,2026-09-19 01:02,POS,debit,22000,ShopRite-like Store (fictional),,POS purchase,successful,yes,,,,,,ENT558886847819,60200
TXN-000211,CUS-0018,9946450604,2026-09-19 01:21,USSD,debit,500,Airtime (fictional network),,Airtime purchase,successful,yes,,,,,,ENT405716668614,170000
TXN-005511,CUS-0447,9988158943,2026-09-19 01:42,WEB,debit,4500,QuickBuy Online (fictional),,Online card payment,successful,yes,,,,,,ENT615837980221,43700
TXN-001934,CUS-0158,9916441320,2026-09-19 02:57,USSD,debit,1000,Airtime (fictional network),,Airtime purchase,successful,yes,,,,,,ENT885744904968,1540600
TXN-000529,CUS-0044,9933042845,2026-09-19 03:03,TRANSFER,debit,5000,Godwin O*****o,Demo Microfinance Bank,Transfer,successful,yes,yes,,,,,ENT778351221069,983100
TXN-001177,CUS-0097,9961807567,2026-09-19 03:18,USSD,debit,1000,Airtime (fictional network),,Airtime purchase,successful,yes,,,,,,ENT558842333993,2525700
TXN-000024,CUS-0002,9917075364,2026-09-19 03:57,POS,debit,3500,Pharmacy Plus (fictional),,POS purchase,successful,yes,,,,,,ENT623705637307,1376000
TXN-005356,CUS-0434,9998934709,2026-09-19 04:34,POS,debit,1500,StreamFlix (fictional),,POS purchase,successful,yes,,,,,,ENT829968151730,370200
TXN-002306,CUS-0188,9925691517,2026-09-19 04:42,POS,debit,7800,Pharmacy Plus (fictional),,POS purchase,successful,yes,,,,,,ENT980780228057,1594900
TXN-001554,CUS-0127,9911211684,2026-09-19 04:43,USSD,debit,5000,Airtime (fictional network),,Airtime purchase,successful,yes,,,,,,ENT517126332619,516500
TXN-005294,CUS-0429,9962754614,2026-09-19 04:52,USSD,debit,5000,Airtime (fictional network),,Airtime purchase,successful,yes,,,,,,ENT327347599996,1108100
TXN-000928,CUS-0077,9956378276,2026-09-19 05:50,TRANSFER,debit,50000,Ebere O***o,Placeholder Bank,Transfer,successful,yes,yes,,,,,ENT163934935852,427500
TXN-005264,CUS-0427,9914290139,2026-09-19 06:42,POS,debit,12500,Bolt-like Rides (fictional),,POS purchase,successful,yes,,,,,,ENT265284502510,715000
TXN-S31C,CUS-0031,9984951838,2026-09-19 11:26,TRANSFER,debit,25000,Nneka C****u,Fictional Trust Bank,Upkeep,successful,yes,yes,,,,,ENT228617736403,426600
TXN-S31B,CUS-0031,9984951838,2026-09-19 12:26,TRANSFER,debit,20000,Nneka C****u,Fictional Trust Bank,Upkeep,successful,yes,yes,,,,,ENT147027322307,406600
TXN-S32,CUS-0032,9941968982,2026-09-19 13:26,POS,debit,150000,Lekki Luxury Stores,,POS purchase,successful,yes,,,,,,ENT109183971797,2401300
TXN-S06,CUS-0006,9988766344,2026-09-20 07:26,ATM,debit,20000,Other bank ATM (Sample Savings Bank),,ATM withdrawal - no cash dispensed,successful,yes,,no,,,,ENT967351996626,947600
TXN-S07A,CUS-0007,9977876804,2026-09-20 11:26,POS,debit,12500,Mama Put Kitchen Ikeja,,POS purchase,successful,yes,,,,,,ENT650040132139,722600
TXN-S24,CUS-0024,9988281126,2026-09-20 11:26,TRANSFER,debit,2500000,Okoro Holdings L**,Fictional Trust Bank,Supplier payment,pending,yes,no,,,,,ENT691805979715,34300
TXN-S07B,CUS-0007,9977876804,2026-09-20 11:27,POS,debit,12500,Mama Put Kitchen Ikeja,,POS purchase,successful,yes,,,,,,ENT854509990748,710100
TXN-S31A,CUS-0031,9984951838,2026-09-20 13:26,TRANSFER,debit,20000,Nneka C****u,Fictional Trust Bank,Upkeep,successful,yes,yes,,,,,ENT999929040770,386600
TXN-S37,CUS-0037,9980700159,2026-09-20 16:05,WEB,debit,70000,QuickBuy Online (fictional),,Online card payment,successful,yes,,,,,,ENT293589043754,1089600
TXN-S01,CUS-0001,9913998698,2026-09-20 17:26,TRANSFER,debit,45000,Chioma O***r,Fictional Trust Bank,Transfer to Chioma,pending,yes,no,,,,,ENT952075132083,251500
TXN-S12A,CUS-0012,9975177992,2026-09-21 04:26,WEB,debit,49500,ShopGlobal Online (fictional),,Online card payment,successful,yes,,,,,,ENT621995883104,2460200
TXN-S12B,CUS-0012,9975177992,2026-09-21 04:30,WEB,debit,49500,ShopGlobal Online (fictional),,Online card payment,successful,yes,,,,,,ENT231895957273,2410700
TXN-S12C,CUS-0012,9975177992,2026-09-21 04:34,WEB,debit,49500,ShopGlobal Online (fictional),,Online card payment,successful,yes,,,,,,ENT824150692710,2361200
TXN-S19,CUS-0019,9953801291,2026-09-21 08:26,TRANSFER,debit,80000,Unknown R*******t,Quick Fictional Bank,Refund processing,successful,yes,yes,,,,,ENT596871841602,322000
TXN-S02,CUS-0002,9917075364,2026-09-21 10:26,TRANSFER,debit,12000,Kunle B****e,Demo Microfinance Bank,Rent part,failed,no,no,,,,,ENT976878922073,1376000
TXN-S05,CUS-0005,9919672731,2026-09-21 13:06,TRANSFER,debit,15000,Obi N***u,Fictional Trust Bank,Transfer,pending,yes,,,,,,ENT446627442778,1134000
